docid	title	source	license	notes
cfr30-1.1	1.1 Official emblem.	https://www.ecfr.gov/on/2026-10-01/title-30/section-1.1	us-gov-public-domain	30 CFR 1.1; PART 1 - MINE SAFETY AND HEALTH ADMINISTRATION; ESTABLISHMENT AND USE OF OFFICIAL EMBLEM; eCFR as of 2026-10-01
cfr30-1.2	1.2 Description.	https://www.ecfr.gov/on/2026-10-01/title-30/section-1.2	us-gov-public-domain	30 CFR 1.2; PART 1 - MINE SAFETY AND HEALTH ADMINISTRATION; ESTABLISHMENT AND USE OF OFFICIAL EMBLEM; eCFR as of 2026-10-01
cfr30-1.3	1.3 Use of letters and acronym MSHA.	https://www.ecfr.gov/on/2026-10-01/title-30/section-1.3	us-gov-public-domain	30 CFR 1.3; PART 1 - MINE SAFETY AND HEALTH ADMINISTRATION; ESTABLISHMENT AND USE OF OFFICIAL EMBLEM; eCFR as of 2026-10-01
cfr30-3.1	3.1 OMB control numbers.	https://www.ecfr.gov/on/2026-10-01/title-30/section-3.1	us-gov-public-domain	30 CFR 3.1; PART 3 - OMB CONTROL NUMBERS UNDER THE PAPERWORK REDUCTION ACT; eCFR as of 2026-10-01
cfr30-5.10	5.10 Purpose and scope.	https://www.ecfr.gov/on/2026-10-01/title-30/section-5.10	us-gov-public-domain	30 CFR 5.10; PART 5 - FEES FOR TESTING, EVALUATION, AND APPROVAL OF MINING PRODUCTS; eCFR as of 2026-10-01
cfr30-5.30	5.30 Fee calculation.	https://www.ecfr.gov/on/2026-10-01/title-30/section-5.30	us-gov-public-domain	30 CFR 5.30; PART 5 - FEES FOR TESTING, EVALUATION, AND APPROVAL OF MINING PRODUCTS; eCFR as of 2026-10-01
cfr30-5.40	5.40 Fee administration.	https://www.ecfr.gov/on/2026-10-01/title-30/section-5.40	us-gov-public-domain	30 CFR 5.40; PART 5 - FEES FOR TESTING, EVALUATION, AND APPROVAL OF MINING PRODUCTS; eCFR as of 2026-10-01
cfr30-5.50	5.50 Fee revisions.	https://www.ecfr.gov/on/2026-10-01/title-30/section-5.50	us-gov-public-domain	30 CFR 5.50; PART 5 - FEES FOR TESTING, EVALUATION, AND APPROVAL OF MINING PRODUCTS; eCFR as of 2026-10-01
cfr30-6.1	6.1 Purpose and effective date.	https://www.ecfr.gov/on/2026-10-01/title-30/section-6.1	us-gov-public-domain	30 CFR 6.1; PART 6 - TESTING AND EVALUATION BY INDEPENDENT LABORATORIES AND NON-MSHA PRODUCT SAFETY STANDARDS; eCFR as of 2026-10-01
cfr30-6.2	6.2 Definitions.	https://www.ecfr.gov/on/2026-10-01/title-30/section-6.2	us-gov-public-domain	30 CFR 6.2; PART 6 - TESTING AND EVALUATION BY INDEPENDENT LABORATORIES AND NON-MSHA PRODUCT SAFETY STANDARDS; eCFR as of 2026-10-01
cfr30-6.10	6.10 Use of independent laboratories.	https://www.ecfr.gov/on/2026-10-01/title-30/section-6.10	us-gov-public-domain	30 CFR 6.10; PART 6 - TESTING AND EVALUATION BY INDEPENDENT LABORATORIES AND NON-MSHA PRODUCT SAFETY STANDARDS; eCFR as of 2026-10-01
cfr30-6.20	6.20 MSHA acceptance of equivalent non-MSHA product safety standards.	https://www.ecfr.gov/on/2026-10-01/title-30/section-6.20	us-gov-public-domain	30 CFR 6.20; PART 6 - TESTING AND EVALUATION BY INDEPENDENT LABORATORIES AND NON-MSHA PRODUCT SAFETY STANDARDS; eCFR as of 2026-10-01
cfr30-6.30	6.30 MSHA listing of equivalent non-MSHA product safety standards.	https://www.ecfr.gov/on/2026-10-01/title-30/section-6.30	us-gov-public-domain	30 CFR 6.30; PART 6 - TESTING AND EVALUATION BY INDEPENDENT LABORATORIES AND NON-MSHA PRODUCT SAFETY STANDARDS; eCFR as of 2026-10-01
cfr30-7.1	7.1 Purpose and scope.	https://www.ecfr.gov/on/2026-10-01/title-30/section-7.1	us-gov-public-domain	30 CFR 7.1; PART 7 - TESTING BY APPLICANT OR THIRD PARTY; Subpart A - General; eCFR as of 2026-10-01
cfr30-7.2	7.2 Definitions.	https://www.ecfr.gov/on/2026-10-01/title-30/section-7.2	us-gov-public-domain	30 CFR 7.2; PART 7 - TESTING BY APPLICANT OR THIRD PARTY; Subpart A - General; eCFR as of 2026-10-01
cfr30-7.3	7.3 Application procedures and requirements.	https://www.ecfr.gov/on/2026-10-01/title-30/section-7.3	us-gov-public-domain	30 CFR 7.3; PART 7 - TESTING BY APPLICANT OR THIRD PARTY; Subpart A - General; eCFR as of 2026-10-01
cfr30-7.4	7.4 Product testing.	https://www.ecfr.gov/on/2026-10-01/title-30/section-7.4	us-gov-public-domain	30 CFR 7.4; PART 7 - TESTING BY APPLICANT OR THIRD PARTY; Subpart A - General; eCFR as of 2026-10-01
cfr30-7.5	7.5 Issuance of approval.	https://www.ecfr.gov/on/2026-10-01/title-30/section-7.5	us-gov-public-domain	30 CFR 7.5; PART 7 - TESTING BY APPLICANT OR THIRD PARTY; Subpart A - General; eCFR as of 2026-10-01
cfr30-7.6	7.6 Approval marking and distribution record.	https://www.ecfr.gov/on/2026-10-01/title-30/section-7.6	us-gov-public-domain	30 CFR 7.6; PART 7 - TESTING BY APPLICANT OR THIRD PARTY; Subpart A - General; eCFR as of 2026-10-01
cfr30-7.7	7.7 Quality assurance.	https://www.ecfr.gov/on/2026-10-01/title-30/section-7.7	us-gov-public-domain	30 CFR 7.7; PART 7 - TESTING BY APPLICANT OR THIRD PARTY; Subpart A - General; eCFR as of 2026-10-01
cfr30-7.8	7.8 Post-approval product audit.	https://www.ecfr.gov/on/2026-10-01/title-30/section-7.8	us-gov-public-domain	30 CFR 7.8; PART 7 - TESTING BY APPLICANT OR THIRD PARTY; Subpart A - General; eCFR as of 2026-10-01
cfr30-7.9	7.9 Revocation.	https://www.ecfr.gov/on/2026-10-01/title-30/section-7.9	us-gov-public-domain	30 CFR 7.9; PART 7 - TESTING BY APPLICANT OR THIRD PARTY; Subpart A - General; eCFR as of 2026-10-01
cfr30-7.10	7.10 MSHA acceptance of equivalent non-MSHA product safety standards.	https://www.ecfr.gov/on/2026-10-01/title-30/section-7.10	us-gov-public-domain	30 CFR 7.10; PART 7 - TESTING BY APPLICANT OR THIRD PARTY; Subpart A - General; eCFR as of 2026-10-01
cfr30-7.21	7.21 Purpose and effective date.	https://www.ecfr.gov/on/2026-10-01/title-30/section-7.21	us-gov-public-domain	30 CFR 7.21; PART 7 - TESTING BY APPLICANT OR THIRD PARTY; Subpart B - Brattice Cloth and Ventilation Tubing; eCFR as of 2026-10-01
cfr30-7.22	7.22 Definitions.	https://www.ecfr.gov/on/2026-10-01/title-30/section-7.22	us-gov-public-domain	30 CFR 7.22; PART 7 - TESTING BY APPLICANT OR THIRD PARTY; Subpart B - Brattice Cloth and Ventilation Tubing; eCFR as of 2026-10-01
cfr30-7.23	7.23 Application requirements.	https://www.ecfr.gov/on/2026-10-01/title-30/section-7.23	us-gov-public-domain	30 CFR 7.23; PART 7 - TESTING BY APPLICANT OR THIRD PARTY; Subpart B - Brattice Cloth and Ventilation Tubing; eCFR as of 2026-10-01
cfr30-7.24	7.24 Technical requirements.	https://www.ecfr.gov/on/2026-10-01/title-30/section-7.24	us-gov-public-domain	30 CFR 7.24; PART 7 - TESTING BY APPLICANT OR THIRD PARTY; Subpart B - Brattice Cloth and Ventilation Tubing; eCFR as of 2026-10-01
cfr30-7.25	7.25 Critical characteristics.	https://www.ecfr.gov/on/2026-10-01/title-30/section-7.25	us-gov-public-domain	30 CFR 7.25; PART 7 - TESTING BY APPLICANT OR THIRD PARTY; Subpart B - Brattice Cloth and Ventilation Tubing; eCFR as of 2026-10-01
cfr30-7.26	7.26 Flame test apparatus.	https://www.ecfr.gov/on/2026-10-01/title-30/section-7.26	us-gov-public-domain	30 CFR 7.26; PART 7 - TESTING BY APPLICANT OR THIRD PARTY; Subpart B - Brattice Cloth and Ventilation Tubing; eCFR as of 2026-10-01
cfr30-7.27	7.27 Test for flame resistance of brattice cloth.	https://www.ecfr.gov/on/2026-10-01/title-30/section-7.27	us-gov-public-domain	30 CFR 7.27; PART 7 - TESTING BY APPLICANT OR THIRD PARTY; Subpart B - Brattice Cloth and Ventilation Tubing; eCFR as of 2026-10-01
cfr30-7.28	7.28 Test for flame resistance of rigid ventilation tubing.	https://www.ecfr.gov/on/2026-10-01/title-30/section-7.28	us-gov-public-domain	30 CFR 7.28; PART 7 - TESTING BY APPLICANT OR THIRD PARTY; Subpart B - Brattice Cloth and Ventilation Tubing; eCFR as of 2026-10-01
cfr30-7.29	7.29 Approval marking.	https://www.ecfr.gov/on/2026-10-01/title-30/section-7.29	us-gov-public-domain	30 CFR 7.29; PART 7 - TESTING BY APPLICANT OR THIRD PARTY; Subpart B - Brattice Cloth and Ventilation Tubing; eCFR as of 2026-10-01
cfr30-7.30	7.30 Post-approval product audit.	https://www.ecfr.gov/on/2026-10-01/title-30/section-7.30	us-gov-public-domain	30 CFR 7.30; PART 7 - TESTING BY APPLICANT OR THIRD PARTY; Subpart B - Brattice Cloth and Ventilation Tubing; eCFR as of 2026-10-01
cfr30-7.31	7.31 New technology.	https://www.ecfr.gov/on/2026-10-01/title-30/section-7.31	us-gov-public-domain	30 CFR 7.31; PART 7 - TESTING BY APPLICANT OR THIRD PARTY; Subpart B - Brattice Cloth and Ventilation Tubing; eCFR as of 2026-10-01
cfr30-7.41	7.41 Purpose and effective date.	https://www.ecfr.gov/on/2026-10-01/title-30/section-7.41	us-gov-public-domain	30 CFR 7.41; PART 7 - TESTING BY APPLICANT OR THIRD PARTY; Subpart C - Battery Assemblies; eCFR as of 2026-10-01
cfr30-7.42	7.42 Definitions.	https://www.ecfr.gov/on/2026-10-01/title-30/section-7.42	us-gov-public-domain	30 CFR 7.42; PART 7 - TESTING BY APPLICANT OR THIRD PARTY; Subpart C - Battery Assemblies; eCFR as of 2026-10-01
cfr30-7.43	7.43 Application requirements.	https://www.ecfr.gov/on/2026-10-01/title-30/section-7.43	us-gov-public-domain	30 CFR 7.43; PART 7 - TESTING BY APPLICANT OR THIRD PARTY; Subpart C - Battery Assemblies; eCFR as of 2026-10-01
cfr30-7.44	7.44 Technical requirements.	https://www.ecfr.gov/on/2026-10-01/title-30/section-7.44	us-gov-public-domain	30 CFR 7.44; PART 7 - TESTING BY APPLICANT OR THIRD PARTY; Subpart C - Battery Assemblies; eCFR as of 2026-10-01
cfr30-7.45	7.45 Critical characteristics	https://www.ecfr.gov/on/2026-10-01/title-30/section-7.45	us-gov-public-domain	30 CFR 7.45; PART 7 - TESTING BY APPLICANT OR THIRD PARTY; Subpart C - Battery Assemblies; eCFR as of 2026-10-01
cfr30-7.46	7.46 Impact test.	https://www.ecfr.gov/on/2026-10-01/title-30/section-7.46	us-gov-public-domain	30 CFR 7.46; PART 7 - TESTING BY APPLICANT OR THIRD PARTY; Subpart C - Battery Assemblies; eCFR as of 2026-10-01
cfr30-7.47	7.47 Deflection temperature test.	https://www.ecfr.gov/on/2026-10-01/title-30/section-7.47	us-gov-public-domain	30 CFR 7.47; PART 7 - TESTING BY APPLICANT OR THIRD PARTY; Subpart C - Battery Assemblies; eCFR as of 2026-10-01
cfr30-7.48	7.48 Acid resistance test.	https://www.ecfr.gov/on/2026-10-01/title-30/section-7.48	us-gov-public-domain	30 CFR 7.48; PART 7 - TESTING BY APPLICANT OR THIRD PARTY; Subpart C - Battery Assemblies; eCFR as of 2026-10-01
cfr30-7.49	7.49 Approval marking.	https://www.ecfr.gov/on/2026-10-01/title-30/section-7.49	us-gov-public-domain	30 CFR 7.49; PART 7 - TESTING BY APPLICANT OR THIRD PARTY; Subpart C - Battery Assemblies; eCFR as of 2026-10-01
cfr30-7.50	7.50 Post-approval product audit.	https://www.ecfr.gov/on/2026-10-01/title-30/section-7.50	us-gov-public-domain	30 CFR 7.50; PART 7 - TESTING BY APPLICANT OR THIRD PARTY; Subpart C - Battery Assemblies; eCFR as of 2026-10-01
cfr30-7.51	7.51 Approval checklist.	https://www.ecfr.gov/on/2026-10-01/title-30/section-7.51	us-gov-public-domain	30 CFR 7.51; PART 7 - TESTING BY APPLICANT OR THIRD PARTY; Subpart C - Battery Assemblies; eCFR as of 2026-10-01
cfr30-7.52	7.52 New technology.	https://www.ecfr.gov/on/2026-10-01/title-30/section-7.52	us-gov-public-domain	30 CFR 7.52; PART 7 - TESTING BY APPLICANT OR THIRD PARTY; Subpart C - Battery Assemblies; eCFR as of 2026-10-01
cfr30-7.61	7.61 Purpose and effective date.	https://www.ecfr.gov/on/2026-10-01/title-30/section-7.61	us-gov-public-domain	30 CFR 7.61; PART 7 - TESTING BY APPLICANT OR THIRD PARTY; Subpart D - Multiple-Shot Blasting Units; eCFR as of 2026-10-01
cfr30-7.62	7.62 Definitions.	https://www.ecfr.gov/on/2026-10-01/title-30/section-7.62	us-gov-public-domain	30 CFR 7.62; PART 7 - TESTING BY APPLICANT OR THIRD PARTY; Subpart D - Multiple-Shot Blasting Units; eCFR as of 2026-10-01
cfr30-7.63	7.63 Application requirements.	https://www.ecfr.gov/on/2026-10-01/title-30/section-7.63	us-gov-public-domain	30 CFR 7.63; PART 7 - TESTING BY APPLICANT OR THIRD PARTY; Subpart D - Multiple-Shot Blasting Units; eCFR as of 2026-10-01
cfr30-7.64	7.64 Technical requirements.	https://www.ecfr.gov/on/2026-10-01/title-30/section-7.64	us-gov-public-domain	30 CFR 7.64; PART 7 - TESTING BY APPLICANT OR THIRD PARTY; Subpart D - Multiple-Shot Blasting Units; eCFR as of 2026-10-01
cfr30-7.65	7.65 Critical characteristics.	https://www.ecfr.gov/on/2026-10-01/title-30/section-7.65	us-gov-public-domain	30 CFR 7.65; PART 7 - TESTING BY APPLICANT OR THIRD PARTY; Subpart D - Multiple-Shot Blasting Units; eCFR as of 2026-10-01
cfr30-7.66	7.66 Output energy test.	https://www.ecfr.gov/on/2026-10-01/title-30/section-7.66	us-gov-public-domain	30 CFR 7.66; PART 7 - TESTING BY APPLICANT OR THIRD PARTY; Subpart D - Multiple-Shot Blasting Units; eCFR as of 2026-10-01
cfr30-7.67	7.67 Construction test.	https://www.ecfr.gov/on/2026-10-01/title-30/section-7.67	us-gov-public-domain	30 CFR 7.67; PART 7 - TESTING BY APPLICANT OR THIRD PARTY; Subpart D - Multiple-Shot Blasting Units; eCFR as of 2026-10-01
cfr30-7.68	7.68 Firing line terminals test.	https://www.ecfr.gov/on/2026-10-01/title-30/section-7.68	us-gov-public-domain	30 CFR 7.68; PART 7 - TESTING BY APPLICANT OR THIRD PARTY; Subpart D - Multiple-Shot Blasting Units; eCFR as of 2026-10-01
cfr30-7.69	7.69 Approval marking.	https://www.ecfr.gov/on/2026-10-01/title-30/section-7.69	us-gov-public-domain	30 CFR 7.69; PART 7 - TESTING BY APPLICANT OR THIRD PARTY; Subpart D - Multiple-Shot Blasting Units; eCFR as of 2026-10-01
cfr30-7.70	7.70 Post-approval product audit.	https://www.ecfr.gov/on/2026-10-01/title-30/section-7.70	us-gov-public-domain	30 CFR 7.70; PART 7 - TESTING BY APPLICANT OR THIRD PARTY; Subpart D - Multiple-Shot Blasting Units; eCFR as of 2026-10-01
cfr30-7.71	7.71 Approval checklist.	https://www.ecfr.gov/on/2026-10-01/title-30/section-7.71	us-gov-public-domain	30 CFR 7.71; PART 7 - TESTING BY APPLICANT OR THIRD PARTY; Subpart D - Multiple-Shot Blasting Units; eCFR as of 2026-10-01
cfr30-7.72	7.72 New technology.	https://www.ecfr.gov/on/2026-10-01/title-30/section-7.72	us-gov-public-domain	30 CFR 7.72; PART 7 - TESTING BY APPLICANT OR THIRD PARTY; Subpart D - Multiple-Shot Blasting Units; eCFR as of 2026-10-01
cfr30-7.81	7.81 Purpose and effective date.	https://www.ecfr.gov/on/2026-10-01/title-30/section-7.81	us-gov-public-domain	30 CFR 7.81; PART 7 - TESTING BY APPLICANT OR THIRD PARTY; Subpart E - Diesel Engines Intended for Use in Underground Coal Mines; eCFR as of 2026-10-01
cfr30-7.82	7.82 Definitions.	https://www.ecfr.gov/on/2026-10-01/title-30/section-7.82	us-gov-public-domain	30 CFR 7.82; PART 7 - TESTING BY APPLICANT OR THIRD PARTY; Subpart E - Diesel Engines Intended for Use in Underground Coal Mines; eCFR as of 2026-10-01
cfr30-7.83	7.83 Application requirements.	https://www.ecfr.gov/on/2026-10-01/title-30/section-7.83	us-gov-public-domain	30 CFR 7.83; PART 7 - TESTING BY APPLICANT OR THIRD PARTY; Subpart E - Diesel Engines Intended for Use in Underground Coal Mines; eCFR as of 2026-10-01
cfr30-7.84	7.84 Technical requirements.	https://www.ecfr.gov/on/2026-10-01/title-30/section-7.84	us-gov-public-domain	30 CFR 7.84; PART 7 - TESTING BY APPLICANT OR THIRD PARTY; Subpart E - Diesel Engines Intended for Use in Underground Coal Mines; eCFR as of 2026-10-01
cfr30-7.85	7.85 Critical characteristics.	https://www.ecfr.gov/on/2026-10-01/title-30/section-7.85	us-gov-public-domain	30 CFR 7.85; PART 7 - TESTING BY APPLICANT OR THIRD PARTY; Subpart E - Diesel Engines Intended for Use in Underground Coal Mines; eCFR as of 2026-10-01
cfr30-7.86	7.86 Test equipment and specifications.	https://www.ecfr.gov/on/2026-10-01/title-30/section-7.86	us-gov-public-domain	30 CFR 7.86; PART 7 - TESTING BY APPLICANT OR THIRD PARTY; Subpart E - Diesel Engines Intended for Use in Underground Coal Mines; eCFR as of 2026-10-01; reviewed: US government work, "Copyright protection under this title is not available for any work of the United States Government" (17 U.S.C. 105); the name ASTM only identifies a standard or body that the rule cites, and no text of that standard is reproduced
cfr30-7.87	7.87 Test to determine the maximum fuel-air ratio.	https://www.ecfr.gov/on/2026-10-01/title-30/section-7.87	us-gov-public-domain	30 CFR 7.87; PART 7 - TESTING BY APPLICANT OR THIRD PARTY; Subpart E - Diesel Engines Intended for Use in Underground Coal Mines; eCFR as of 2026-10-01
cfr30-7.88	7.88 Test to determine the gaseous ventilation rate.	https://www.ecfr.gov/on/2026-10-01/title-30/section-7.88	us-gov-public-domain	30 CFR 7.88; PART 7 - TESTING BY APPLICANT OR THIRD PARTY; Subpart E - Diesel Engines Intended for Use in Underground Coal Mines; eCFR as of 2026-10-01
cfr30-7.89	7.89 Test to determine the particulate index.	https://www.ecfr.gov/on/2026-10-01/title-30/section-7.89	us-gov-public-domain	30 CFR 7.89; PART 7 - TESTING BY APPLICANT OR THIRD PARTY; Subpart E - Diesel Engines Intended for Use in Underground Coal Mines; eCFR as of 2026-10-01
cfr30-7.90	7.90 Approval marking.	https://www.ecfr.gov/on/2026-10-01/title-30/section-7.90	us-gov-public-domain	30 CFR 7.90; PART 7 - TESTING BY APPLICANT OR THIRD PARTY; Subpart E - Diesel Engines Intended for Use in Underground Coal Mines; eCFR as of 2026-10-01
cfr30-7.91	7.91 Post-approval product audit.	https://www.ecfr.gov/on/2026-10-01/title-30/section-7.91	us-gov-public-domain	30 CFR 7.91; PART 7 - TESTING BY APPLICANT OR THIRD PARTY; Subpart E - Diesel Engines Intended for Use in Underground Coal Mines; eCFR as of 2026-10-01
cfr30-7.92	7.92 New technology.	https://www.ecfr.gov/on/2026-10-01/title-30/section-7.92	us-gov-public-domain	30 CFR 7.92; PART 7 - TESTING BY APPLICANT OR THIRD PARTY; Subpart E - Diesel Engines Intended for Use in Underground Coal Mines; eCFR as of 2026-10-01
cfr30-7.95	7.95 Purpose and effective date.	https://www.ecfr.gov/on/2026-10-01/title-30/section-7.95	us-gov-public-domain	30 CFR 7.95; PART 7 - TESTING BY APPLICANT OR THIRD PARTY; Subpart F - Diesel Power Packages Intended for Use in Areas of Underground Coal Mines Where Permissible Electric Equipment is Required; eCFR as of 2026-10-01
cfr30-7.96	7.96 Definitions.	https://www.ecfr.gov/on/2026-10-01/title-30/section-7.96	us-gov-public-domain	30 CFR 7.96; PART 7 - TESTING BY APPLICANT OR THIRD PARTY; Subpart F - Diesel Power Packages Intended for Use in Areas of Underground Coal Mines Where Permissible Electric Equipment is Required; eCFR as of 2026-10-01
cfr30-7.97	7.97 Application requirements.	https://www.ecfr.gov/on/2026-10-01/title-30/section-7.97	us-gov-public-domain	30 CFR 7.97; PART 7 - TESTING BY APPLICANT OR THIRD PARTY; Subpart F - Diesel Power Packages Intended for Use in Areas of Underground Coal Mines Where Permissible Electric Equipment is Required; eCFR as of 2026-10-01
cfr30-7.98	7.98 Technical requirements.	https://www.ecfr.gov/on/2026-10-01/title-30/section-7.98	us-gov-public-domain	30 CFR 7.98; PART 7 - TESTING BY APPLICANT OR THIRD PARTY; Subpart F - Diesel Power Packages Intended for Use in Areas of Underground Coal Mines Where Permissible Electric Equipment is Required; eCFR as of 2026-10-01
cfr30-7.99	7.99 Critical characteristics.	https://www.ecfr.gov/on/2026-10-01/title-30/section-7.99	us-gov-public-domain	30 CFR 7.99; PART 7 - TESTING BY APPLICANT OR THIRD PARTY; Subpart F - Diesel Power Packages Intended for Use in Areas of Underground Coal Mines Where Permissible Electric Equipment is Required; eCFR as of 2026-10-01
cfr30-7.100	7.100 Explosion tests.	https://www.ecfr.gov/on/2026-10-01/title-30/section-7.100	us-gov-public-domain	30 CFR 7.100; PART 7 - TESTING BY APPLICANT OR THIRD PARTY; Subpart F - Diesel Power Packages Intended for Use in Areas of Underground Coal Mines Where Permissible Electric Equipment is Required; eCFR as of 2026-10-01
cfr30-7.101	7.101 Surface temperature tests.	https://www.ecfr.gov/on/2026-10-01/title-30/section-7.101	us-gov-public-domain	30 CFR 7.101; PART 7 - TESTING BY APPLICANT OR THIRD PARTY; Subpart F - Diesel Power Packages Intended for Use in Areas of Underground Coal Mines Where Permissible Electric Equipment is Required; eCFR as of 2026-10-01
cfr30-7.102	7.102 Exhaust gas cooling efficiency test.	https://www.ecfr.gov/on/2026-10-01/title-30/section-7.102	us-gov-public-domain	30 CFR 7.102; PART 7 - TESTING BY APPLICANT OR THIRD PARTY; Subpart F - Diesel Power Packages Intended for Use in Areas of Underground Coal Mines Where Permissible Electric Equipment is Required; eCFR as of 2026-10-01
cfr30-7.103	7.103 Safety system control test.	https://www.ecfr.gov/on/2026-10-01/title-30/section-7.103	us-gov-public-domain	30 CFR 7.103; PART 7 - TESTING BY APPLICANT OR THIRD PARTY; Subpart F - Diesel Power Packages Intended for Use in Areas of Underground Coal Mines Where Permissible Electric Equipment is Required; eCFR as of 2026-10-01
cfr30-7.104	7.104 Internal static pressure test.	https://www.ecfr.gov/on/2026-10-01/title-30/section-7.104	us-gov-public-domain	30 CFR 7.104; PART 7 - TESTING BY APPLICANT OR THIRD PARTY; Subpart F - Diesel Power Packages Intended for Use in Areas of Underground Coal Mines Where Permissible Electric Equipment is Required; eCFR as of 2026-10-01
cfr30-7.105	7.105 Approval marking.	https://www.ecfr.gov/on/2026-10-01/title-30/section-7.105	us-gov-public-domain	30 CFR 7.105; PART 7 - TESTING BY APPLICANT OR THIRD PARTY; Subpart F - Diesel Power Packages Intended for Use in Areas of Underground Coal Mines Where Permissible Electric Equipment is Required; eCFR as of 2026-10-01
cfr30-7.106	7.106 Post-approval product audit.	https://www.ecfr.gov/on/2026-10-01/title-30/section-7.106	us-gov-public-domain	30 CFR 7.106; PART 7 - TESTING BY APPLICANT OR THIRD PARTY; Subpart F - Diesel Power Packages Intended for Use in Areas of Underground Coal Mines Where Permissible Electric Equipment is Required; eCFR as of 2026-10-01
cfr30-7.107	7.107 New technology.	https://www.ecfr.gov/on/2026-10-01/title-30/section-7.107	us-gov-public-domain	30 CFR 7.107; PART 7 - TESTING BY APPLICANT OR THIRD PARTY; Subpart F - Diesel Power Packages Intended for Use in Areas of Underground Coal Mines Where Permissible Electric Equipment is Required; eCFR as of 2026-10-01
cfr30-7.108	7.108 Power package checklist.	https://www.ecfr.gov/on/2026-10-01/title-30/section-7.108	us-gov-public-domain	30 CFR 7.108; PART 7 - TESTING BY APPLICANT OR THIRD PARTY; Subpart F - Diesel Power Packages Intended for Use in Areas of Underground Coal Mines Where Permissible Electric Equipment is Required; eCFR as of 2026-10-01
cfr30-7.301	7.301 Purpose and effective date.	https://www.ecfr.gov/on/2026-10-01/title-30/section-7.301	us-gov-public-domain	30 CFR 7.301; PART 7 - TESTING BY APPLICANT OR THIRD PARTY; Subpart J - Electric Motor Assemblies; eCFR as of 2026-10-01
cfr30-7.302	7.302 Definitions.	https://www.ecfr.gov/on/2026-10-01/title-30/section-7.302	us-gov-public-domain	30 CFR 7.302; PART 7 - TESTING BY APPLICANT OR THIRD PARTY; Subpart J - Electric Motor Assemblies; eCFR as of 2026-10-01
cfr30-7.303	7.303 Application requirements.	https://www.ecfr.gov/on/2026-10-01/title-30/section-7.303	us-gov-public-domain	30 CFR 7.303; PART 7 - TESTING BY APPLICANT OR THIRD PARTY; Subpart J - Electric Motor Assemblies; eCFR as of 2026-10-01
cfr30-7.304	7.304 Technical requirements.	https://www.ecfr.gov/on/2026-10-01/title-30/section-7.304	us-gov-public-domain	30 CFR 7.304; PART 7 - TESTING BY APPLICANT OR THIRD PARTY; Subpart J - Electric Motor Assemblies; eCFR as of 2026-10-01
cfr30-7.305	7.305 Critical characteristics.	https://www.ecfr.gov/on/2026-10-01/title-30/section-7.305	us-gov-public-domain	30 CFR 7.305; PART 7 - TESTING BY APPLICANT OR THIRD PARTY; Subpart J - Electric Motor Assemblies; eCFR as of 2026-10-01
cfr30-7.306	7.306 Explosion tests.	https://www.ecfr.gov/on/2026-10-01/title-30/section-7.306	us-gov-public-domain	30 CFR 7.306; PART 7 - TESTING BY APPLICANT OR THIRD PARTY; Subpart J - Electric Motor Assemblies; eCFR as of 2026-10-01
cfr30-7.307	7.307 Static pressure test.	https://www.ecfr.gov/on/2026-10-01/title-30/section-7.307	us-gov-public-domain	30 CFR 7.307; PART 7 - TESTING BY APPLICANT OR THIRD PARTY; Subpart J - Electric Motor Assemblies; eCFR as of 2026-10-01
cfr30-7.308	7.308 Lockwasher equivalency test.	https://www.ecfr.gov/on/2026-10-01/title-30/section-7.308	us-gov-public-domain	30 CFR 7.308; PART 7 - TESTING BY APPLICANT OR THIRD PARTY; Subpart J - Electric Motor Assemblies; eCFR as of 2026-10-01
cfr30-7.309	7.309 Approval marking.	https://www.ecfr.gov/on/2026-10-01/title-30/section-7.309	us-gov-public-domain	30 CFR 7.309; PART 7 - TESTING BY APPLICANT OR THIRD PARTY; Subpart J - Electric Motor Assemblies; eCFR as of 2026-10-01
cfr30-7.310	7.310 Post-approval product audit.	https://www.ecfr.gov/on/2026-10-01/title-30/section-7.310	us-gov-public-domain	30 CFR 7.310; PART 7 - TESTING BY APPLICANT OR THIRD PARTY; Subpart J - Electric Motor Assemblies; eCFR as of 2026-10-01
cfr30-7.311	7.311 Approval checklist.	https://www.ecfr.gov/on/2026-10-01/title-30/section-7.311	us-gov-public-domain	30 CFR 7.311; PART 7 - TESTING BY APPLICANT OR THIRD PARTY; Subpart J - Electric Motor Assemblies; eCFR as of 2026-10-01
cfr30-7.401	7.401 Purpose and effective date.	https://www.ecfr.gov/on/2026-10-01/title-30/section-7.401	us-gov-public-domain	30 CFR 7.401; PART 7 - TESTING BY APPLICANT OR THIRD PARTY; Subpart K - Electric Cables, Signaling Cables, and Cable Splice Kits; eCFR as of 2026-10-01
cfr30-7.402	7.402 Definitions.	https://www.ecfr.gov/on/2026-10-01/title-30/section-7.402	us-gov-public-domain	30 CFR 7.402; PART 7 - TESTING BY APPLICANT OR THIRD PARTY; Subpart K - Electric Cables, Signaling Cables, and Cable Splice Kits; eCFR as of 2026-10-01
cfr30-7.403	7.403 Application requirements.	https://www.ecfr.gov/on/2026-10-01/title-30/section-7.403	us-gov-public-domain	30 CFR 7.403; PART 7 - TESTING BY APPLICANT OR THIRD PARTY; Subpart K - Electric Cables, Signaling Cables, and Cable Splice Kits; eCFR as of 2026-10-01
cfr30-7.404	7.404 Technical requirements.	https://www.ecfr.gov/on/2026-10-01/title-30/section-7.404	us-gov-public-domain	30 CFR 7.404; PART 7 - TESTING BY APPLICANT OR THIRD PARTY; Subpart K - Electric Cables, Signaling Cables, and Cable Splice Kits; eCFR as of 2026-10-01
cfr30-7.405	7.405 Critical characteristics.	https://www.ecfr.gov/on/2026-10-01/title-30/section-7.405	us-gov-public-domain	30 CFR 7.405; PART 7 - TESTING BY APPLICANT OR THIRD PARTY; Subpart K - Electric Cables, Signaling Cables, and Cable Splice Kits; eCFR as of 2026-10-01
cfr30-7.406	7.406 Flame test apparatus.	https://www.ecfr.gov/on/2026-10-01/title-30/section-7.406	us-gov-public-domain	30 CFR 7.406; PART 7 - TESTING BY APPLICANT OR THIRD PARTY; Subpart K - Electric Cables, Signaling Cables, and Cable Splice Kits; eCFR as of 2026-10-01
cfr30-7.407	7.407 Test for flame resistance of electric cables and cable splices.	https://www.ecfr.gov/on/2026-10-01/title-30/section-7.407	us-gov-public-domain	30 CFR 7.407; PART 7 - TESTING BY APPLICANT OR THIRD PARTY; Subpart K - Electric Cables, Signaling Cables, and Cable Splice Kits; eCFR as of 2026-10-01
cfr30-7.408	7.408 Test for flame resistance of signaling cables.	https://www.ecfr.gov/on/2026-10-01/title-30/section-7.408	us-gov-public-domain	30 CFR 7.408; PART 7 - TESTING BY APPLICANT OR THIRD PARTY; Subpart K - Electric Cables, Signaling Cables, and Cable Splice Kits; eCFR as of 2026-10-01
cfr30-7.409	7.409 Approval marking.	https://www.ecfr.gov/on/2026-10-01/title-30/section-7.409	us-gov-public-domain	30 CFR 7.409; PART 7 - TESTING BY APPLICANT OR THIRD PARTY; Subpart K - Electric Cables, Signaling Cables, and Cable Splice Kits; eCFR as of 2026-10-01
cfr30-7.410	7.410 Post-approval product audit.	https://www.ecfr.gov/on/2026-10-01/title-30/section-7.410	us-gov-public-domain	30 CFR 7.410; PART 7 - TESTING BY APPLICANT OR THIRD PARTY; Subpart K - Electric Cables, Signaling Cables, and Cable Splice Kits; eCFR as of 2026-10-01
cfr30-7.411	7.411 New technology.	https://www.ecfr.gov/on/2026-10-01/title-30/section-7.411	us-gov-public-domain	30 CFR 7.411; PART 7 - TESTING BY APPLICANT OR THIRD PARTY; Subpart K - Electric Cables, Signaling Cables, and Cable Splice Kits; eCFR as of 2026-10-01
cfr30-7.501	7.501 Purpose and scope.	https://www.ecfr.gov/on/2026-10-01/title-30/section-7.501	us-gov-public-domain	30 CFR 7.501; PART 7 - TESTING BY APPLICANT OR THIRD PARTY; Subpart L - Refuge Alternatives; eCFR as of 2026-10-01
cfr30-7.502	7.502 Definitions.	https://www.ecfr.gov/on/2026-10-01/title-30/section-7.502	us-gov-public-domain	30 CFR 7.502; PART 7 - TESTING BY APPLICANT OR THIRD PARTY; Subpart L - Refuge Alternatives; eCFR as of 2026-10-01
cfr30-7.503	7.503 Application requirements.	https://www.ecfr.gov/on/2026-10-01/title-30/section-7.503	us-gov-public-domain	30 CFR 7.503; PART 7 - TESTING BY APPLICANT OR THIRD PARTY; Subpart L - Refuge Alternatives; eCFR as of 2026-10-01
cfr30-7.504	7.504 Refuge alternatives and components; general requirements.	https://www.ecfr.gov/on/2026-10-01/title-30/section-7.504	us-gov-public-domain	30 CFR 7.504; PART 7 - TESTING BY APPLICANT OR THIRD PARTY; Subpart L - Refuge Alternatives; eCFR as of 2026-10-01
cfr30-7.505	7.505 Structural components.	https://www.ecfr.gov/on/2026-10-01/title-30/section-7.505	us-gov-public-domain	30 CFR 7.505; PART 7 - TESTING BY APPLICANT OR THIRD PARTY; Subpart L - Refuge Alternatives; eCFR as of 2026-10-01; reviewed: US government work, "Copyright protection under this title is not available for any work of the United States Government" (17 U.S.C. 105); the name ASTM only identifies a standard or body that the rule cites, and no text of that standard is reproduced
cfr30-7.506	7.506 Breathable air components.	https://www.ecfr.gov/on/2026-10-01/title-30/section-7.506	us-gov-public-domain	30 CFR 7.506; PART 7 - TESTING BY APPLICANT OR THIRD PARTY; Subpart L - Refuge Alternatives; eCFR as of 2026-10-01
cfr30-7.507	7.507 Air-monitoring components.	https://www.ecfr.gov/on/2026-10-01/title-30/section-7.507	us-gov-public-domain	30 CFR 7.507; PART 7 - TESTING BY APPLICANT OR THIRD PARTY; Subpart L - Refuge Alternatives; eCFR as of 2026-10-01
cfr30-7.508	7.508 Harmful gas removal components.	https://www.ecfr.gov/on/2026-10-01/title-30/section-7.508	us-gov-public-domain	30 CFR 7.508; PART 7 - TESTING BY APPLICANT OR THIRD PARTY; Subpart L - Refuge Alternatives; eCFR as of 2026-10-01
cfr30-7.509	7.509 Approval markings.	https://www.ecfr.gov/on/2026-10-01/title-30/section-7.509	us-gov-public-domain	30 CFR 7.509; PART 7 - TESTING BY APPLICANT OR THIRD PARTY; Subpart L - Refuge Alternatives; eCFR as of 2026-10-01
cfr30-7.510	7.510 New technology.	https://www.ecfr.gov/on/2026-10-01/title-30/section-7.510	us-gov-public-domain	30 CFR 7.510; PART 7 - TESTING BY APPLICANT OR THIRD PARTY; Subpart L - Refuge Alternatives; eCFR as of 2026-10-01
cfr30-14.1	14.1 Purpose, effective date for approval holders.	https://www.ecfr.gov/on/2026-10-01/title-30/section-14.1	us-gov-public-domain	30 CFR 14.1; PART 14 - REQUIREMENTS FOR THE APPROVAL OF FLAME-RESISTANT CONVEYOR BELTS; Subpart A - General Provisions; eCFR as of 2026-10-01
cfr30-14.2	14.2 Definitions.	https://www.ecfr.gov/on/2026-10-01/title-30/section-14.2	us-gov-public-domain	30 CFR 14.2; PART 14 - REQUIREMENTS FOR THE APPROVAL OF FLAME-RESISTANT CONVEYOR BELTS; Subpart A - General Provisions; eCFR as of 2026-10-01
cfr30-14.3	14.3 Observers at tests and evaluations.	https://www.ecfr.gov/on/2026-10-01/title-30/section-14.3	us-gov-public-domain	30 CFR 14.3; PART 14 - REQUIREMENTS FOR THE APPROVAL OF FLAME-RESISTANT CONVEYOR BELTS; Subpart A - General Provisions; eCFR as of 2026-10-01
cfr30-14.4	14.4 Application procedures and requirements.	https://www.ecfr.gov/on/2026-10-01/title-30/section-14.4	us-gov-public-domain	30 CFR 14.4; PART 14 - REQUIREMENTS FOR THE APPROVAL OF FLAME-RESISTANT CONVEYOR BELTS; Subpart A - General Provisions; eCFR as of 2026-10-01
cfr30-14.5	14.5 Test samples.	https://www.ecfr.gov/on/2026-10-01/title-30/section-14.5	us-gov-public-domain	30 CFR 14.5; PART 14 - REQUIREMENTS FOR THE APPROVAL OF FLAME-RESISTANT CONVEYOR BELTS; Subpart A - General Provisions; eCFR as of 2026-10-01
cfr30-14.6	14.6 Issuance of approval.	https://www.ecfr.gov/on/2026-10-01/title-30/section-14.6	us-gov-public-domain	30 CFR 14.6; PART 14 - REQUIREMENTS FOR THE APPROVAL OF FLAME-RESISTANT CONVEYOR BELTS; Subpart A - General Provisions; eCFR as of 2026-10-01
cfr30-14.7	14.7 Approval marking and distribution records.	https://www.ecfr.gov/on/2026-10-01/title-30/section-14.7	us-gov-public-domain	30 CFR 14.7; PART 14 - REQUIREMENTS FOR THE APPROVAL OF FLAME-RESISTANT CONVEYOR BELTS; Subpart A - General Provisions; eCFR as of 2026-10-01
cfr30-14.8	14.8 Quality assurance.	https://www.ecfr.gov/on/2026-10-01/title-30/section-14.8	us-gov-public-domain	30 CFR 14.8; PART 14 - REQUIREMENTS FOR THE APPROVAL OF FLAME-RESISTANT CONVEYOR BELTS; Subpart A - General Provisions; eCFR as of 2026-10-01
cfr30-14.9	14.9 Disclosure of information.	https://www.ecfr.gov/on/2026-10-01/title-30/section-14.9	us-gov-public-domain	30 CFR 14.9; PART 14 - REQUIREMENTS FOR THE APPROVAL OF FLAME-RESISTANT CONVEYOR BELTS; Subpart A - General Provisions; eCFR as of 2026-10-01
cfr30-14.10	14.10 Post-approval product audit.	https://www.ecfr.gov/on/2026-10-01/title-30/section-14.10	us-gov-public-domain	30 CFR 14.10; PART 14 - REQUIREMENTS FOR THE APPROVAL OF FLAME-RESISTANT CONVEYOR BELTS; Subpart A - General Provisions; eCFR as of 2026-10-01
cfr30-14.11	14.11 Revocation.	https://www.ecfr.gov/on/2026-10-01/title-30/section-14.11	us-gov-public-domain	30 CFR 14.11; PART 14 - REQUIREMENTS FOR THE APPROVAL OF FLAME-RESISTANT CONVEYOR BELTS; Subpart A - General Provisions; eCFR as of 2026-10-01
cfr30-14.20	14.20 Flame resistance.	https://www.ecfr.gov/on/2026-10-01/title-30/section-14.20	us-gov-public-domain	30 CFR 14.20; PART 14 - REQUIREMENTS FOR THE APPROVAL OF FLAME-RESISTANT CONVEYOR BELTS; Subpart B - Technical Requirements; eCFR as of 2026-10-01
cfr30-14.21	14.21 Laboratory-scale flame test apparatus.	https://www.ecfr.gov/on/2026-10-01/title-30/section-14.21	us-gov-public-domain	30 CFR 14.21; PART 14 - REQUIREMENTS FOR THE APPROVAL OF FLAME-RESISTANT CONVEYOR BELTS; Subpart B - Technical Requirements; eCFR as of 2026-10-01
cfr30-14.22	14.22 Test for flame resistance of conveyor belts.	https://www.ecfr.gov/on/2026-10-01/title-30/section-14.22	us-gov-public-domain	30 CFR 14.22; PART 14 - REQUIREMENTS FOR THE APPROVAL OF FLAME-RESISTANT CONVEYOR BELTS; Subpart B - Technical Requirements; eCFR as of 2026-10-01
cfr30-14.23	14.23 New technology.	https://www.ecfr.gov/on/2026-10-01/title-30/section-14.23	us-gov-public-domain	30 CFR 14.23; PART 14 - REQUIREMENTS FOR THE APPROVAL OF FLAME-RESISTANT CONVEYOR BELTS; Subpart B - Technical Requirements; eCFR as of 2026-10-01
cfr30-15.1	15.1 Purpose and effective dates.	https://www.ecfr.gov/on/2026-10-01/title-30/section-15.1	us-gov-public-domain	30 CFR 15.1; PART 15 - REQUIREMENTS FOR APPROVAL OF EXPLOSIVES AND SHEATHED EXPLOSIVE UNITS; Subpart A - General Provisions; eCFR as of 2026-10-01
cfr30-15.2	15.2 Definitions.	https://www.ecfr.gov/on/2026-10-01/title-30/section-15.2	us-gov-public-domain	30 CFR 15.2; PART 15 - REQUIREMENTS FOR APPROVAL OF EXPLOSIVES AND SHEATHED EXPLOSIVE UNITS; Subpart A - General Provisions; eCFR as of 2026-10-01
cfr30-15.3	15.3 Observers at tests and evaluation.	https://www.ecfr.gov/on/2026-10-01/title-30/section-15.3	us-gov-public-domain	30 CFR 15.3; PART 15 - REQUIREMENTS FOR APPROVAL OF EXPLOSIVES AND SHEATHED EXPLOSIVE UNITS; Subpart A - General Provisions; eCFR as of 2026-10-01
cfr30-15.4	15.4 Application procedures and requirements.	https://www.ecfr.gov/on/2026-10-01/title-30/section-15.4	us-gov-public-domain	30 CFR 15.4; PART 15 - REQUIREMENTS FOR APPROVAL OF EXPLOSIVES AND SHEATHED EXPLOSIVE UNITS; Subpart A - General Provisions; eCFR as of 2026-10-01
cfr30-15.5	15.5 Test samples.	https://www.ecfr.gov/on/2026-10-01/title-30/section-15.5	us-gov-public-domain	30 CFR 15.5; PART 15 - REQUIREMENTS FOR APPROVAL OF EXPLOSIVES AND SHEATHED EXPLOSIVE UNITS; Subpart A - General Provisions; eCFR as of 2026-10-01
cfr30-15.6	15.6 Issuance of approval.	https://www.ecfr.gov/on/2026-10-01/title-30/section-15.6	us-gov-public-domain	30 CFR 15.6; PART 15 - REQUIREMENTS FOR APPROVAL OF EXPLOSIVES AND SHEATHED EXPLOSIVE UNITS; Subpart A - General Provisions; eCFR as of 2026-10-01
cfr30-15.7	15.7 Approval marking.	https://www.ecfr.gov/on/2026-10-01/title-30/section-15.7	us-gov-public-domain	30 CFR 15.7; PART 15 - REQUIREMENTS FOR APPROVAL OF EXPLOSIVES AND SHEATHED EXPLOSIVE UNITS; Subpart A - General Provisions; eCFR as of 2026-10-01
cfr30-15.8	15.8 Quality assurance.	https://www.ecfr.gov/on/2026-10-01/title-30/section-15.8	us-gov-public-domain	30 CFR 15.8; PART 15 - REQUIREMENTS FOR APPROVAL OF EXPLOSIVES AND SHEATHED EXPLOSIVE UNITS; Subpart A - General Provisions; eCFR as of 2026-10-01
cfr30-15.9	15.9 Disclosure of information.	https://www.ecfr.gov/on/2026-10-01/title-30/section-15.9	us-gov-public-domain	30 CFR 15.9; PART 15 - REQUIREMENTS FOR APPROVAL OF EXPLOSIVES AND SHEATHED EXPLOSIVE UNITS; Subpart A - General Provisions; eCFR as of 2026-10-01
cfr30-15.10	15.10 Post-approval product audit.	https://www.ecfr.gov/on/2026-10-01/title-30/section-15.10	us-gov-public-domain	30 CFR 15.10; PART 15 - REQUIREMENTS FOR APPROVAL OF EXPLOSIVES AND SHEATHED EXPLOSIVE UNITS; Subpart A - General Provisions; eCFR as of 2026-10-01
cfr30-15.11	15.11 Revocation.	https://www.ecfr.gov/on/2026-10-01/title-30/section-15.11	us-gov-public-domain	30 CFR 15.11; PART 15 - REQUIREMENTS FOR APPROVAL OF EXPLOSIVES AND SHEATHED EXPLOSIVE UNITS; Subpart A - General Provisions; eCFR as of 2026-10-01
cfr30-15.20	15.20 Technical requirements.	https://www.ecfr.gov/on/2026-10-01/title-30/section-15.20	us-gov-public-domain	30 CFR 15.20; PART 15 - REQUIREMENTS FOR APPROVAL OF EXPLOSIVES AND SHEATHED EXPLOSIVE UNITS; Subpart B - Requirements for Approval of Explosives; eCFR as of 2026-10-01
cfr30-15.21	15.21 Tolerances for ingredients.	https://www.ecfr.gov/on/2026-10-01/title-30/section-15.21	us-gov-public-domain	30 CFR 15.21; PART 15 - REQUIREMENTS FOR APPROVAL OF EXPLOSIVES AND SHEATHED EXPLOSIVE UNITS; Subpart B - Requirements for Approval of Explosives; eCFR as of 2026-10-01
cfr30-15.22	15.22 Tolerances for performance, wrapper, and specific gravity.	https://www.ecfr.gov/on/2026-10-01/title-30/section-15.22	us-gov-public-domain	30 CFR 15.22; PART 15 - REQUIREMENTS FOR APPROVAL OF EXPLOSIVES AND SHEATHED EXPLOSIVE UNITS; Subpart B - Requirements for Approval of Explosives; eCFR as of 2026-10-01
cfr30-15.30	15.30 Technical requirements.	https://www.ecfr.gov/on/2026-10-01/title-30/section-15.30	us-gov-public-domain	30 CFR 15.30; PART 15 - REQUIREMENTS FOR APPROVAL OF EXPLOSIVES AND SHEATHED EXPLOSIVE UNITS; Subpart C - Requirements for Approval of Sheathed Explosive Units or Other Explosive Units Designed to be Fired Outside the Confines of a Borehole; eCFR as of 2026-10-01
cfr30-15.31	15.31 Tolerances for ingredients.	https://www.ecfr.gov/on/2026-10-01/title-30/section-15.31	us-gov-public-domain	30 CFR 15.31; PART 15 - REQUIREMENTS FOR APPROVAL OF EXPLOSIVES AND SHEATHED EXPLOSIVE UNITS; Subpart C - Requirements for Approval of Sheathed Explosive Units or Other Explosive Units Designed to be Fired Outside the Confines of a Borehole; eCFR as of 2026-10-01
cfr30-15.32	15.32 Tolerances for weight of explosive, sheath, wrapper, and specific gravity.	https://www.ecfr.gov/on/2026-10-01/title-30/section-15.32	us-gov-public-domain	30 CFR 15.32; PART 15 - REQUIREMENTS FOR APPROVAL OF EXPLOSIVES AND SHEATHED EXPLOSIVE UNITS; Subpart C - Requirements for Approval of Sheathed Explosive Units or Other Explosive Units Designed to be Fired Outside the Confines of a Borehole; eCFR as of 2026-10-01
cfr30-18.1	18.1 Purpose.	https://www.ecfr.gov/on/2026-10-01/title-30/section-18.1	us-gov-public-domain	30 CFR 18.1; PART 18 - ELECTRIC MOTOR-DRIVEN MINE EQUIPMENT AND ACCESSORIES; Subpart A - General Provisions; eCFR as of 2026-10-01
cfr30-18.2	18.2 Definitions.	https://www.ecfr.gov/on/2026-10-01/title-30/section-18.2	us-gov-public-domain	30 CFR 18.2; PART 18 - ELECTRIC MOTOR-DRIVEN MINE EQUIPMENT AND ACCESSORIES; Subpart A - General Provisions; eCFR as of 2026-10-01
cfr30-18.3	18.3 Consultation.	https://www.ecfr.gov/on/2026-10-01/title-30/section-18.3	us-gov-public-domain	30 CFR 18.3; PART 18 - ELECTRIC MOTOR-DRIVEN MINE EQUIPMENT AND ACCESSORIES; Subpart A - General Provisions; eCFR as of 2026-10-01
cfr30-18.4	18.4 Electrical equipment for which approval is issued.	https://www.ecfr.gov/on/2026-10-01/title-30/section-18.4	us-gov-public-domain	30 CFR 18.4; PART 18 - ELECTRIC MOTOR-DRIVEN MINE EQUIPMENT AND ACCESSORIES; Subpart A - General Provisions; eCFR as of 2026-10-01
cfr30-18.5	18.5 Equipment for which certification will be issued.	https://www.ecfr.gov/on/2026-10-01/title-30/section-18.5	us-gov-public-domain	30 CFR 18.5; PART 18 - ELECTRIC MOTOR-DRIVEN MINE EQUIPMENT AND ACCESSORIES; Subpart A - General Provisions; eCFR as of 2026-10-01
cfr30-18.6	18.6 Applications.	https://www.ecfr.gov/on/2026-10-01/title-30/section-18.6	us-gov-public-domain	30 CFR 18.6; PART 18 - ELECTRIC MOTOR-DRIVEN MINE EQUIPMENT AND ACCESSORIES; Subpart A - General Provisions; eCFR as of 2026-10-01
cfr30-18.8	18.8 Date for conducting investigation and tests.	https://www.ecfr.gov/on/2026-10-01/title-30/section-18.8	us-gov-public-domain	30 CFR 18.8; PART 18 - ELECTRIC MOTOR-DRIVEN MINE EQUIPMENT AND ACCESSORIES; Subpart A - General Provisions; eCFR as of 2026-10-01
cfr30-18.9	18.9 Conduct of investigations and tests.	https://www.ecfr.gov/on/2026-10-01/title-30/section-18.9	us-gov-public-domain	30 CFR 18.9; PART 18 - ELECTRIC MOTOR-DRIVEN MINE EQUIPMENT AND ACCESSORIES; Subpart A - General Provisions; eCFR as of 2026-10-01
cfr30-18.10	18.10 Notice of approval or disapproval.	https://www.ecfr.gov/on/2026-10-01/title-30/section-18.10	us-gov-public-domain	30 CFR 18.10; PART 18 - ELECTRIC MOTOR-DRIVEN MINE EQUIPMENT AND ACCESSORIES; Subpart A - General Provisions; eCFR as of 2026-10-01
cfr30-18.11	18.11 Approval plate.	https://www.ecfr.gov/on/2026-10-01/title-30/section-18.11	us-gov-public-domain	30 CFR 18.11; PART 18 - ELECTRIC MOTOR-DRIVEN MINE EQUIPMENT AND ACCESSORIES; Subpart A - General Provisions; eCFR as of 2026-10-01
cfr30-18.12	18.12 Letter of certification.	https://www.ecfr.gov/on/2026-10-01/title-30/section-18.12	us-gov-public-domain	30 CFR 18.12; PART 18 - ELECTRIC MOTOR-DRIVEN MINE EQUIPMENT AND ACCESSORIES; Subpart A - General Provisions; eCFR as of 2026-10-01
cfr30-18.13	18.13 Certification plate.	https://www.ecfr.gov/on/2026-10-01/title-30/section-18.13	us-gov-public-domain	30 CFR 18.13; PART 18 - ELECTRIC MOTOR-DRIVEN MINE EQUIPMENT AND ACCESSORIES; Subpart A - General Provisions; eCFR as of 2026-10-01
cfr30-18.14	18.14 Identification of tested noncertified explosion-proof enclosures.	https://www.ecfr.gov/on/2026-10-01/title-30/section-18.14	us-gov-public-domain	30 CFR 18.14; PART 18 - ELECTRIC MOTOR-DRIVEN MINE EQUIPMENT AND ACCESSORIES; Subpart A - General Provisions; eCFR as of 2026-10-01
cfr30-18.15	18.15 Changes after approval or certification.	https://www.ecfr.gov/on/2026-10-01/title-30/section-18.15	us-gov-public-domain	30 CFR 18.15; PART 18 - ELECTRIC MOTOR-DRIVEN MINE EQUIPMENT AND ACCESSORIES; Subpart A - General Provisions; eCFR as of 2026-10-01
cfr30-18.16	18.16 Withdrawal of approval, certification, or acceptance.	https://www.ecfr.gov/on/2026-10-01/title-30/section-18.16	us-gov-public-domain	30 CFR 18.16; PART 18 - ELECTRIC MOTOR-DRIVEN MINE EQUIPMENT AND ACCESSORIES; Subpart A - General Provisions; eCFR as of 2026-10-01
cfr30-18.20	18.20 Quality of material, workmanship, and design.	https://www.ecfr.gov/on/2026-10-01/title-30/section-18.20	us-gov-public-domain	30 CFR 18.20; PART 18 - ELECTRIC MOTOR-DRIVEN MINE EQUIPMENT AND ACCESSORIES; Subpart B - Construction and Design Requirements; eCFR as of 2026-10-01
cfr30-18.21	18.21 Machines equipped with powered dust collectors.	https://www.ecfr.gov/on/2026-10-01/title-30/section-18.21	us-gov-public-domain	30 CFR 18.21; PART 18 - ELECTRIC MOTOR-DRIVEN MINE EQUIPMENT AND ACCESSORIES; Subpart B - Construction and Design Requirements; eCFR as of 2026-10-01
cfr30-18.22	18.22 Boring-type machines equipped for auxiliary face ventilation.	https://www.ecfr.gov/on/2026-10-01/title-30/section-18.22	us-gov-public-domain	30 CFR 18.22; PART 18 - ELECTRIC MOTOR-DRIVEN MINE EQUIPMENT AND ACCESSORIES; Subpart B - Construction and Design Requirements; eCFR as of 2026-10-01
cfr30-18.23	18.23 Limitation of external surface temperatures.	https://www.ecfr.gov/on/2026-10-01/title-30/section-18.23	us-gov-public-domain	30 CFR 18.23; PART 18 - ELECTRIC MOTOR-DRIVEN MINE EQUIPMENT AND ACCESSORIES; Subpart B - Construction and Design Requirements; eCFR as of 2026-10-01
cfr30-18.24	18.24 Electrical clearances.	https://www.ecfr.gov/on/2026-10-01/title-30/section-18.24	us-gov-public-domain	30 CFR 18.24; PART 18 - ELECTRIC MOTOR-DRIVEN MINE EQUIPMENT AND ACCESSORIES; Subpart B - Construction and Design Requirements; eCFR as of 2026-10-01
cfr30-18.25	18.25 Combustible gases from insulating material.	https://www.ecfr.gov/on/2026-10-01/title-30/section-18.25	us-gov-public-domain	30 CFR 18.25; PART 18 - ELECTRIC MOTOR-DRIVEN MINE EQUIPMENT AND ACCESSORIES; Subpart B - Construction and Design Requirements; eCFR as of 2026-10-01
cfr30-18.26	18.26 Static electricity.	https://www.ecfr.gov/on/2026-10-01/title-30/section-18.26	us-gov-public-domain	30 CFR 18.26; PART 18 - ELECTRIC MOTOR-DRIVEN MINE EQUIPMENT AND ACCESSORIES; Subpart B - Construction and Design Requirements; eCFR as of 2026-10-01
cfr30-18.27	18.27 Gaskets.	https://www.ecfr.gov/on/2026-10-01/title-30/section-18.27	us-gov-public-domain	30 CFR 18.27; PART 18 - ELECTRIC MOTOR-DRIVEN MINE EQUIPMENT AND ACCESSORIES; Subpart B - Construction and Design Requirements; eCFR as of 2026-10-01
cfr30-18.28	18.28 Devices for pressure relief, ventilation, or drainage.	https://www.ecfr.gov/on/2026-10-01/title-30/section-18.28	us-gov-public-domain	30 CFR 18.28; PART 18 - ELECTRIC MOTOR-DRIVEN MINE EQUIPMENT AND ACCESSORIES; Subpart B - Construction and Design Requirements; eCFR as of 2026-10-01
cfr30-18.29	18.29 Access openings and covers, including unused lead-entrance holes.	https://www.ecfr.gov/on/2026-10-01/title-30/section-18.29	us-gov-public-domain	30 CFR 18.29; PART 18 - ELECTRIC MOTOR-DRIVEN MINE EQUIPMENT AND ACCESSORIES; Subpart B - Construction and Design Requirements; eCFR as of 2026-10-01
cfr30-18.30	18.30 Windows and lenses.	https://www.ecfr.gov/on/2026-10-01/title-30/section-18.30	us-gov-public-domain	30 CFR 18.30; PART 18 - ELECTRIC MOTOR-DRIVEN MINE EQUIPMENT AND ACCESSORIES; Subpart B - Construction and Design Requirements; eCFR as of 2026-10-01
cfr30-18.31	18.31 Enclosures—joints and fastenings.	https://www.ecfr.gov/on/2026-10-01/title-30/section-18.31	us-gov-public-domain	30 CFR 18.31; PART 18 - ELECTRIC MOTOR-DRIVEN MINE EQUIPMENT AND ACCESSORIES; Subpart B - Construction and Design Requirements; eCFR as of 2026-10-01
cfr30-18.32	18.32 Fastenings—additional requirements.	https://www.ecfr.gov/on/2026-10-01/title-30/section-18.32	us-gov-public-domain	30 CFR 18.32; PART 18 - ELECTRIC MOTOR-DRIVEN MINE EQUIPMENT AND ACCESSORIES; Subpart B - Construction and Design Requirements; eCFR as of 2026-10-01
cfr30-18.33	18.33 Finish of surface joints.	https://www.ecfr.gov/on/2026-10-01/title-30/section-18.33	us-gov-public-domain	30 CFR 18.33; PART 18 - ELECTRIC MOTOR-DRIVEN MINE EQUIPMENT AND ACCESSORIES; Subpart B - Construction and Design Requirements; eCFR as of 2026-10-01
cfr30-18.34	18.34 Motors.	https://www.ecfr.gov/on/2026-10-01/title-30/section-18.34	us-gov-public-domain	30 CFR 18.34; PART 18 - ELECTRIC MOTOR-DRIVEN MINE EQUIPMENT AND ACCESSORIES; Subpart B - Construction and Design Requirements; eCFR as of 2026-10-01
cfr30-18.35	18.35 Portable (trailing) cables and cords.	https://www.ecfr.gov/on/2026-10-01/title-30/section-18.35	us-gov-public-domain	30 CFR 18.35; PART 18 - ELECTRIC MOTOR-DRIVEN MINE EQUIPMENT AND ACCESSORIES; Subpart B - Construction and Design Requirements; eCFR as of 2026-10-01
cfr30-18.36	18.36 Cables between machine components.	https://www.ecfr.gov/on/2026-10-01/title-30/section-18.36	us-gov-public-domain	30 CFR 18.36; PART 18 - ELECTRIC MOTOR-DRIVEN MINE EQUIPMENT AND ACCESSORIES; Subpart B - Construction and Design Requirements; eCFR as of 2026-10-01
cfr30-18.37	18.37 Lead entrances.	https://www.ecfr.gov/on/2026-10-01/title-30/section-18.37	us-gov-public-domain	30 CFR 18.37; PART 18 - ELECTRIC MOTOR-DRIVEN MINE EQUIPMENT AND ACCESSORIES; Subpart B - Construction and Design Requirements; eCFR as of 2026-10-01
cfr30-18.38	18.38 Leads through common walls.	https://www.ecfr.gov/on/2026-10-01/title-30/section-18.38	us-gov-public-domain	30 CFR 18.38; PART 18 - ELECTRIC MOTOR-DRIVEN MINE EQUIPMENT AND ACCESSORIES; Subpart B - Construction and Design Requirements; eCFR as of 2026-10-01
cfr30-18.39	18.39 Hose conduit.	https://www.ecfr.gov/on/2026-10-01/title-30/section-18.39	us-gov-public-domain	30 CFR 18.39; PART 18 - ELECTRIC MOTOR-DRIVEN MINE EQUIPMENT AND ACCESSORIES; Subpart B - Construction and Design Requirements; eCFR as of 2026-10-01
cfr30-18.40	18.40 Cable clamps and grips.	https://www.ecfr.gov/on/2026-10-01/title-30/section-18.40	us-gov-public-domain	30 CFR 18.40; PART 18 - ELECTRIC MOTOR-DRIVEN MINE EQUIPMENT AND ACCESSORIES; Subpart B - Construction and Design Requirements; eCFR as of 2026-10-01
cfr30-18.41	18.41 Plug and receptacle-type connectors.	https://www.ecfr.gov/on/2026-10-01/title-30/section-18.41	us-gov-public-domain	30 CFR 18.41; PART 18 - ELECTRIC MOTOR-DRIVEN MINE EQUIPMENT AND ACCESSORIES; Subpart B - Construction and Design Requirements; eCFR as of 2026-10-01
cfr30-18.42	18.42 Explosion-proof distribution boxes.	https://www.ecfr.gov/on/2026-10-01/title-30/section-18.42	us-gov-public-domain	30 CFR 18.42; PART 18 - ELECTRIC MOTOR-DRIVEN MINE EQUIPMENT AND ACCESSORIES; Subpart B - Construction and Design Requirements; eCFR as of 2026-10-01
cfr30-18.43	18.43 Explosion-proof splice boxes.	https://www.ecfr.gov/on/2026-10-01/title-30/section-18.43	us-gov-public-domain	30 CFR 18.43; PART 18 - ELECTRIC MOTOR-DRIVEN MINE EQUIPMENT AND ACCESSORIES; Subpart B - Construction and Design Requirements; eCFR as of 2026-10-01
cfr30-18.44	18.44 Non-intrinsically safe battery-powered equipment.	https://www.ecfr.gov/on/2026-10-01/title-30/section-18.44	us-gov-public-domain	30 CFR 18.44; PART 18 - ELECTRIC MOTOR-DRIVEN MINE EQUIPMENT AND ACCESSORIES; Subpart B - Construction and Design Requirements; eCFR as of 2026-10-01
cfr30-18.45	18.45 Cable reels.	https://www.ecfr.gov/on/2026-10-01/title-30/section-18.45	us-gov-public-domain	30 CFR 18.45; PART 18 - ELECTRIC MOTOR-DRIVEN MINE EQUIPMENT AND ACCESSORIES; Subpart B - Construction and Design Requirements; eCFR as of 2026-10-01
cfr30-18.46	18.46 Headlights.	https://www.ecfr.gov/on/2026-10-01/title-30/section-18.46	us-gov-public-domain	30 CFR 18.46; PART 18 - ELECTRIC MOTOR-DRIVEN MINE EQUIPMENT AND ACCESSORIES; Subpart B - Construction and Design Requirements; eCFR as of 2026-10-01
cfr30-18.47	18.47 Voltage limitation.	https://www.ecfr.gov/on/2026-10-01/title-30/section-18.47	us-gov-public-domain	30 CFR 18.47; PART 18 - ELECTRIC MOTOR-DRIVEN MINE EQUIPMENT AND ACCESSORIES; Subpart B - Construction and Design Requirements; eCFR as of 2026-10-01
cfr30-18.48	18.48 Circuit-interrupting devices.	https://www.ecfr.gov/on/2026-10-01/title-30/section-18.48	us-gov-public-domain	30 CFR 18.48; PART 18 - ELECTRIC MOTOR-DRIVEN MINE EQUIPMENT AND ACCESSORIES; Subpart B - Construction and Design Requirements; eCFR as of 2026-10-01
cfr30-18.49	18.49 Connection boxes on machines.	https://www.ecfr.gov/on/2026-10-01/title-30/section-18.49	us-gov-public-domain	30 CFR 18.49; PART 18 - ELECTRIC MOTOR-DRIVEN MINE EQUIPMENT AND ACCESSORIES; Subpart B - Construction and Design Requirements; eCFR as of 2026-10-01
cfr30-18.50	18.50 Protection against external arcs and sparks.	https://www.ecfr.gov/on/2026-10-01/title-30/section-18.50	us-gov-public-domain	30 CFR 18.50; PART 18 - ELECTRIC MOTOR-DRIVEN MINE EQUIPMENT AND ACCESSORIES; Subpart B - Construction and Design Requirements; eCFR as of 2026-10-01
cfr30-18.51	18.51 Electrical protection of circuits and equipment.	https://www.ecfr.gov/on/2026-10-01/title-30/section-18.51	us-gov-public-domain	30 CFR 18.51; PART 18 - ELECTRIC MOTOR-DRIVEN MINE EQUIPMENT AND ACCESSORIES; Subpart B - Construction and Design Requirements; eCFR as of 2026-10-01
cfr30-18.52	18.52 Renewal of fuses.	https://www.ecfr.gov/on/2026-10-01/title-30/section-18.52	us-gov-public-domain	30 CFR 18.52; PART 18 - ELECTRIC MOTOR-DRIVEN MINE EQUIPMENT AND ACCESSORIES; Subpart B - Construction and Design Requirements; eCFR as of 2026-10-01
cfr30-18.53	18.53 High-voltage longwall mining systems.	https://www.ecfr.gov/on/2026-10-01/title-30/section-18.53	us-gov-public-domain	30 CFR 18.53; PART 18 - ELECTRIC MOTOR-DRIVEN MINE EQUIPMENT AND ACCESSORIES; Subpart B - Construction and Design Requirements; eCFR as of 2026-10-01
cfr30-18.54	18.54 High-voltage continuous mining machines.	https://www.ecfr.gov/on/2026-10-01/title-30/section-18.54	us-gov-public-domain	30 CFR 18.54; PART 18 - ELECTRIC MOTOR-DRIVEN MINE EQUIPMENT AND ACCESSORIES; Subpart B - Construction and Design Requirements; eCFR as of 2026-10-01
cfr30-18.60	18.60 Detailed inspection of components.	https://www.ecfr.gov/on/2026-10-01/title-30/section-18.60	us-gov-public-domain	30 CFR 18.60; PART 18 - ELECTRIC MOTOR-DRIVEN MINE EQUIPMENT AND ACCESSORIES; Subpart C - Inspections and Tests; eCFR as of 2026-10-01
cfr30-18.61	18.61 Final inspection of complete machine.	https://www.ecfr.gov/on/2026-10-01/title-30/section-18.61	us-gov-public-domain	30 CFR 18.61; PART 18 - ELECTRIC MOTOR-DRIVEN MINE EQUIPMENT AND ACCESSORIES; Subpart C - Inspections and Tests; eCFR as of 2026-10-01
cfr30-18.62	18.62 Tests to determine explosion-proof characteristics.	https://www.ecfr.gov/on/2026-10-01/title-30/section-18.62	us-gov-public-domain	30 CFR 18.62; PART 18 - ELECTRIC MOTOR-DRIVEN MINE EQUIPMENT AND ACCESSORIES; Subpart C - Inspections and Tests; eCFR as of 2026-10-01
cfr30-18.65	18.65 Flame test of hose.	https://www.ecfr.gov/on/2026-10-01/title-30/section-18.65	us-gov-public-domain	30 CFR 18.65; PART 18 - ELECTRIC MOTOR-DRIVEN MINE EQUIPMENT AND ACCESSORIES; Subpart C - Inspections and Tests; eCFR as of 2026-10-01
cfr30-18.66	18.66 Tests of windows and lenses.	https://www.ecfr.gov/on/2026-10-01/title-30/section-18.66	us-gov-public-domain	30 CFR 18.66; PART 18 - ELECTRIC MOTOR-DRIVEN MINE EQUIPMENT AND ACCESSORIES; Subpart C - Inspections and Tests; eCFR as of 2026-10-01
cfr30-18.67	18.67 Static-pressure tests.	https://www.ecfr.gov/on/2026-10-01/title-30/section-18.67	us-gov-public-domain	30 CFR 18.67; PART 18 - ELECTRIC MOTOR-DRIVEN MINE EQUIPMENT AND ACCESSORIES; Subpart C - Inspections and Tests; eCFR as of 2026-10-01
cfr30-18.68	18.68 Tests for intrinsic safety.	https://www.ecfr.gov/on/2026-10-01/title-30/section-18.68	us-gov-public-domain	30 CFR 18.68; PART 18 - ELECTRIC MOTOR-DRIVEN MINE EQUIPMENT AND ACCESSORIES; Subpart C - Inspections and Tests; eCFR as of 2026-10-01
cfr30-18.69	18.69 Adequacy tests.	https://www.ecfr.gov/on/2026-10-01/title-30/section-18.69	us-gov-public-domain	30 CFR 18.69; PART 18 - ELECTRIC MOTOR-DRIVEN MINE EQUIPMENT AND ACCESSORIES; Subpart C - Inspections and Tests; eCFR as of 2026-10-01
cfr30-18.80	18.80 Approval of machines assembled with certified or explosion-proof components.	https://www.ecfr.gov/on/2026-10-01/title-30/section-18.80	us-gov-public-domain	30 CFR 18.80; PART 18 - ELECTRIC MOTOR-DRIVEN MINE EQUIPMENT AND ACCESSORIES; Subpart D - Machines Assembled With Certified or Explosion-Proof Components, Field Modifications of Approved Machines, and Permits To Use Experimental Equipment; eCFR as of 2026-10-01
cfr30-18.81	18.81 Field modification of approved (permissible) equipment; application for approval of modification; approval of plans for modification before modification.	https://www.ecfr.gov/on/2026-10-01/title-30/section-18.81	us-gov-public-domain	30 CFR 18.81; PART 18 - ELECTRIC MOTOR-DRIVEN MINE EQUIPMENT AND ACCESSORIES; Subpart D - Machines Assembled With Certified or Explosion-Proof Components, Field Modifications of Approved Machines, and Permits To Use Experimental Equipment; eCFR as of 2026-10-01
cfr30-18.82	18.82 Permit to use experimental electric face equipment in a gassy mine or tunnel.	https://www.ecfr.gov/on/2026-10-01/title-30/section-18.82	us-gov-public-domain	30 CFR 18.82; PART 18 - ELECTRIC MOTOR-DRIVEN MINE EQUIPMENT AND ACCESSORIES; Subpart D - Machines Assembled With Certified or Explosion-Proof Components, Field Modifications of Approved Machines, and Permits To Use Experimental Equipment; eCFR as of 2026-10-01
cfr30-18.90	18.90 Purpose.	https://www.ecfr.gov/on/2026-10-01/title-30/section-18.90	us-gov-public-domain	30 CFR 18.90; PART 18 - ELECTRIC MOTOR-DRIVEN MINE EQUIPMENT AND ACCESSORIES; Subpart E - Field Approval of Electrically Operated Mining Equipment; eCFR as of 2026-10-01
cfr30-18.91	18.91 Electric equipment for which field approvals will be issued.	https://www.ecfr.gov/on/2026-10-01/title-30/section-18.91	us-gov-public-domain	30 CFR 18.91; PART 18 - ELECTRIC MOTOR-DRIVEN MINE EQUIPMENT AND ACCESSORIES; Subpart E - Field Approval of Electrically Operated Mining Equipment; eCFR as of 2026-10-01
cfr30-18.92	18.92 Quality of material and design.	https://www.ecfr.gov/on/2026-10-01/title-30/section-18.92	us-gov-public-domain	30 CFR 18.92; PART 18 - ELECTRIC MOTOR-DRIVEN MINE EQUIPMENT AND ACCESSORIES; Subpart E - Field Approval of Electrically Operated Mining Equipment; eCFR as of 2026-10-01
cfr30-18.93	18.93 Application for field approval; filing procedures.	https://www.ecfr.gov/on/2026-10-01/title-30/section-18.93	us-gov-public-domain	30 CFR 18.93; PART 18 - ELECTRIC MOTOR-DRIVEN MINE EQUIPMENT AND ACCESSORIES; Subpart E - Field Approval of Electrically Operated Mining Equipment; eCFR as of 2026-10-01
cfr30-18.94	18.94 Application for field approval; contents of application.	https://www.ecfr.gov/on/2026-10-01/title-30/section-18.94	us-gov-public-domain	30 CFR 18.94; PART 18 - ELECTRIC MOTOR-DRIVEN MINE EQUIPMENT AND ACCESSORIES; Subpart E - Field Approval of Electrically Operated Mining Equipment; eCFR as of 2026-10-01
cfr30-18.95	18.95 Approval of machines constructed of components approved, accepted or certified under Bureau of Mines Schedule 2D, 2E, 2F, or 2G.	https://www.ecfr.gov/on/2026-10-01/title-30/section-18.95	us-gov-public-domain	30 CFR 18.95; PART 18 - ELECTRIC MOTOR-DRIVEN MINE EQUIPMENT AND ACCESSORIES; Subpart E - Field Approval of Electrically Operated Mining Equipment; eCFR as of 2026-10-01
cfr30-18.96	18.96 Preparation of machines for inspection; requirements.	https://www.ecfr.gov/on/2026-10-01/title-30/section-18.96	us-gov-public-domain	30 CFR 18.96; PART 18 - ELECTRIC MOTOR-DRIVEN MINE EQUIPMENT AND ACCESSORIES; Subpart E - Field Approval of Electrically Operated Mining Equipment; eCFR as of 2026-10-01
cfr30-18.97	18.97 Inspection of machines; minimum requirements.	https://www.ecfr.gov/on/2026-10-01/title-30/section-18.97	us-gov-public-domain	30 CFR 18.97; PART 18 - ELECTRIC MOTOR-DRIVEN MINE EQUIPMENT AND ACCESSORIES; Subpart E - Field Approval of Electrically Operated Mining Equipment; eCFR as of 2026-10-01
cfr30-18.98	18.98 Enclosures, joints, and fastenings; pressure testing.	https://www.ecfr.gov/on/2026-10-01/title-30/section-18.98	us-gov-public-domain	30 CFR 18.98; PART 18 - ELECTRIC MOTOR-DRIVEN MINE EQUIPMENT AND ACCESSORIES; Subpart E - Field Approval of Electrically Operated Mining Equipment; eCFR as of 2026-10-01
cfr30-18.99	18.99 Notice of approval or disapproval; letters of approval and approval plates.	https://www.ecfr.gov/on/2026-10-01/title-30/section-18.99	us-gov-public-domain	30 CFR 18.99; PART 18 - ELECTRIC MOTOR-DRIVEN MINE EQUIPMENT AND ACCESSORIES; Subpart E - Field Approval of Electrically Operated Mining Equipment; eCFR as of 2026-10-01
cfr30-18.101	18.101 Acceptance and use of voluntary consensus standards.	https://www.ecfr.gov/on/2026-10-01/title-30/section-18.101	us-gov-public-domain	30 CFR 18.101; PART 18 - ELECTRIC MOTOR-DRIVEN MINE EQUIPMENT AND ACCESSORIES; Subpart F - Voluntary Consensus Standards; eCFR as of 2026-10-01
cfr30-18.102	18.102 Approved (incorporated by reference) voluntary consensus standards.	https://www.ecfr.gov/on/2026-10-01/title-30/section-18.102	us-gov-public-domain	30 CFR 18.102; PART 18 - ELECTRIC MOTOR-DRIVEN MINE EQUIPMENT AND ACCESSORIES; Subpart F - Voluntary Consensus Standards; eCFR as of 2026-10-01
cfr30-18.103	18.103 Review and update of applicable voluntary consensus standards.	https://www.ecfr.gov/on/2026-10-01/title-30/section-18.103	us-gov-public-domain	30 CFR 18.103; PART 18 - ELECTRIC MOTOR-DRIVEN MINE EQUIPMENT AND ACCESSORIES; Subpart F - Voluntary Consensus Standards; eCFR as of 2026-10-01
cfr30-19.1	19.1 Purpose.	https://www.ecfr.gov/on/2026-10-01/title-30/section-19.1	us-gov-public-domain	30 CFR 19.1; PART 19 - ELECTRIC CAP LAMPS; eCFR as of 2026-10-01
cfr30-19.3	19.3 Application procedures and requirements.	https://www.ecfr.gov/on/2026-10-01/title-30/section-19.3	us-gov-public-domain	30 CFR 19.3; PART 19 - ELECTRIC CAP LAMPS; eCFR as of 2026-10-01
cfr30-19.4	19.4 Conditions governing investigations.	https://www.ecfr.gov/on/2026-10-01/title-30/section-19.4	us-gov-public-domain	30 CFR 19.4; PART 19 - ELECTRIC CAP LAMPS; eCFR as of 2026-10-01
cfr30-19.5	19.5 General requirements for approval.	https://www.ecfr.gov/on/2026-10-01/title-30/section-19.5	us-gov-public-domain	30 CFR 19.5; PART 19 - ELECTRIC CAP LAMPS; eCFR as of 2026-10-01
cfr30-19.6	19.6 Specific requirements for approval.	https://www.ecfr.gov/on/2026-10-01/title-30/section-19.6	us-gov-public-domain	30 CFR 19.6; PART 19 - ELECTRIC CAP LAMPS; eCFR as of 2026-10-01
cfr30-19.7	19.7 Protection against explosion hazard.	https://www.ecfr.gov/on/2026-10-01/title-30/section-19.7	us-gov-public-domain	30 CFR 19.7; PART 19 - ELECTRIC CAP LAMPS; eCFR as of 2026-10-01
cfr30-19.8	19.8 Protection against bodily hazard.	https://www.ecfr.gov/on/2026-10-01/title-30/section-19.8	us-gov-public-domain	30 CFR 19.8; PART 19 - ELECTRIC CAP LAMPS; eCFR as of 2026-10-01
cfr30-19.9	19.9 Performance.	https://www.ecfr.gov/on/2026-10-01/title-30/section-19.9	us-gov-public-domain	30 CFR 19.9; PART 19 - ELECTRIC CAP LAMPS; eCFR as of 2026-10-01
cfr30-19.10	19.10 Material required for MSHA records.	https://www.ecfr.gov/on/2026-10-01/title-30/section-19.10	us-gov-public-domain	30 CFR 19.10; PART 19 - ELECTRIC CAP LAMPS; eCFR as of 2026-10-01
cfr30-19.11	19.11 How approvals are granted.	https://www.ecfr.gov/on/2026-10-01/title-30/section-19.11	us-gov-public-domain	30 CFR 19.11; PART 19 - ELECTRIC CAP LAMPS; eCFR as of 2026-10-01
cfr30-19.12	19.12 Wording, purpose, and use of approval plate.	https://www.ecfr.gov/on/2026-10-01/title-30/section-19.12	us-gov-public-domain	30 CFR 19.12; PART 19 - ELECTRIC CAP LAMPS; eCFR as of 2026-10-01
cfr30-19.13	19.13 Instructions for handling future changes in lamp design.	https://www.ecfr.gov/on/2026-10-01/title-30/section-19.13	us-gov-public-domain	30 CFR 19.13; PART 19 - ELECTRIC CAP LAMPS; eCFR as of 2026-10-01
cfr30-20.0	20.0 Compliance with the requirements necessary for obtaining approval.	https://www.ecfr.gov/on/2026-10-01/title-30/section-20.0	us-gov-public-domain	30 CFR 20.0; PART 20 - ELECTRIC MINE LAMPS OTHER THAN STANDARD CAP LAMPS; eCFR as of 2026-10-01
cfr30-20.1	20.1 Purpose.	https://www.ecfr.gov/on/2026-10-01/title-30/section-20.1	us-gov-public-domain	30 CFR 20.1; PART 20 - ELECTRIC MINE LAMPS OTHER THAN STANDARD CAP LAMPS; eCFR as of 2026-10-01
cfr30-20.2	20.2 Definitions.	https://www.ecfr.gov/on/2026-10-01/title-30/section-20.2	us-gov-public-domain	30 CFR 20.2; PART 20 - ELECTRIC MINE LAMPS OTHER THAN STANDARD CAP LAMPS; eCFR as of 2026-10-01
cfr30-20.3	20.3 Application procedures and requirements.	https://www.ecfr.gov/on/2026-10-01/title-30/section-20.3	us-gov-public-domain	30 CFR 20.3; PART 20 - ELECTRIC MINE LAMPS OTHER THAN STANDARD CAP LAMPS; eCFR as of 2026-10-01
cfr30-20.5	20.5 Conditions governing investigations.	https://www.ecfr.gov/on/2026-10-01/title-30/section-20.5	us-gov-public-domain	30 CFR 20.5; PART 20 - ELECTRIC MINE LAMPS OTHER THAN STANDARD CAP LAMPS; eCFR as of 2026-10-01
cfr30-20.6	20.6 General requirements.	https://www.ecfr.gov/on/2026-10-01/title-30/section-20.6	us-gov-public-domain	30 CFR 20.6; PART 20 - ELECTRIC MINE LAMPS OTHER THAN STANDARD CAP LAMPS; eCFR as of 2026-10-01
cfr30-20.7	20.7 Specific requirements.	https://www.ecfr.gov/on/2026-10-01/title-30/section-20.7	us-gov-public-domain	30 CFR 20.7; PART 20 - ELECTRIC MINE LAMPS OTHER THAN STANDARD CAP LAMPS; eCFR as of 2026-10-01
cfr30-20.8	20.8 Class 1 lamps.	https://www.ecfr.gov/on/2026-10-01/title-30/section-20.8	us-gov-public-domain	30 CFR 20.8; PART 20 - ELECTRIC MINE LAMPS OTHER THAN STANDARD CAP LAMPS; eCFR as of 2026-10-01
cfr30-20.9	20.9 Class 2 lamps.	https://www.ecfr.gov/on/2026-10-01/title-30/section-20.9	us-gov-public-domain	30 CFR 20.9; PART 20 - ELECTRIC MINE LAMPS OTHER THAN STANDARD CAP LAMPS; eCFR as of 2026-10-01
cfr30-20.10	20.10 Tests (class 1 and 2 lamps).	https://www.ecfr.gov/on/2026-10-01/title-30/section-20.10	us-gov-public-domain	30 CFR 20.10; PART 20 - ELECTRIC MINE LAMPS OTHER THAN STANDARD CAP LAMPS; eCFR as of 2026-10-01
cfr30-20.11	20.11 Material required for MSHA records.	https://www.ecfr.gov/on/2026-10-01/title-30/section-20.11	us-gov-public-domain	30 CFR 20.11; PART 20 - ELECTRIC MINE LAMPS OTHER THAN STANDARD CAP LAMPS; eCFR as of 2026-10-01
cfr30-20.12	20.12 How approvals are granted.	https://www.ecfr.gov/on/2026-10-01/title-30/section-20.12	us-gov-public-domain	30 CFR 20.12; PART 20 - ELECTRIC MINE LAMPS OTHER THAN STANDARD CAP LAMPS; eCFR as of 2026-10-01
cfr30-20.13	20.13 Approval plate.	https://www.ecfr.gov/on/2026-10-01/title-30/section-20.13	us-gov-public-domain	30 CFR 20.13; PART 20 - ELECTRIC MINE LAMPS OTHER THAN STANDARD CAP LAMPS; eCFR as of 2026-10-01
cfr30-20.14	20.14 Instructions for handling future changes in lamp design.	https://www.ecfr.gov/on/2026-10-01/title-30/section-20.14	us-gov-public-domain	30 CFR 20.14; PART 20 - ELECTRIC MINE LAMPS OTHER THAN STANDARD CAP LAMPS; eCFR as of 2026-10-01
cfr30-22.0	22.0 Compliance with the requirements necessary for obtaining approval.	https://www.ecfr.gov/on/2026-10-01/title-30/section-22.0	us-gov-public-domain	30 CFR 22.0; PART 22 - PORTABLE METHANE DETECTORS; eCFR as of 2026-10-01
cfr30-22.1	22.1 Purpose.	https://www.ecfr.gov/on/2026-10-01/title-30/section-22.1	us-gov-public-domain	30 CFR 22.1; PART 22 - PORTABLE METHANE DETECTORS; eCFR as of 2026-10-01
cfr30-22.2	22.2 Definitions.	https://www.ecfr.gov/on/2026-10-01/title-30/section-22.2	us-gov-public-domain	30 CFR 22.2; PART 22 - PORTABLE METHANE DETECTORS; eCFR as of 2026-10-01
cfr30-22.4	22.4 Application procedures and requirements.	https://www.ecfr.gov/on/2026-10-01/title-30/section-22.4	us-gov-public-domain	30 CFR 22.4; PART 22 - PORTABLE METHANE DETECTORS; eCFR as of 2026-10-01
cfr30-22.5	22.5 Conditions governing investigations.	https://www.ecfr.gov/on/2026-10-01/title-30/section-22.5	us-gov-public-domain	30 CFR 22.5; PART 22 - PORTABLE METHANE DETECTORS; eCFR as of 2026-10-01
cfr30-22.6	22.6 General requirements.	https://www.ecfr.gov/on/2026-10-01/title-30/section-22.6	us-gov-public-domain	30 CFR 22.6; PART 22 - PORTABLE METHANE DETECTORS; eCFR as of 2026-10-01
cfr30-22.7	22.7 Specific requirements.	https://www.ecfr.gov/on/2026-10-01/title-30/section-22.7	us-gov-public-domain	30 CFR 22.7; PART 22 - PORTABLE METHANE DETECTORS; eCFR as of 2026-10-01
cfr30-22.8	22.8 Material required for MSHA records.	https://www.ecfr.gov/on/2026-10-01/title-30/section-22.8	us-gov-public-domain	30 CFR 22.8; PART 22 - PORTABLE METHANE DETECTORS; eCFR as of 2026-10-01
cfr30-22.9	22.9 How approvals are granted.	https://www.ecfr.gov/on/2026-10-01/title-30/section-22.9	us-gov-public-domain	30 CFR 22.9; PART 22 - PORTABLE METHANE DETECTORS; eCFR as of 2026-10-01
cfr30-22.10	22.10 Approval plate.	https://www.ecfr.gov/on/2026-10-01/title-30/section-22.10	us-gov-public-domain	30 CFR 22.10; PART 22 - PORTABLE METHANE DETECTORS; eCFR as of 2026-10-01
cfr30-22.11	22.11 Instructions on handling future changes in design.	https://www.ecfr.gov/on/2026-10-01/title-30/section-22.11	us-gov-public-domain	30 CFR 22.11; PART 22 - PORTABLE METHANE DETECTORS; eCFR as of 2026-10-01
cfr30-23.1	23.1 Purpose.	https://www.ecfr.gov/on/2026-10-01/title-30/section-23.1	us-gov-public-domain	30 CFR 23.1; PART 23 - TELEPHONES AND SIGNALING DEVICES; eCFR as of 2026-10-01
cfr30-23.2	23.2 Definitions.	https://www.ecfr.gov/on/2026-10-01/title-30/section-23.2	us-gov-public-domain	30 CFR 23.2; PART 23 - TELEPHONES AND SIGNALING DEVICES; eCFR as of 2026-10-01
cfr30-23.3	23.3 Application procedures and requirements.	https://www.ecfr.gov/on/2026-10-01/title-30/section-23.3	us-gov-public-domain	30 CFR 23.3; PART 23 - TELEPHONES AND SIGNALING DEVICES; eCFR as of 2026-10-01
cfr30-23.5	23.5 Conditions governing investigations.	https://www.ecfr.gov/on/2026-10-01/title-30/section-23.5	us-gov-public-domain	30 CFR 23.5; PART 23 - TELEPHONES AND SIGNALING DEVICES; eCFR as of 2026-10-01
cfr30-23.6	23.6 General requirements for approval.	https://www.ecfr.gov/on/2026-10-01/title-30/section-23.6	us-gov-public-domain	30 CFR 23.6; PART 23 - TELEPHONES AND SIGNALING DEVICES; eCFR as of 2026-10-01
cfr30-23.7	23.7 Specific requirements for approval.	https://www.ecfr.gov/on/2026-10-01/title-30/section-23.7	us-gov-public-domain	30 CFR 23.7; PART 23 - TELEPHONES AND SIGNALING DEVICES; eCFR as of 2026-10-01
cfr30-23.8	23.8 Inspection and tests.	https://www.ecfr.gov/on/2026-10-01/title-30/section-23.8	us-gov-public-domain	30 CFR 23.8; PART 23 - TELEPHONES AND SIGNALING DEVICES; eCFR as of 2026-10-01
cfr30-23.9	23.9 Special requirements for complete devices.	https://www.ecfr.gov/on/2026-10-01/title-30/section-23.9	us-gov-public-domain	30 CFR 23.9; PART 23 - TELEPHONES AND SIGNALING DEVICES; eCFR as of 2026-10-01
cfr30-23.10	23.10 Material required for MSHA records.	https://www.ecfr.gov/on/2026-10-01/title-30/section-23.10	us-gov-public-domain	30 CFR 23.10; PART 23 - TELEPHONES AND SIGNALING DEVICES; eCFR as of 2026-10-01
cfr30-23.11	23.11 How approvals are granted.	https://www.ecfr.gov/on/2026-10-01/title-30/section-23.11	us-gov-public-domain	30 CFR 23.11; PART 23 - TELEPHONES AND SIGNALING DEVICES; eCFR as of 2026-10-01
cfr30-23.12	23.12 Wording, purpose, and use of approval plate.	https://www.ecfr.gov/on/2026-10-01/title-30/section-23.12	us-gov-public-domain	30 CFR 23.12; PART 23 - TELEPHONES AND SIGNALING DEVICES; eCFR as of 2026-10-01
cfr30-23.13	23.13 Withdrawal of approval.	https://www.ecfr.gov/on/2026-10-01/title-30/section-23.13	us-gov-public-domain	30 CFR 23.13; PART 23 - TELEPHONES AND SIGNALING DEVICES; eCFR as of 2026-10-01
cfr30-23.14	23.14 Instructions for handling future changes in design.	https://www.ecfr.gov/on/2026-10-01/title-30/section-23.14	us-gov-public-domain	30 CFR 23.14; PART 23 - TELEPHONES AND SIGNALING DEVICES; eCFR as of 2026-10-01
cfr30-27.1	27.1 Purpose.	https://www.ecfr.gov/on/2026-10-01/title-30/section-27.1	us-gov-public-domain	30 CFR 27.1; PART 27 - METHANE-MONITORING SYSTEMS; Subpart A - General Provisions; eCFR as of 2026-10-01
cfr30-27.2	27.2 Definitions.	https://www.ecfr.gov/on/2026-10-01/title-30/section-27.2	us-gov-public-domain	30 CFR 27.2; PART 27 - METHANE-MONITORING SYSTEMS; Subpart A - General Provisions; eCFR as of 2026-10-01
cfr30-27.3	27.3 Consultation.	https://www.ecfr.gov/on/2026-10-01/title-30/section-27.3	us-gov-public-domain	30 CFR 27.3; PART 27 - METHANE-MONITORING SYSTEMS; Subpart A - General Provisions; eCFR as of 2026-10-01
cfr30-27.4	27.4 Application procedures and requirements.	https://www.ecfr.gov/on/2026-10-01/title-30/section-27.4	us-gov-public-domain	30 CFR 27.4; PART 27 - METHANE-MONITORING SYSTEMS; Subpart A - General Provisions; eCFR as of 2026-10-01
cfr30-27.5	27.5 Letter of certification.	https://www.ecfr.gov/on/2026-10-01/title-30/section-27.5	us-gov-public-domain	30 CFR 27.5; PART 27 - METHANE-MONITORING SYSTEMS; Subpart A - General Provisions; eCFR as of 2026-10-01
cfr30-27.6	27.6 Certification of components.	https://www.ecfr.gov/on/2026-10-01/title-30/section-27.6	us-gov-public-domain	30 CFR 27.6; PART 27 - METHANE-MONITORING SYSTEMS; Subpart A - General Provisions; eCFR as of 2026-10-01
cfr30-27.7	27.7 Certification plate or label.	https://www.ecfr.gov/on/2026-10-01/title-30/section-27.7	us-gov-public-domain	30 CFR 27.7; PART 27 - METHANE-MONITORING SYSTEMS; Subpart A - General Provisions; eCFR as of 2026-10-01
cfr30-27.9	27.9 Date for conducting tests.	https://www.ecfr.gov/on/2026-10-01/title-30/section-27.9	us-gov-public-domain	30 CFR 27.9; PART 27 - METHANE-MONITORING SYSTEMS; Subpart A - General Provisions; eCFR as of 2026-10-01
cfr30-27.10	27.10 Conduct of investigations, tests, and demonstrations.	https://www.ecfr.gov/on/2026-10-01/title-30/section-27.10	us-gov-public-domain	30 CFR 27.10; PART 27 - METHANE-MONITORING SYSTEMS; Subpart A - General Provisions; eCFR as of 2026-10-01
cfr30-27.11	27.11 Extension of certification.	https://www.ecfr.gov/on/2026-10-01/title-30/section-27.11	us-gov-public-domain	30 CFR 27.11; PART 27 - METHANE-MONITORING SYSTEMS; Subpart A - General Provisions; eCFR as of 2026-10-01
cfr30-27.12	27.12 Withdrawal of certification.	https://www.ecfr.gov/on/2026-10-01/title-30/section-27.12	us-gov-public-domain	30 CFR 27.12; PART 27 - METHANE-MONITORING SYSTEMS; Subpart A - General Provisions; eCFR as of 2026-10-01
cfr30-27.20	27.20 Quality of material, workmanship, and design.	https://www.ecfr.gov/on/2026-10-01/title-30/section-27.20	us-gov-public-domain	30 CFR 27.20; PART 27 - METHANE-MONITORING SYSTEMS; Subpart B - Construction and Design Requirements; eCFR as of 2026-10-01
cfr30-27.21	27.21 Methane-monitoring system.	https://www.ecfr.gov/on/2026-10-01/title-30/section-27.21	us-gov-public-domain	30 CFR 27.21; PART 27 - METHANE-MONITORING SYSTEMS; Subpart B - Construction and Design Requirements; eCFR as of 2026-10-01
cfr30-27.22	27.22 Methane detector component.	https://www.ecfr.gov/on/2026-10-01/title-30/section-27.22	us-gov-public-domain	30 CFR 27.22; PART 27 - METHANE-MONITORING SYSTEMS; Subpart B - Construction and Design Requirements; eCFR as of 2026-10-01
cfr30-27.23	27.23 Automatic warning device.	https://www.ecfr.gov/on/2026-10-01/title-30/section-27.23	us-gov-public-domain	30 CFR 27.23; PART 27 - METHANE-MONITORING SYSTEMS; Subpart B - Construction and Design Requirements; eCFR as of 2026-10-01
cfr30-27.24	27.24 Power-shutoff component.	https://www.ecfr.gov/on/2026-10-01/title-30/section-27.24	us-gov-public-domain	30 CFR 27.24; PART 27 - METHANE-MONITORING SYSTEMS; Subpart B - Construction and Design Requirements; eCFR as of 2026-10-01
cfr30-27.30	27.30 Inspection.	https://www.ecfr.gov/on/2026-10-01/title-30/section-27.30	us-gov-public-domain	30 CFR 27.30; PART 27 - METHANE-MONITORING SYSTEMS; Subpart C - Test Requirements; eCFR as of 2026-10-01
cfr30-27.31	27.31 Testing methods.	https://www.ecfr.gov/on/2026-10-01/title-30/section-27.31	us-gov-public-domain	30 CFR 27.31; PART 27 - METHANE-MONITORING SYSTEMS; Subpart C - Test Requirements; eCFR as of 2026-10-01
cfr30-27.32	27.32 Tests to determine performance of the system.	https://www.ecfr.gov/on/2026-10-01/title-30/section-27.32	us-gov-public-domain	30 CFR 27.32; PART 27 - METHANE-MONITORING SYSTEMS; Subpart C - Test Requirements; eCFR as of 2026-10-01
cfr30-27.33	27.33 Test to determine explosion-proof construction.	https://www.ecfr.gov/on/2026-10-01/title-30/section-27.33	us-gov-public-domain	30 CFR 27.33; PART 27 - METHANE-MONITORING SYSTEMS; Subpart C - Test Requirements; eCFR as of 2026-10-01
cfr30-27.34	27.34 Test for intrinsic safety.	https://www.ecfr.gov/on/2026-10-01/title-30/section-27.34	us-gov-public-domain	30 CFR 27.34; PART 27 - METHANE-MONITORING SYSTEMS; Subpart C - Test Requirements; eCFR as of 2026-10-01
cfr30-27.35	27.35 Tests to determine life of critical components and subassemblies.	https://www.ecfr.gov/on/2026-10-01/title-30/section-27.35	us-gov-public-domain	30 CFR 27.35; PART 27 - METHANE-MONITORING SYSTEMS; Subpart C - Test Requirements; eCFR as of 2026-10-01
cfr30-27.36	27.36 Test for adequacy of electrical insulation and clearances.	https://www.ecfr.gov/on/2026-10-01/title-30/section-27.36	us-gov-public-domain	30 CFR 27.36; PART 27 - METHANE-MONITORING SYSTEMS; Subpart C - Test Requirements; eCFR as of 2026-10-01
cfr30-27.37	27.37 Tests to determine adequacy of safety devices for bulbs.	https://www.ecfr.gov/on/2026-10-01/title-30/section-27.37	us-gov-public-domain	30 CFR 27.37; PART 27 - METHANE-MONITORING SYSTEMS; Subpart C - Test Requirements; eCFR as of 2026-10-01
cfr30-27.38	27.38 Tests to determine adequacy of windows and lenses.	https://www.ecfr.gov/on/2026-10-01/title-30/section-27.38	us-gov-public-domain	30 CFR 27.38; PART 27 - METHANE-MONITORING SYSTEMS; Subpart C - Test Requirements; eCFR as of 2026-10-01
cfr30-27.39	27.39 Tests to determine resistance to vibration.	https://www.ecfr.gov/on/2026-10-01/title-30/section-27.39	us-gov-public-domain	30 CFR 27.39; PART 27 - METHANE-MONITORING SYSTEMS; Subpart C - Test Requirements; eCFR as of 2026-10-01
cfr30-27.40	27.40 Test to determine resistance to dust.	https://www.ecfr.gov/on/2026-10-01/title-30/section-27.40	us-gov-public-domain	30 CFR 27.40; PART 27 - METHANE-MONITORING SYSTEMS; Subpart C - Test Requirements; eCFR as of 2026-10-01
cfr30-27.41	27.41 Test to determine resistance to moisture.	https://www.ecfr.gov/on/2026-10-01/title-30/section-27.41	us-gov-public-domain	30 CFR 27.41; PART 27 - METHANE-MONITORING SYSTEMS; Subpart C - Test Requirements; eCFR as of 2026-10-01
cfr30-28.1	28.1 Purpose.	https://www.ecfr.gov/on/2026-10-01/title-30/section-28.1	us-gov-public-domain	30 CFR 28.1; PART 28 - FUSES FOR USE WITH DIRECT CURRENT IN PROVIDING SHORT-CIRCUIT PROTECTION FOR TRAILING CABLES IN COAL MINES; Subpart A - General Provisions; eCFR as of 2026-10-01
cfr30-28.2	28.2 Approved fuses.	https://www.ecfr.gov/on/2026-10-01/title-30/section-28.2	us-gov-public-domain	30 CFR 28.2; PART 28 - FUSES FOR USE WITH DIRECT CURRENT IN PROVIDING SHORT-CIRCUIT PROTECTION FOR TRAILING CABLES IN COAL MINES; Subpart A - General Provisions; eCFR as of 2026-10-01
cfr30-28.3	28.3 Installation, use, and maintenance of approved fuses.	https://www.ecfr.gov/on/2026-10-01/title-30/section-28.3	us-gov-public-domain	30 CFR 28.3; PART 28 - FUSES FOR USE WITH DIRECT CURRENT IN PROVIDING SHORT-CIRCUIT PROTECTION FOR TRAILING CABLES IN COAL MINES; Subpart A - General Provisions; eCFR as of 2026-10-01
cfr30-28.4	28.4 Definitions.	https://www.ecfr.gov/on/2026-10-01/title-30/section-28.4	us-gov-public-domain	30 CFR 28.4; PART 28 - FUSES FOR USE WITH DIRECT CURRENT IN PROVIDING SHORT-CIRCUIT PROTECTION FOR TRAILING CABLES IN COAL MINES; Subpart A - General Provisions; eCFR as of 2026-10-01
cfr30-28.10	28.10 Application procedures.	https://www.ecfr.gov/on/2026-10-01/title-30/section-28.10	us-gov-public-domain	30 CFR 28.10; PART 28 - FUSES FOR USE WITH DIRECT CURRENT IN PROVIDING SHORT-CIRCUIT PROTECTION FOR TRAILING CABLES IN COAL MINES; Subpart B - Application for Approval; eCFR as of 2026-10-01
cfr30-28.20	28.20 Certificates of approval; scope of approval.	https://www.ecfr.gov/on/2026-10-01/title-30/section-28.20	us-gov-public-domain	30 CFR 28.20; PART 28 - FUSES FOR USE WITH DIRECT CURRENT IN PROVIDING SHORT-CIRCUIT PROTECTION FOR TRAILING CABLES IN COAL MINES; Subpart C - Approval and Disapproval; eCFR as of 2026-10-01
cfr30-28.21	28.21 Certificates of approval; contents.	https://www.ecfr.gov/on/2026-10-01/title-30/section-28.21	us-gov-public-domain	30 CFR 28.21; PART 28 - FUSES FOR USE WITH DIRECT CURRENT IN PROVIDING SHORT-CIRCUIT PROTECTION FOR TRAILING CABLES IN COAL MINES; Subpart C - Approval and Disapproval; eCFR as of 2026-10-01
cfr30-28.22	28.22 Notice of disapproval.	https://www.ecfr.gov/on/2026-10-01/title-30/section-28.22	us-gov-public-domain	30 CFR 28.22; PART 28 - FUSES FOR USE WITH DIRECT CURRENT IN PROVIDING SHORT-CIRCUIT PROTECTION FOR TRAILING CABLES IN COAL MINES; Subpart C - Approval and Disapproval; eCFR as of 2026-10-01
cfr30-28.23	28.23 Approval labels or markings; approval of contents; use.	https://www.ecfr.gov/on/2026-10-01/title-30/section-28.23	us-gov-public-domain	30 CFR 28.23; PART 28 - FUSES FOR USE WITH DIRECT CURRENT IN PROVIDING SHORT-CIRCUIT PROTECTION FOR TRAILING CABLES IN COAL MINES; Subpart C - Approval and Disapproval; eCFR as of 2026-10-01
cfr30-28.24	28.24 Revocation of certificates of approval.	https://www.ecfr.gov/on/2026-10-01/title-30/section-28.24	us-gov-public-domain	30 CFR 28.24; PART 28 - FUSES FOR USE WITH DIRECT CURRENT IN PROVIDING SHORT-CIRCUIT PROTECTION FOR TRAILING CABLES IN COAL MINES; Subpart C - Approval and Disapproval; eCFR as of 2026-10-01
cfr30-28.25	28.25 Changes or modifications of approved fuses; issuance of modification of certificate of approval.	https://www.ecfr.gov/on/2026-10-01/title-30/section-28.25	us-gov-public-domain	30 CFR 28.25; PART 28 - FUSES FOR USE WITH DIRECT CURRENT IN PROVIDING SHORT-CIRCUIT PROTECTION FOR TRAILING CABLES IN COAL MINES; Subpart C - Approval and Disapproval; eCFR as of 2026-10-01
cfr30-28.30	28.30 Quality control plans; filing requirements.	https://www.ecfr.gov/on/2026-10-01/title-30/section-28.30	us-gov-public-domain	30 CFR 28.30; PART 28 - FUSES FOR USE WITH DIRECT CURRENT IN PROVIDING SHORT-CIRCUIT PROTECTION FOR TRAILING CABLES IN COAL MINES; Subpart D - Quality Control; eCFR as of 2026-10-01
cfr30-28.31	28.31 Quality control plans; contents.	https://www.ecfr.gov/on/2026-10-01/title-30/section-28.31	us-gov-public-domain	30 CFR 28.31; PART 28 - FUSES FOR USE WITH DIRECT CURRENT IN PROVIDING SHORT-CIRCUIT PROTECTION FOR TRAILING CABLES IN COAL MINES; Subpart D - Quality Control; eCFR as of 2026-10-01
cfr30-28.32	28.32 Proposed quality control plans; approval by MSHA.	https://www.ecfr.gov/on/2026-10-01/title-30/section-28.32	us-gov-public-domain	30 CFR 28.32; PART 28 - FUSES FOR USE WITH DIRECT CURRENT IN PROVIDING SHORT-CIRCUIT PROTECTION FOR TRAILING CABLES IN COAL MINES; Subpart D - Quality Control; eCFR as of 2026-10-01
cfr30-28.33	28.33 Quality control test methods, equipment, and records; review by MSHA; revocation of approval.	https://www.ecfr.gov/on/2026-10-01/title-30/section-28.33	us-gov-public-domain	30 CFR 28.33; PART 28 - FUSES FOR USE WITH DIRECT CURRENT IN PROVIDING SHORT-CIRCUIT PROTECTION FOR TRAILING CABLES IN COAL MINES; Subpart D - Quality Control; eCFR as of 2026-10-01
cfr30-28.40	28.40 Construction and performance requirements; general.	https://www.ecfr.gov/on/2026-10-01/title-30/section-28.40	us-gov-public-domain	30 CFR 28.40; PART 28 - FUSES FOR USE WITH DIRECT CURRENT IN PROVIDING SHORT-CIRCUIT PROTECTION FOR TRAILING CABLES IN COAL MINES; Subpart E - Construction, Performance, and Testing Requirements; eCFR as of 2026-10-01
cfr30-28.41	28.41 Testing requirements; general.	https://www.ecfr.gov/on/2026-10-01/title-30/section-28.41	us-gov-public-domain	30 CFR 28.41; PART 28 - FUSES FOR USE WITH DIRECT CURRENT IN PROVIDING SHORT-CIRCUIT PROTECTION FOR TRAILING CABLES IN COAL MINES; Subpart E - Construction, Performance, and Testing Requirements; eCFR as of 2026-10-01
cfr30-33.1	33.1 Purpose.	https://www.ecfr.gov/on/2026-10-01/title-30/section-33.1	us-gov-public-domain	30 CFR 33.1; PART 33 - DUST COLLECTORS FOR USE IN CONNECTION WITH ROCK DRILLING IN COAL MINES; Subpart A - General Provisions; eCFR as of 2026-10-01
cfr30-33.2	33.2 Definitions.	https://www.ecfr.gov/on/2026-10-01/title-30/section-33.2	us-gov-public-domain	30 CFR 33.2; PART 33 - DUST COLLECTORS FOR USE IN CONNECTION WITH ROCK DRILLING IN COAL MINES; Subpart A - General Provisions; eCFR as of 2026-10-01
cfr30-33.3	33.3 Consultation.	https://www.ecfr.gov/on/2026-10-01/title-30/section-33.3	us-gov-public-domain	30 CFR 33.3; PART 33 - DUST COLLECTORS FOR USE IN CONNECTION WITH ROCK DRILLING IN COAL MINES; Subpart A - General Provisions; eCFR as of 2026-10-01
cfr30-33.4	33.4 Types of dust collectors for which certificates of approval may be granted.	https://www.ecfr.gov/on/2026-10-01/title-30/section-33.4	us-gov-public-domain	30 CFR 33.4; PART 33 - DUST COLLECTORS FOR USE IN CONNECTION WITH ROCK DRILLING IN COAL MINES; Subpart A - General Provisions; eCFR as of 2026-10-01
cfr30-33.6	33.6 Application procedures and requirements.	https://www.ecfr.gov/on/2026-10-01/title-30/section-33.6	us-gov-public-domain	30 CFR 33.6; PART 33 - DUST COLLECTORS FOR USE IN CONNECTION WITH ROCK DRILLING IN COAL MINES; Subpart A - General Provisions; eCFR as of 2026-10-01
cfr30-33.7	33.7 Date for conducting tests.	https://www.ecfr.gov/on/2026-10-01/title-30/section-33.7	us-gov-public-domain	30 CFR 33.7; PART 33 - DUST COLLECTORS FOR USE IN CONNECTION WITH ROCK DRILLING IN COAL MINES; Subpart A - General Provisions; eCFR as of 2026-10-01
cfr30-33.8	33.8 Conduct of investigations, tests, and demonstrations.	https://www.ecfr.gov/on/2026-10-01/title-30/section-33.8	us-gov-public-domain	30 CFR 33.8; PART 33 - DUST COLLECTORS FOR USE IN CONNECTION WITH ROCK DRILLING IN COAL MINES; Subpart A - General Provisions; eCFR as of 2026-10-01
cfr30-33.9	33.9 Certification of dust-collecting systems.	https://www.ecfr.gov/on/2026-10-01/title-30/section-33.9	us-gov-public-domain	30 CFR 33.9; PART 33 - DUST COLLECTORS FOR USE IN CONNECTION WITH ROCK DRILLING IN COAL MINES; Subpart A - General Provisions; eCFR as of 2026-10-01
cfr30-33.10	33.10 Certificates of approval or performance.	https://www.ecfr.gov/on/2026-10-01/title-30/section-33.10	us-gov-public-domain	30 CFR 33.10; PART 33 - DUST COLLECTORS FOR USE IN CONNECTION WITH ROCK DRILLING IN COAL MINES; Subpart A - General Provisions; eCFR as of 2026-10-01
cfr30-33.11	33.11 Approval plates.	https://www.ecfr.gov/on/2026-10-01/title-30/section-33.11	us-gov-public-domain	30 CFR 33.11; PART 33 - DUST COLLECTORS FOR USE IN CONNECTION WITH ROCK DRILLING IN COAL MINES; Subpart A - General Provisions; eCFR as of 2026-10-01
cfr30-33.12	33.12 Changes after certification.	https://www.ecfr.gov/on/2026-10-01/title-30/section-33.12	us-gov-public-domain	30 CFR 33.12; PART 33 - DUST COLLECTORS FOR USE IN CONNECTION WITH ROCK DRILLING IN COAL MINES; Subpart A - General Provisions; eCFR as of 2026-10-01
cfr30-33.13	33.13 Withdrawal of certification.	https://www.ecfr.gov/on/2026-10-01/title-30/section-33.13	us-gov-public-domain	30 CFR 33.13; PART 33 - DUST COLLECTORS FOR USE IN CONNECTION WITH ROCK DRILLING IN COAL MINES; Subpart A - General Provisions; eCFR as of 2026-10-01
cfr30-33.20	33.20 Design and construction.	https://www.ecfr.gov/on/2026-10-01/title-30/section-33.20	us-gov-public-domain	30 CFR 33.20; PART 33 - DUST COLLECTORS FOR USE IN CONNECTION WITH ROCK DRILLING IN COAL MINES; Subpart B - Dust-Collector Requirements; eCFR as of 2026-10-01
cfr30-33.21	33.21 Modification of test equipment.	https://www.ecfr.gov/on/2026-10-01/title-30/section-33.21	us-gov-public-domain	30 CFR 33.21; PART 33 - DUST COLLECTORS FOR USE IN CONNECTION WITH ROCK DRILLING IN COAL MINES; Subpart B - Dust-Collector Requirements; eCFR as of 2026-10-01
cfr30-33.22	33.22 Mode of use.	https://www.ecfr.gov/on/2026-10-01/title-30/section-33.22	us-gov-public-domain	30 CFR 33.22; PART 33 - DUST COLLECTORS FOR USE IN CONNECTION WITH ROCK DRILLING IN COAL MINES; Subpart B - Dust-Collector Requirements; eCFR as of 2026-10-01
cfr30-33.23	33.23 Mechanical positioning of parts.	https://www.ecfr.gov/on/2026-10-01/title-30/section-33.23	us-gov-public-domain	30 CFR 33.23; PART 33 - DUST COLLECTORS FOR USE IN CONNECTION WITH ROCK DRILLING IN COAL MINES; Subpart B - Dust-Collector Requirements; eCFR as of 2026-10-01
cfr30-33.30	33.30 Test site.	https://www.ecfr.gov/on/2026-10-01/title-30/section-33.30	us-gov-public-domain	30 CFR 33.30; PART 33 - DUST COLLECTORS FOR USE IN CONNECTION WITH ROCK DRILLING IN COAL MINES; Subpart C - Test Requirements; eCFR as of 2026-10-01
cfr30-33.31	33.31 Test space.	https://www.ecfr.gov/on/2026-10-01/title-30/section-33.31	us-gov-public-domain	30 CFR 33.31; PART 33 - DUST COLLECTORS FOR USE IN CONNECTION WITH ROCK DRILLING IN COAL MINES; Subpart C - Test Requirements; eCFR as of 2026-10-01
cfr30-33.32	33.32 Determination of dust concentration.	https://www.ecfr.gov/on/2026-10-01/title-30/section-33.32	us-gov-public-domain	30 CFR 33.32; PART 33 - DUST COLLECTORS FOR USE IN CONNECTION WITH ROCK DRILLING IN COAL MINES; Subpart C - Test Requirements; eCFR as of 2026-10-01
cfr30-33.33	33.33 Allowable limits of dust concentration.	https://www.ecfr.gov/on/2026-10-01/title-30/section-33.33	us-gov-public-domain	30 CFR 33.33; PART 33 - DUST COLLECTORS FOR USE IN CONNECTION WITH ROCK DRILLING IN COAL MINES; Subpart C - Test Requirements; eCFR as of 2026-10-01
cfr30-33.34	33.34 Drilling test.	https://www.ecfr.gov/on/2026-10-01/title-30/section-33.34	us-gov-public-domain	30 CFR 33.34; PART 33 - DUST COLLECTORS FOR USE IN CONNECTION WITH ROCK DRILLING IN COAL MINES; Subpart C - Test Requirements; eCFR as of 2026-10-01
cfr30-33.35	33.35 Methods of drilling; dust-collector unit.	https://www.ecfr.gov/on/2026-10-01/title-30/section-33.35	us-gov-public-domain	30 CFR 33.35; PART 33 - DUST COLLECTORS FOR USE IN CONNECTION WITH ROCK DRILLING IN COAL MINES; Subpart C - Test Requirements; eCFR as of 2026-10-01
cfr30-33.36	33.36 Method of drilling; combination unit or dust-collecting system.	https://www.ecfr.gov/on/2026-10-01/title-30/section-33.36	us-gov-public-domain	30 CFR 33.36; PART 33 - DUST COLLECTORS FOR USE IN CONNECTION WITH ROCK DRILLING IN COAL MINES; Subpart C - Test Requirements; eCFR as of 2026-10-01
cfr30-33.37	33.37 Test procedure.	https://www.ecfr.gov/on/2026-10-01/title-30/section-33.37	us-gov-public-domain	30 CFR 33.37; PART 33 - DUST COLLECTORS FOR USE IN CONNECTION WITH ROCK DRILLING IN COAL MINES; Subpart C - Test Requirements; eCFR as of 2026-10-01
cfr30-33.38	33.38 Electrical parts.	https://www.ecfr.gov/on/2026-10-01/title-30/section-33.38	us-gov-public-domain	30 CFR 33.38; PART 33 - DUST COLLECTORS FOR USE IN CONNECTION WITH ROCK DRILLING IN COAL MINES; Subpart C - Test Requirements; eCFR as of 2026-10-01
cfr30-35.1	35.1 Purpose.	https://www.ecfr.gov/on/2026-10-01/title-30/section-35.1	us-gov-public-domain	30 CFR 35.1; PART 35 - FIRE-RESISTANT HYDRAULIC FLUIDS; Subpart A - General Provisions; eCFR as of 2026-10-01
cfr30-35.2	35.2 Definitions.	https://www.ecfr.gov/on/2026-10-01/title-30/section-35.2	us-gov-public-domain	30 CFR 35.2; PART 35 - FIRE-RESISTANT HYDRAULIC FLUIDS; Subpart A - General Provisions; eCFR as of 2026-10-01
cfr30-35.3	35.3 Consultation.	https://www.ecfr.gov/on/2026-10-01/title-30/section-35.3	us-gov-public-domain	30 CFR 35.3; PART 35 - FIRE-RESISTANT HYDRAULIC FLUIDS; Subpart A - General Provisions; eCFR as of 2026-10-01
cfr30-35.4	35.4 Types of hydraulic fluid for which certificates of approval may be granted.	https://www.ecfr.gov/on/2026-10-01/title-30/section-35.4	us-gov-public-domain	30 CFR 35.4; PART 35 - FIRE-RESISTANT HYDRAULIC FLUIDS; Subpart A - General Provisions; eCFR as of 2026-10-01
cfr30-35.6	35.6 Application procedures and requirements.	https://www.ecfr.gov/on/2026-10-01/title-30/section-35.6	us-gov-public-domain	30 CFR 35.6; PART 35 - FIRE-RESISTANT HYDRAULIC FLUIDS; Subpart A - General Provisions; eCFR as of 2026-10-01
cfr30-35.7	35.7 Date for conducting tests.	https://www.ecfr.gov/on/2026-10-01/title-30/section-35.7	us-gov-public-domain	30 CFR 35.7; PART 35 - FIRE-RESISTANT HYDRAULIC FLUIDS; Subpart A - General Provisions; eCFR as of 2026-10-01
cfr30-35.8	35.8 Conduct of investigations, tests, and demonstrations.	https://www.ecfr.gov/on/2026-10-01/title-30/section-35.8	us-gov-public-domain	30 CFR 35.8; PART 35 - FIRE-RESISTANT HYDRAULIC FLUIDS; Subpart A - General Provisions; eCFR as of 2026-10-01
cfr30-35.9	35.9 Certificates of approval.	https://www.ecfr.gov/on/2026-10-01/title-30/section-35.9	us-gov-public-domain	30 CFR 35.9; PART 35 - FIRE-RESISTANT HYDRAULIC FLUIDS; Subpart A - General Provisions; eCFR as of 2026-10-01
cfr30-35.10	35.10 Approval labels or markings.	https://www.ecfr.gov/on/2026-10-01/title-30/section-35.10	us-gov-public-domain	30 CFR 35.10; PART 35 - FIRE-RESISTANT HYDRAULIC FLUIDS; Subpart A - General Provisions; eCFR as of 2026-10-01
cfr30-35.11	35.11 Material required for record.	https://www.ecfr.gov/on/2026-10-01/title-30/section-35.11	us-gov-public-domain	30 CFR 35.11; PART 35 - FIRE-RESISTANT HYDRAULIC FLUIDS; Subpart A - General Provisions; eCFR as of 2026-10-01
cfr30-35.12	35.12 Changes after certification.	https://www.ecfr.gov/on/2026-10-01/title-30/section-35.12	us-gov-public-domain	30 CFR 35.12; PART 35 - FIRE-RESISTANT HYDRAULIC FLUIDS; Subpart A - General Provisions; eCFR as of 2026-10-01
cfr30-35.13	35.13 Withdrawal of certification.	https://www.ecfr.gov/on/2026-10-01/title-30/section-35.13	us-gov-public-domain	30 CFR 35.13; PART 35 - FIRE-RESISTANT HYDRAULIC FLUIDS; Subpart A - General Provisions; eCFR as of 2026-10-01
cfr30-35.20	35.20 Autogenous-ignition temperature test.	https://www.ecfr.gov/on/2026-10-01/title-30/section-35.20	us-gov-public-domain	30 CFR 35.20; PART 35 - FIRE-RESISTANT HYDRAULIC FLUIDS; Subpart B - Test Requirements; eCFR as of 2026-10-01
cfr30-35.21	35.21 Temperature-pressure spray-ignition tests.	https://www.ecfr.gov/on/2026-10-01/title-30/section-35.21	us-gov-public-domain	30 CFR 35.21; PART 35 - FIRE-RESISTANT HYDRAULIC FLUIDS; Subpart B - Test Requirements; eCFR as of 2026-10-01
cfr30-35.22	35.22 Test to determine effect of evaporation on flammability.	https://www.ecfr.gov/on/2026-10-01/title-30/section-35.22	us-gov-public-domain	30 CFR 35.22; PART 35 - FIRE-RESISTANT HYDRAULIC FLUIDS; Subpart B - Test Requirements; eCFR as of 2026-10-01
cfr30-35.23	35.23 Performance required for certification.	https://www.ecfr.gov/on/2026-10-01/title-30/section-35.23	us-gov-public-domain	30 CFR 35.23; PART 35 - FIRE-RESISTANT HYDRAULIC FLUIDS; Subpart B - Test Requirements; eCFR as of 2026-10-01
cfr30-36.1	36.1 Purpose.	https://www.ecfr.gov/on/2026-10-01/title-30/section-36.1	us-gov-public-domain	30 CFR 36.1; PART 36 - APPROVAL REQUIREMENTS FOR PERMISSIBLE MOBILE DIESEL-POWERED TRANSPORTATION EQUIPMENT; Subpart A - General Provisions; eCFR as of 2026-10-01
cfr30-36.2	36.2 Definitions.	https://www.ecfr.gov/on/2026-10-01/title-30/section-36.2	us-gov-public-domain	30 CFR 36.2; PART 36 - APPROVAL REQUIREMENTS FOR PERMISSIBLE MOBILE DIESEL-POWERED TRANSPORTATION EQUIPMENT; Subpart A - General Provisions; eCFR as of 2026-10-01
cfr30-36.3	36.3 Consultation.	https://www.ecfr.gov/on/2026-10-01/title-30/section-36.3	us-gov-public-domain	30 CFR 36.3; PART 36 - APPROVAL REQUIREMENTS FOR PERMISSIBLE MOBILE DIESEL-POWERED TRANSPORTATION EQUIPMENT; Subpart A - General Provisions; eCFR as of 2026-10-01
cfr30-36.4	36.4 Mobile diesel-powered transportation equipment for which certificates of approval may be granted.	https://www.ecfr.gov/on/2026-10-01/title-30/section-36.4	us-gov-public-domain	30 CFR 36.4; PART 36 - APPROVAL REQUIREMENTS FOR PERMISSIBLE MOBILE DIESEL-POWERED TRANSPORTATION EQUIPMENT; Subpart A - General Provisions; eCFR as of 2026-10-01
cfr30-36.5	36.5 Letters of certification.	https://www.ecfr.gov/on/2026-10-01/title-30/section-36.5	us-gov-public-domain	30 CFR 36.5; PART 36 - APPROVAL REQUIREMENTS FOR PERMISSIBLE MOBILE DIESEL-POWERED TRANSPORTATION EQUIPMENT; Subpart A - General Provisions; eCFR as of 2026-10-01
cfr30-36.6	36.6 Application procedures and requirements.	https://www.ecfr.gov/on/2026-10-01/title-30/section-36.6	us-gov-public-domain	30 CFR 36.6; PART 36 - APPROVAL REQUIREMENTS FOR PERMISSIBLE MOBILE DIESEL-POWERED TRANSPORTATION EQUIPMENT; Subpart A - General Provisions; eCFR as of 2026-10-01
cfr30-36.8	36.8 Date for conducting tests.	https://www.ecfr.gov/on/2026-10-01/title-30/section-36.8	us-gov-public-domain	30 CFR 36.8; PART 36 - APPROVAL REQUIREMENTS FOR PERMISSIBLE MOBILE DIESEL-POWERED TRANSPORTATION EQUIPMENT; Subpart A - General Provisions; eCFR as of 2026-10-01
cfr30-36.9	36.9 Conduct of investigations, tests, and demonstrations.	https://www.ecfr.gov/on/2026-10-01/title-30/section-36.9	us-gov-public-domain	30 CFR 36.9; PART 36 - APPROVAL REQUIREMENTS FOR PERMISSIBLE MOBILE DIESEL-POWERED TRANSPORTATION EQUIPMENT; Subpart A - General Provisions; eCFR as of 2026-10-01
cfr30-36.10	36.10 Certificate of approval.	https://www.ecfr.gov/on/2026-10-01/title-30/section-36.10	us-gov-public-domain	30 CFR 36.10; PART 36 - APPROVAL REQUIREMENTS FOR PERMISSIBLE MOBILE DIESEL-POWERED TRANSPORTATION EQUIPMENT; Subpart A - General Provisions; eCFR as of 2026-10-01
cfr30-36.11	36.11 Approval plates.	https://www.ecfr.gov/on/2026-10-01/title-30/section-36.11	us-gov-public-domain	30 CFR 36.11; PART 36 - APPROVAL REQUIREMENTS FOR PERMISSIBLE MOBILE DIESEL-POWERED TRANSPORTATION EQUIPMENT; Subpart A - General Provisions; eCFR as of 2026-10-01
cfr30-36.12	36.12 Changes after certification.	https://www.ecfr.gov/on/2026-10-01/title-30/section-36.12	us-gov-public-domain	30 CFR 36.12; PART 36 - APPROVAL REQUIREMENTS FOR PERMISSIBLE MOBILE DIESEL-POWERED TRANSPORTATION EQUIPMENT; Subpart A - General Provisions; eCFR as of 2026-10-01
cfr30-36.13	36.13 Withdrawal of certification.	https://www.ecfr.gov/on/2026-10-01/title-30/section-36.13	us-gov-public-domain	30 CFR 36.13; PART 36 - APPROVAL REQUIREMENTS FOR PERMISSIBLE MOBILE DIESEL-POWERED TRANSPORTATION EQUIPMENT; Subpart A - General Provisions; eCFR as of 2026-10-01
cfr30-36.20	36.20 Quality of material, workmanship, and design.	https://www.ecfr.gov/on/2026-10-01/title-30/section-36.20	us-gov-public-domain	30 CFR 36.20; PART 36 - APPROVAL REQUIREMENTS FOR PERMISSIBLE MOBILE DIESEL-POWERED TRANSPORTATION EQUIPMENT; Subpart B - Construction and Design Requirements; eCFR as of 2026-10-01
cfr30-36.21	36.21 Engine for equipment considered for certification.	https://www.ecfr.gov/on/2026-10-01/title-30/section-36.21	us-gov-public-domain	30 CFR 36.21; PART 36 - APPROVAL REQUIREMENTS FOR PERMISSIBLE MOBILE DIESEL-POWERED TRANSPORTATION EQUIPMENT; Subpart B - Construction and Design Requirements; eCFR as of 2026-10-01
cfr30-36.22	36.22 Fuel-injection system.	https://www.ecfr.gov/on/2026-10-01/title-30/section-36.22	us-gov-public-domain	30 CFR 36.22; PART 36 - APPROVAL REQUIREMENTS FOR PERMISSIBLE MOBILE DIESEL-POWERED TRANSPORTATION EQUIPMENT; Subpart B - Construction and Design Requirements; eCFR as of 2026-10-01
cfr30-36.23	36.23 Engine intake system.	https://www.ecfr.gov/on/2026-10-01/title-30/section-36.23	us-gov-public-domain	30 CFR 36.23; PART 36 - APPROVAL REQUIREMENTS FOR PERMISSIBLE MOBILE DIESEL-POWERED TRANSPORTATION EQUIPMENT; Subpart B - Construction and Design Requirements; eCFR as of 2026-10-01
cfr30-36.24	36.24 Engine joints.	https://www.ecfr.gov/on/2026-10-01/title-30/section-36.24	us-gov-public-domain	30 CFR 36.24; PART 36 - APPROVAL REQUIREMENTS FOR PERMISSIBLE MOBILE DIESEL-POWERED TRANSPORTATION EQUIPMENT; Subpart B - Construction and Design Requirements; eCFR as of 2026-10-01
cfr30-36.25	36.25 Engine exhaust system.	https://www.ecfr.gov/on/2026-10-01/title-30/section-36.25	us-gov-public-domain	30 CFR 36.25; PART 36 - APPROVAL REQUIREMENTS FOR PERMISSIBLE MOBILE DIESEL-POWERED TRANSPORTATION EQUIPMENT; Subpart B - Construction and Design Requirements; eCFR as of 2026-10-01
cfr30-36.26	36.26 Composition of exhaust gas.	https://www.ecfr.gov/on/2026-10-01/title-30/section-36.26	us-gov-public-domain	30 CFR 36.26; PART 36 - APPROVAL REQUIREMENTS FOR PERMISSIBLE MOBILE DIESEL-POWERED TRANSPORTATION EQUIPMENT; Subpart B - Construction and Design Requirements; eCFR as of 2026-10-01
cfr30-36.27	36.27 Fuel-supply system.	https://www.ecfr.gov/on/2026-10-01/title-30/section-36.27	us-gov-public-domain	30 CFR 36.27; PART 36 - APPROVAL REQUIREMENTS FOR PERMISSIBLE MOBILE DIESEL-POWERED TRANSPORTATION EQUIPMENT; Subpart B - Construction and Design Requirements; eCFR as of 2026-10-01
cfr30-36.28	36.28 Signal or warning device.	https://www.ecfr.gov/on/2026-10-01/title-30/section-36.28	us-gov-public-domain	30 CFR 36.28; PART 36 - APPROVAL REQUIREMENTS FOR PERMISSIBLE MOBILE DIESEL-POWERED TRANSPORTATION EQUIPMENT; Subpart B - Construction and Design Requirements; eCFR as of 2026-10-01
cfr30-36.29	36.29 Brakes.	https://www.ecfr.gov/on/2026-10-01/title-30/section-36.29	us-gov-public-domain	30 CFR 36.29; PART 36 - APPROVAL REQUIREMENTS FOR PERMISSIBLE MOBILE DIESEL-POWERED TRANSPORTATION EQUIPMENT; Subpart B - Construction and Design Requirements; eCFR as of 2026-10-01
cfr30-36.30	36.30 Rerailing device.	https://www.ecfr.gov/on/2026-10-01/title-30/section-36.30	us-gov-public-domain	30 CFR 36.30; PART 36 - APPROVAL REQUIREMENTS FOR PERMISSIBLE MOBILE DIESEL-POWERED TRANSPORTATION EQUIPMENT; Subpart B - Construction and Design Requirements; eCFR as of 2026-10-01
cfr30-36.31	36.31 Fire extinguisher.	https://www.ecfr.gov/on/2026-10-01/title-30/section-36.31	us-gov-public-domain	30 CFR 36.31; PART 36 - APPROVAL REQUIREMENTS FOR PERMISSIBLE MOBILE DIESEL-POWERED TRANSPORTATION EQUIPMENT; Subpart B - Construction and Design Requirements; eCFR as of 2026-10-01
cfr30-36.32	36.32 Electrical components and systems.	https://www.ecfr.gov/on/2026-10-01/title-30/section-36.32	us-gov-public-domain	30 CFR 36.32; PART 36 - APPROVAL REQUIREMENTS FOR PERMISSIBLE MOBILE DIESEL-POWERED TRANSPORTATION EQUIPMENT; Subpart B - Construction and Design Requirements; eCFR as of 2026-10-01
cfr30-36.33	36.33 Headlights and fixtures.	https://www.ecfr.gov/on/2026-10-01/title-30/section-36.33	us-gov-public-domain	30 CFR 36.33; PART 36 - APPROVAL REQUIREMENTS FOR PERMISSIBLE MOBILE DIESEL-POWERED TRANSPORTATION EQUIPMENT; Subpart B - Construction and Design Requirements; eCFR as of 2026-10-01
cfr30-36.40	36.40 Test site.	https://www.ecfr.gov/on/2026-10-01/title-30/section-36.40	us-gov-public-domain	30 CFR 36.40; PART 36 - APPROVAL REQUIREMENTS FOR PERMISSIBLE MOBILE DIESEL-POWERED TRANSPORTATION EQUIPMENT; Subpart C - Test Requirements; eCFR as of 2026-10-01
cfr30-36.41	36.41 Testing methods.	https://www.ecfr.gov/on/2026-10-01/title-30/section-36.41	us-gov-public-domain	30 CFR 36.41; PART 36 - APPROVAL REQUIREMENTS FOR PERMISSIBLE MOBILE DIESEL-POWERED TRANSPORTATION EQUIPMENT; Subpart C - Test Requirements; eCFR as of 2026-10-01
cfr30-36.42	36.42 Inspection.	https://www.ecfr.gov/on/2026-10-01/title-30/section-36.42	us-gov-public-domain	30 CFR 36.42; PART 36 - APPROVAL REQUIREMENTS FOR PERMISSIBLE MOBILE DIESEL-POWERED TRANSPORTATION EQUIPMENT; Subpart C - Test Requirements; eCFR as of 2026-10-01
cfr30-36.43	36.43 Determination of exhaust-gas composition.	https://www.ecfr.gov/on/2026-10-01/title-30/section-36.43	us-gov-public-domain	30 CFR 36.43; PART 36 - APPROVAL REQUIREMENTS FOR PERMISSIBLE MOBILE DIESEL-POWERED TRANSPORTATION EQUIPMENT; Subpart C - Test Requirements; eCFR as of 2026-10-01
cfr30-36.44	36.44 Maximum allowable fuel:air ratio.	https://www.ecfr.gov/on/2026-10-01/title-30/section-36.44	us-gov-public-domain	30 CFR 36.44; PART 36 - APPROVAL REQUIREMENTS FOR PERMISSIBLE MOBILE DIESEL-POWERED TRANSPORTATION EQUIPMENT; Subpart C - Test Requirements; eCFR as of 2026-10-01
cfr30-36.45	36.45 Quantity of ventilating air.	https://www.ecfr.gov/on/2026-10-01/title-30/section-36.45	us-gov-public-domain	30 CFR 36.45; PART 36 - APPROVAL REQUIREMENTS FOR PERMISSIBLE MOBILE DIESEL-POWERED TRANSPORTATION EQUIPMENT; Subpart C - Test Requirements; eCFR as of 2026-10-01
cfr30-36.46	36.46 Explosion tests of intake and exhaust systems.	https://www.ecfr.gov/on/2026-10-01/title-30/section-36.46	us-gov-public-domain	30 CFR 36.46; PART 36 - APPROVAL REQUIREMENTS FOR PERMISSIBLE MOBILE DIESEL-POWERED TRANSPORTATION EQUIPMENT; Subpart C - Test Requirements; eCFR as of 2026-10-01
cfr30-36.47	36.47 Tests of exhaust-gas cooling system.	https://www.ecfr.gov/on/2026-10-01/title-30/section-36.47	us-gov-public-domain	30 CFR 36.47; PART 36 - APPROVAL REQUIREMENTS FOR PERMISSIBLE MOBILE DIESEL-POWERED TRANSPORTATION EQUIPMENT; Subpart C - Test Requirements; eCFR as of 2026-10-01
cfr30-36.48	36.48 Tests of surface temperature of engine and components of the cooling system.	https://www.ecfr.gov/on/2026-10-01/title-30/section-36.48	us-gov-public-domain	30 CFR 36.48; PART 36 - APPROVAL REQUIREMENTS FOR PERMISSIBLE MOBILE DIESEL-POWERED TRANSPORTATION EQUIPMENT; Subpart C - Test Requirements; eCFR as of 2026-10-01
cfr30-36.49	36.49 Tests of exhaust-gas dilution system.	https://www.ecfr.gov/on/2026-10-01/title-30/section-36.49	us-gov-public-domain	30 CFR 36.49; PART 36 - APPROVAL REQUIREMENTS FOR PERMISSIBLE MOBILE DIESEL-POWERED TRANSPORTATION EQUIPMENT; Subpart C - Test Requirements; eCFR as of 2026-10-01
cfr30-36.50	36.50 Tests of fuel tank.	https://www.ecfr.gov/on/2026-10-01/title-30/section-36.50	us-gov-public-domain	30 CFR 36.50; PART 36 - APPROVAL REQUIREMENTS FOR PERMISSIBLE MOBILE DIESEL-POWERED TRANSPORTATION EQUIPMENT; Subpart C - Test Requirements; eCFR as of 2026-10-01
cfr30-40.1	40.1 Definitions.	https://www.ecfr.gov/on/2026-10-01/title-30/section-40.1	us-gov-public-domain	30 CFR 40.1; PART 40 - REPRESENTATIVE OF MINERS; eCFR as of 2026-10-01
cfr30-40.2	40.2 Requirements.	https://www.ecfr.gov/on/2026-10-01/title-30/section-40.2	us-gov-public-domain	30 CFR 40.2; PART 40 - REPRESENTATIVE OF MINERS; eCFR as of 2026-10-01
cfr30-40.3	40.3 Filing procedures.	https://www.ecfr.gov/on/2026-10-01/title-30/section-40.3	us-gov-public-domain	30 CFR 40.3; PART 40 - REPRESENTATIVE OF MINERS; eCFR as of 2026-10-01
cfr30-40.4	40.4 Posting at mine.	https://www.ecfr.gov/on/2026-10-01/title-30/section-40.4	us-gov-public-domain	30 CFR 40.4; PART 40 - REPRESENTATIVE OF MINERS; eCFR as of 2026-10-01
cfr30-40.5	40.5 Termination of designation as representative of miners.	https://www.ecfr.gov/on/2026-10-01/title-30/section-40.5	us-gov-public-domain	30 CFR 40.5; PART 40 - REPRESENTATIVE OF MINERS; eCFR as of 2026-10-01
cfr30-41.1	41.1 Definitions.	https://www.ecfr.gov/on/2026-10-01/title-30/section-41.1	us-gov-public-domain	30 CFR 41.1; PART 41 - NOTIFICATION OF LEGAL IDENTITY; Subpart A - Definitions; eCFR as of 2026-10-01
cfr30-41.10	41.10 Scope.	https://www.ecfr.gov/on/2026-10-01/title-30/section-41.10	us-gov-public-domain	30 CFR 41.10; PART 41 - NOTIFICATION OF LEGAL IDENTITY; Subpart B - Notification of Legal Identity; eCFR as of 2026-10-01
cfr30-41.11	41.11 Notification by operator.	https://www.ecfr.gov/on/2026-10-01/title-30/section-41.11	us-gov-public-domain	30 CFR 41.11; PART 41 - NOTIFICATION OF LEGAL IDENTITY; Subpart B - Notification of Legal Identity; eCFR as of 2026-10-01
cfr30-41.12	41.12 Changes; notification by operator.	https://www.ecfr.gov/on/2026-10-01/title-30/section-41.12	us-gov-public-domain	30 CFR 41.12; PART 41 - NOTIFICATION OF LEGAL IDENTITY; Subpart B - Notification of Legal Identity; eCFR as of 2026-10-01
cfr30-41.13	41.13 Failure to notify.	https://www.ecfr.gov/on/2026-10-01/title-30/section-41.13	us-gov-public-domain	30 CFR 41.13; PART 41 - NOTIFICATION OF LEGAL IDENTITY; Subpart B - Notification of Legal Identity; eCFR as of 2026-10-01
cfr30-41.20	41.20 Legal identity report.	https://www.ecfr.gov/on/2026-10-01/title-30/section-41.20	us-gov-public-domain	30 CFR 41.20; PART 41 - NOTIFICATION OF LEGAL IDENTITY; Subpart C - Operator's Report to the Mine Safety and Health Administration; eCFR as of 2026-10-01
cfr30-41.30	41.30 Address of record and telephone number.	https://www.ecfr.gov/on/2026-10-01/title-30/section-41.30	us-gov-public-domain	30 CFR 41.30; PART 41 - NOTIFICATION OF LEGAL IDENTITY; Subpart C - Operator's Report to the Mine Safety and Health Administration; eCFR as of 2026-10-01
cfr30-42.10	42.10 Tuition fees.	https://www.ecfr.gov/on/2026-10-01/title-30/section-42.10	us-gov-public-domain	30 CFR 42.10; PART 42 - NATIONAL MINE HEALTH AND SAFETY ACADEMY; Subpart B - Tuition Fees; eCFR as of 2026-10-01
cfr30-42.20	42.20 Schedule of fees.	https://www.ecfr.gov/on/2026-10-01/title-30/section-42.20	us-gov-public-domain	30 CFR 42.20; PART 42 - NATIONAL MINE HEALTH AND SAFETY ACADEMY; Subpart B - Tuition Fees; eCFR as of 2026-10-01
cfr30-42.30	42.30 Procedure for payment.	https://www.ecfr.gov/on/2026-10-01/title-30/section-42.30	us-gov-public-domain	30 CFR 42.30; PART 42 - NATIONAL MINE HEALTH AND SAFETY ACADEMY; Subpart B - Tuition Fees; eCFR as of 2026-10-01
cfr30-42.40	42.40 Refunds.	https://www.ecfr.gov/on/2026-10-01/title-30/section-42.40	us-gov-public-domain	30 CFR 42.40; PART 42 - NATIONAL MINE HEALTH AND SAFETY ACADEMY; Subpart B - Tuition Fees; eCFR as of 2026-10-01
cfr30-42.50	42.50 Charges for room and board.	https://www.ecfr.gov/on/2026-10-01/title-30/section-42.50	us-gov-public-domain	30 CFR 42.50; PART 42 - NATIONAL MINE HEALTH AND SAFETY ACADEMY; Subpart C - Room and Board; eCFR as of 2026-10-01
cfr30-43.1	43.1 Definitions.	https://www.ecfr.gov/on/2026-10-01/title-30/section-43.1	us-gov-public-domain	30 CFR 43.1; PART 43 - PROCEDURES FOR PROCESSING HAZARDOUS CONDITIONS COMPLAINTS; Subpart A - General; eCFR as of 2026-10-01
cfr30-43.2	43.2 General.	https://www.ecfr.gov/on/2026-10-01/title-30/section-43.2	us-gov-public-domain	30 CFR 43.2; PART 43 - PROCEDURES FOR PROCESSING HAZARDOUS CONDITIONS COMPLAINTS; Subpart A - General; eCFR as of 2026-10-01
cfr30-43.3	43.3 Purpose and scope of this part.	https://www.ecfr.gov/on/2026-10-01/title-30/section-43.3	us-gov-public-domain	30 CFR 43.3; PART 43 - PROCEDURES FOR PROCESSING HAZARDOUS CONDITIONS COMPLAINTS; Subpart A - General; eCFR as of 2026-10-01
cfr30-43.4	43.4 Requirements for giving notice.	https://www.ecfr.gov/on/2026-10-01/title-30/section-43.4	us-gov-public-domain	30 CFR 43.4; PART 43 - PROCEDURES FOR PROCESSING HAZARDOUS CONDITIONS COMPLAINTS; Subpart B - Special Inspections; eCFR as of 2026-10-01
cfr30-43.5	43.5 Action by the Secretary.	https://www.ecfr.gov/on/2026-10-01/title-30/section-43.5	us-gov-public-domain	30 CFR 43.5; PART 43 - PROCEDURES FOR PROCESSING HAZARDOUS CONDITIONS COMPLAINTS; Subpart B - Special Inspections; eCFR as of 2026-10-01
cfr30-43.6	43.6 Notice of negative finding.	https://www.ecfr.gov/on/2026-10-01/title-30/section-43.6	us-gov-public-domain	30 CFR 43.6; PART 43 - PROCEDURES FOR PROCESSING HAZARDOUS CONDITIONS COMPLAINTS; Subpart B - Special Inspections; eCFR as of 2026-10-01
cfr30-43.7	43.7 Informal review upon written notice given to an inspector on the mine premises.	https://www.ecfr.gov/on/2026-10-01/title-30/section-43.7	us-gov-public-domain	30 CFR 43.7; PART 43 - PROCEDURES FOR PROCESSING HAZARDOUS CONDITIONS COMPLAINTS; Subpart C - Informal Review; eCFR as of 2026-10-01
cfr30-43.8	43.8 Informal review upon issuance of a notice of negative finding.	https://www.ecfr.gov/on/2026-10-01/title-30/section-43.8	us-gov-public-domain	30 CFR 43.8; PART 43 - PROCEDURES FOR PROCESSING HAZARDOUS CONDITIONS COMPLAINTS; Subpart C - Informal Review; eCFR as of 2026-10-01
cfr30-44.1	44.1 Scope and construction.	https://www.ecfr.gov/on/2026-10-01/title-30/section-44.1	us-gov-public-domain	30 CFR 44.1; PART 44 - RULES OF PRACTICE FOR PETITIONS FOR MODIFICATION OF MANDATORY SAFETY STANDARDS; Subpart A - General; eCFR as of 2026-10-01
cfr30-44.2	44.2 Definitions.	https://www.ecfr.gov/on/2026-10-01/title-30/section-44.2	us-gov-public-domain	30 CFR 44.2; PART 44 - RULES OF PRACTICE FOR PETITIONS FOR MODIFICATION OF MANDATORY SAFETY STANDARDS; Subpart A - General; eCFR as of 2026-10-01
cfr30-44.3	44.3 Parties.	https://www.ecfr.gov/on/2026-10-01/title-30/section-44.3	us-gov-public-domain	30 CFR 44.3; PART 44 - RULES OF PRACTICE FOR PETITIONS FOR MODIFICATION OF MANDATORY SAFETY STANDARDS; Subpart A - General; eCFR as of 2026-10-01
cfr30-44.4	44.4 Standard of evaluation of petitions; effect of petitions granted.	https://www.ecfr.gov/on/2026-10-01/title-30/section-44.4	us-gov-public-domain	30 CFR 44.4; PART 44 - RULES OF PRACTICE FOR PETITIONS FOR MODIFICATION OF MANDATORY SAFETY STANDARDS; Subpart A - General; eCFR as of 2026-10-01
cfr30-44.5	44.5 Notice of a granted petition for modification.	https://www.ecfr.gov/on/2026-10-01/title-30/section-44.5	us-gov-public-domain	30 CFR 44.5; PART 44 - RULES OF PRACTICE FOR PETITIONS FOR MODIFICATION OF MANDATORY SAFETY STANDARDS; Subpart A - General; eCFR as of 2026-10-01
cfr30-44.6	44.6 Service.	https://www.ecfr.gov/on/2026-10-01/title-30/section-44.6	us-gov-public-domain	30 CFR 44.6; PART 44 - RULES OF PRACTICE FOR PETITIONS FOR MODIFICATION OF MANDATORY SAFETY STANDARDS; Subpart A - General; eCFR as of 2026-10-01
cfr30-44.7	44.7 Filing.	https://www.ecfr.gov/on/2026-10-01/title-30/section-44.7	us-gov-public-domain	30 CFR 44.7; PART 44 - RULES OF PRACTICE FOR PETITIONS FOR MODIFICATION OF MANDATORY SAFETY STANDARDS; Subpart A - General; eCFR as of 2026-10-01
cfr30-44.8	44.8 Ex parte communication.	https://www.ecfr.gov/on/2026-10-01/title-30/section-44.8	us-gov-public-domain	30 CFR 44.8; PART 44 - RULES OF PRACTICE FOR PETITIONS FOR MODIFICATION OF MANDATORY SAFETY STANDARDS; Subpart A - General; eCFR as of 2026-10-01
cfr30-44.9	44.9 Posting of petition.	https://www.ecfr.gov/on/2026-10-01/title-30/section-44.9	us-gov-public-domain	30 CFR 44.9; PART 44 - RULES OF PRACTICE FOR PETITIONS FOR MODIFICATION OF MANDATORY SAFETY STANDARDS; Subpart A - General; eCFR as of 2026-10-01
cfr30-44.10	44.10 Filing of petition; service.	https://www.ecfr.gov/on/2026-10-01/title-30/section-44.10	us-gov-public-domain	30 CFR 44.10; PART 44 - RULES OF PRACTICE FOR PETITIONS FOR MODIFICATION OF MANDATORY SAFETY STANDARDS; Subpart B - Initial Procedure for Petitions for Modification; eCFR as of 2026-10-01
cfr30-44.11	44.11 Contents of petition.	https://www.ecfr.gov/on/2026-10-01/title-30/section-44.11	us-gov-public-domain	30 CFR 44.11; PART 44 - RULES OF PRACTICE FOR PETITIONS FOR MODIFICATION OF MANDATORY SAFETY STANDARDS; Subpart B - Initial Procedure for Petitions for Modification; eCFR as of 2026-10-01
cfr30-44.12	44.12 Procedure for public notice of petition received.	https://www.ecfr.gov/on/2026-10-01/title-30/section-44.12	us-gov-public-domain	30 CFR 44.12; PART 44 - RULES OF PRACTICE FOR PETITIONS FOR MODIFICATION OF MANDATORY SAFETY STANDARDS; Subpart B - Initial Procedure for Petitions for Modification; eCFR as of 2026-10-01
cfr30-44.13	44.13 Proposed decision.	https://www.ecfr.gov/on/2026-10-01/title-30/section-44.13	us-gov-public-domain	30 CFR 44.13; PART 44 - RULES OF PRACTICE FOR PETITIONS FOR MODIFICATION OF MANDATORY SAFETY STANDARDS; Subpart B - Initial Procedure for Petitions for Modification; eCFR as of 2026-10-01
cfr30-44.14	44.14 Request for hearing.	https://www.ecfr.gov/on/2026-10-01/title-30/section-44.14	us-gov-public-domain	30 CFR 44.14; PART 44 - RULES OF PRACTICE FOR PETITIONS FOR MODIFICATION OF MANDATORY SAFETY STANDARDS; Subpart B - Initial Procedure for Petitions for Modification; eCFR as of 2026-10-01
cfr30-44.15	44.15 Referral to Chief Administrative Law Judge.	https://www.ecfr.gov/on/2026-10-01/title-30/section-44.15	us-gov-public-domain	30 CFR 44.15; PART 44 - RULES OF PRACTICE FOR PETITIONS FOR MODIFICATION OF MANDATORY SAFETY STANDARDS; Subpart B - Initial Procedure for Petitions for Modification; eCFR as of 2026-10-01
cfr30-44.16	44.16 Application for temporary relief; relief to give effect to the proposed decision and order.	https://www.ecfr.gov/on/2026-10-01/title-30/section-44.16	us-gov-public-domain	30 CFR 44.16; PART 44 - RULES OF PRACTICE FOR PETITIONS FOR MODIFICATION OF MANDATORY SAFETY STANDARDS; Subpart B - Initial Procedure for Petitions for Modification; eCFR as of 2026-10-01
cfr30-44.20	44.20 Designation of administrative law judge.	https://www.ecfr.gov/on/2026-10-01/title-30/section-44.20	us-gov-public-domain	30 CFR 44.20; PART 44 - RULES OF PRACTICE FOR PETITIONS FOR MODIFICATION OF MANDATORY SAFETY STANDARDS; Subpart C - Hearings; eCFR as of 2026-10-01
cfr30-44.21	44.21 Filing and form of documents.	https://www.ecfr.gov/on/2026-10-01/title-30/section-44.21	us-gov-public-domain	30 CFR 44.21; PART 44 - RULES OF PRACTICE FOR PETITIONS FOR MODIFICATION OF MANDATORY SAFETY STANDARDS; Subpart C - Hearings; eCFR as of 2026-10-01
cfr30-44.22	44.22 Administrative law judges; powers and duties.	https://www.ecfr.gov/on/2026-10-01/title-30/section-44.22	us-gov-public-domain	30 CFR 44.22; PART 44 - RULES OF PRACTICE FOR PETITIONS FOR MODIFICATION OF MANDATORY SAFETY STANDARDS; Subpart C - Hearings; eCFR as of 2026-10-01
cfr30-44.23	44.23 Prehearing conferences.	https://www.ecfr.gov/on/2026-10-01/title-30/section-44.23	us-gov-public-domain	30 CFR 44.23; PART 44 - RULES OF PRACTICE FOR PETITIONS FOR MODIFICATION OF MANDATORY SAFETY STANDARDS; Subpart C - Hearings; eCFR as of 2026-10-01
cfr30-44.24	44.24 Discovery.	https://www.ecfr.gov/on/2026-10-01/title-30/section-44.24	us-gov-public-domain	30 CFR 44.24; PART 44 - RULES OF PRACTICE FOR PETITIONS FOR MODIFICATION OF MANDATORY SAFETY STANDARDS; Subpart C - Hearings; eCFR as of 2026-10-01
cfr30-44.25	44.25 Depositions.	https://www.ecfr.gov/on/2026-10-01/title-30/section-44.25	us-gov-public-domain	30 CFR 44.25; PART 44 - RULES OF PRACTICE FOR PETITIONS FOR MODIFICATION OF MANDATORY SAFETY STANDARDS; Subpart C - Hearings; eCFR as of 2026-10-01
cfr30-44.26	44.26 Subpoenas; witness fees.	https://www.ecfr.gov/on/2026-10-01/title-30/section-44.26	us-gov-public-domain	30 CFR 44.26; PART 44 - RULES OF PRACTICE FOR PETITIONS FOR MODIFICATION OF MANDATORY SAFETY STANDARDS; Subpart C - Hearings; eCFR as of 2026-10-01
cfr30-44.27	44.27 Consent findings and rules or orders.	https://www.ecfr.gov/on/2026-10-01/title-30/section-44.27	us-gov-public-domain	30 CFR 44.27; PART 44 - RULES OF PRACTICE FOR PETITIONS FOR MODIFICATION OF MANDATORY SAFETY STANDARDS; Subpart C - Hearings; eCFR as of 2026-10-01
cfr30-44.28	44.28 Notice of hearing.	https://www.ecfr.gov/on/2026-10-01/title-30/section-44.28	us-gov-public-domain	30 CFR 44.28; PART 44 - RULES OF PRACTICE FOR PETITIONS FOR MODIFICATION OF MANDATORY SAFETY STANDARDS; Subpart C - Hearings; eCFR as of 2026-10-01
cfr30-44.29	44.29 Motions.	https://www.ecfr.gov/on/2026-10-01/title-30/section-44.29	us-gov-public-domain	30 CFR 44.29; PART 44 - RULES OF PRACTICE FOR PETITIONS FOR MODIFICATION OF MANDATORY SAFETY STANDARDS; Subpart C - Hearings; eCFR as of 2026-10-01
cfr30-44.30	44.30 Hearing procedures.	https://www.ecfr.gov/on/2026-10-01/title-30/section-44.30	us-gov-public-domain	30 CFR 44.30; PART 44 - RULES OF PRACTICE FOR PETITIONS FOR MODIFICATION OF MANDATORY SAFETY STANDARDS; Subpart C - Hearings; eCFR as of 2026-10-01
cfr30-44.31	44.31 Proposed findings of fact, conclusions, and orders.	https://www.ecfr.gov/on/2026-10-01/title-30/section-44.31	us-gov-public-domain	30 CFR 44.31; PART 44 - RULES OF PRACTICE FOR PETITIONS FOR MODIFICATION OF MANDATORY SAFETY STANDARDS; Subpart C - Hearings; eCFR as of 2026-10-01
cfr30-44.32	44.32 Initial decision.	https://www.ecfr.gov/on/2026-10-01/title-30/section-44.32	us-gov-public-domain	30 CFR 44.32; PART 44 - RULES OF PRACTICE FOR PETITIONS FOR MODIFICATION OF MANDATORY SAFETY STANDARDS; Subpart C - Hearings; eCFR as of 2026-10-01
cfr30-44.33	44.33 Departmental review.	https://www.ecfr.gov/on/2026-10-01/title-30/section-44.33	us-gov-public-domain	30 CFR 44.33; PART 44 - RULES OF PRACTICE FOR PETITIONS FOR MODIFICATION OF MANDATORY SAFETY STANDARDS; Subpart C - Hearings; eCFR as of 2026-10-01
cfr30-44.34	44.34 Transmission of record.	https://www.ecfr.gov/on/2026-10-01/title-30/section-44.34	us-gov-public-domain	30 CFR 44.34; PART 44 - RULES OF PRACTICE FOR PETITIONS FOR MODIFICATION OF MANDATORY SAFETY STANDARDS; Subpart C - Hearings; eCFR as of 2026-10-01
cfr30-44.35	44.35 Decision of the Assistant Secretary.	https://www.ecfr.gov/on/2026-10-01/title-30/section-44.35	us-gov-public-domain	30 CFR 44.35; PART 44 - RULES OF PRACTICE FOR PETITIONS FOR MODIFICATION OF MANDATORY SAFETY STANDARDS; Subpart C - Hearings; eCFR as of 2026-10-01
cfr30-44.40	44.40 Motion for summary decision.	https://www.ecfr.gov/on/2026-10-01/title-30/section-44.40	us-gov-public-domain	30 CFR 44.40; PART 44 - RULES OF PRACTICE FOR PETITIONS FOR MODIFICATION OF MANDATORY SAFETY STANDARDS; Subpart D - Summary Decisions; eCFR as of 2026-10-01
cfr30-44.41	44.41 Summary decision.	https://www.ecfr.gov/on/2026-10-01/title-30/section-44.41	us-gov-public-domain	30 CFR 44.41; PART 44 - RULES OF PRACTICE FOR PETITIONS FOR MODIFICATION OF MANDATORY SAFETY STANDARDS; Subpart D - Summary Decisions; eCFR as of 2026-10-01
cfr30-44.50	44.50 Effect of appeal on initial decision.	https://www.ecfr.gov/on/2026-10-01/title-30/section-44.50	us-gov-public-domain	30 CFR 44.50; PART 44 - RULES OF PRACTICE FOR PETITIONS FOR MODIFICATION OF MANDATORY SAFETY STANDARDS; Subpart E - Effect of Initial Decision; eCFR as of 2026-10-01
cfr30-44.51	44.51 Finality for purposes of judicial review.	https://www.ecfr.gov/on/2026-10-01/title-30/section-44.51	us-gov-public-domain	30 CFR 44.51; PART 44 - RULES OF PRACTICE FOR PETITIONS FOR MODIFICATION OF MANDATORY SAFETY STANDARDS; Subpart E - Effect of Initial Decision; eCFR as of 2026-10-01
cfr30-44.52	44.52 Revocation of modification.	https://www.ecfr.gov/on/2026-10-01/title-30/section-44.52	us-gov-public-domain	30 CFR 44.52; PART 44 - RULES OF PRACTICE FOR PETITIONS FOR MODIFICATION OF MANDATORY SAFETY STANDARDS; Subpart E - Effect of Initial Decision; eCFR as of 2026-10-01
cfr30-44.53	44.53 Amended modification.	https://www.ecfr.gov/on/2026-10-01/title-30/section-44.53	us-gov-public-domain	30 CFR 44.53; PART 44 - RULES OF PRACTICE FOR PETITIONS FOR MODIFICATION OF MANDATORY SAFETY STANDARDS; Subpart E - Effect of Initial Decision; eCFR as of 2026-10-01
cfr30-45.1	45.1 Scope and purpose.	https://www.ecfr.gov/on/2026-10-01/title-30/section-45.1	us-gov-public-domain	30 CFR 45.1; PART 45 - INDEPENDENT CONTRACTORS; eCFR as of 2026-10-01
cfr30-45.2	45.2 Definitions.	https://www.ecfr.gov/on/2026-10-01/title-30/section-45.2	us-gov-public-domain	30 CFR 45.2; PART 45 - INDEPENDENT CONTRACTORS; eCFR as of 2026-10-01
cfr30-45.3	45.3 Identification of independent contractors.	https://www.ecfr.gov/on/2026-10-01/title-30/section-45.3	us-gov-public-domain	30 CFR 45.3; PART 45 - INDEPENDENT CONTRACTORS; eCFR as of 2026-10-01
cfr30-45.4	45.4 Independent contractor register.	https://www.ecfr.gov/on/2026-10-01/title-30/section-45.4	us-gov-public-domain	30 CFR 45.4; PART 45 - INDEPENDENT CONTRACTORS; eCFR as of 2026-10-01
cfr30-45.5	45.5 Service of documents; independent contractors.	https://www.ecfr.gov/on/2026-10-01/title-30/section-45.5	us-gov-public-domain	30 CFR 45.5; PART 45 - INDEPENDENT CONTRACTORS; eCFR as of 2026-10-01
cfr30-45.6	45.6 Address of record and telephone number; independent contractors.	https://www.ecfr.gov/on/2026-10-01/title-30/section-45.6	us-gov-public-domain	30 CFR 45.6; PART 45 - INDEPENDENT CONTRACTORS; eCFR as of 2026-10-01
cfr30-46.1	46.1 Scope.	https://www.ecfr.gov/on/2026-10-01/title-30/section-46.1	us-gov-public-domain	30 CFR 46.1; PART 46 - TRAINING AND RETRAINING OF MINERS ENGAGED IN SHELL DREDGING OR EMPLOYED AT SAND, GRAVEL, SURFACE STONE, SURFACE CLAY, COLLOIDAL PHOSPHATE, OR SURFACE LIMESTONE MINES.; eCFR as of 2026-10-01
cfr30-46.2	46.2 Definitions.	https://www.ecfr.gov/on/2026-10-01/title-30/section-46.2	us-gov-public-domain	30 CFR 46.2; PART 46 - TRAINING AND RETRAINING OF MINERS ENGAGED IN SHELL DREDGING OR EMPLOYED AT SAND, GRAVEL, SURFACE STONE, SURFACE CLAY, COLLOIDAL PHOSPHATE, OR SURFACE LIMESTONE MINES.; eCFR as of 2026-10-01
cfr30-46.3	46.3 Training plans.	https://www.ecfr.gov/on/2026-10-01/title-30/section-46.3	us-gov-public-domain	30 CFR 46.3; PART 46 - TRAINING AND RETRAINING OF MINERS ENGAGED IN SHELL DREDGING OR EMPLOYED AT SAND, GRAVEL, SURFACE STONE, SURFACE CLAY, COLLOIDAL PHOSPHATE, OR SURFACE LIMESTONE MINES.; eCFR as of 2026-10-01
cfr30-46.4	46.4 Training plan implementation.	https://www.ecfr.gov/on/2026-10-01/title-30/section-46.4	us-gov-public-domain	30 CFR 46.4; PART 46 - TRAINING AND RETRAINING OF MINERS ENGAGED IN SHELL DREDGING OR EMPLOYED AT SAND, GRAVEL, SURFACE STONE, SURFACE CLAY, COLLOIDAL PHOSPHATE, OR SURFACE LIMESTONE MINES.; eCFR as of 2026-10-01
cfr30-46.5	46.5 New miner training.	https://www.ecfr.gov/on/2026-10-01/title-30/section-46.5	us-gov-public-domain	30 CFR 46.5; PART 46 - TRAINING AND RETRAINING OF MINERS ENGAGED IN SHELL DREDGING OR EMPLOYED AT SAND, GRAVEL, SURFACE STONE, SURFACE CLAY, COLLOIDAL PHOSPHATE, OR SURFACE LIMESTONE MINES.; eCFR as of 2026-10-01
cfr30-46.6	46.6 Newly hired experienced miner training.	https://www.ecfr.gov/on/2026-10-01/title-30/section-46.6	us-gov-public-domain	30 CFR 46.6; PART 46 - TRAINING AND RETRAINING OF MINERS ENGAGED IN SHELL DREDGING OR EMPLOYED AT SAND, GRAVEL, SURFACE STONE, SURFACE CLAY, COLLOIDAL PHOSPHATE, OR SURFACE LIMESTONE MINES.; eCFR as of 2026-10-01
cfr30-46.7	46.7 New task training.	https://www.ecfr.gov/on/2026-10-01/title-30/section-46.7	us-gov-public-domain	30 CFR 46.7; PART 46 - TRAINING AND RETRAINING OF MINERS ENGAGED IN SHELL DREDGING OR EMPLOYED AT SAND, GRAVEL, SURFACE STONE, SURFACE CLAY, COLLOIDAL PHOSPHATE, OR SURFACE LIMESTONE MINES.; eCFR as of 2026-10-01
cfr30-46.8	46.8 Annual refresher training.	https://www.ecfr.gov/on/2026-10-01/title-30/section-46.8	us-gov-public-domain	30 CFR 46.8; PART 46 - TRAINING AND RETRAINING OF MINERS ENGAGED IN SHELL DREDGING OR EMPLOYED AT SAND, GRAVEL, SURFACE STONE, SURFACE CLAY, COLLOIDAL PHOSPHATE, OR SURFACE LIMESTONE MINES.; eCFR as of 2026-10-01
cfr30-46.9	46.9 Records of training.	https://www.ecfr.gov/on/2026-10-01/title-30/section-46.9	us-gov-public-domain	30 CFR 46.9; PART 46 - TRAINING AND RETRAINING OF MINERS ENGAGED IN SHELL DREDGING OR EMPLOYED AT SAND, GRAVEL, SURFACE STONE, SURFACE CLAY, COLLOIDAL PHOSPHATE, OR SURFACE LIMESTONE MINES.; eCFR as of 2026-10-01
cfr30-46.10	46.10 Compensation for training.	https://www.ecfr.gov/on/2026-10-01/title-30/section-46.10	us-gov-public-domain	30 CFR 46.10; PART 46 - TRAINING AND RETRAINING OF MINERS ENGAGED IN SHELL DREDGING OR EMPLOYED AT SAND, GRAVEL, SURFACE STONE, SURFACE CLAY, COLLOIDAL PHOSPHATE, OR SURFACE LIMESTONE MINES.; eCFR as of 2026-10-01
cfr30-46.11	46.11 Site-specific hazard awareness training.	https://www.ecfr.gov/on/2026-10-01/title-30/section-46.11	us-gov-public-domain	30 CFR 46.11; PART 46 - TRAINING AND RETRAINING OF MINERS ENGAGED IN SHELL DREDGING OR EMPLOYED AT SAND, GRAVEL, SURFACE STONE, SURFACE CLAY, COLLOIDAL PHOSPHATE, OR SURFACE LIMESTONE MINES.; eCFR as of 2026-10-01
cfr30-46.12	46.12 Responsibility for independent contractor training.	https://www.ecfr.gov/on/2026-10-01/title-30/section-46.12	us-gov-public-domain	30 CFR 46.12; PART 46 - TRAINING AND RETRAINING OF MINERS ENGAGED IN SHELL DREDGING OR EMPLOYED AT SAND, GRAVEL, SURFACE STONE, SURFACE CLAY, COLLOIDAL PHOSPHATE, OR SURFACE LIMESTONE MINES.; eCFR as of 2026-10-01
cfr30-47.1	47.1 Purpose of a HazCom standard; applicability.	https://www.ecfr.gov/on/2026-10-01/title-30/section-47.1	us-gov-public-domain	30 CFR 47.1; PART 47 - HAZARD COMMUNICATION (HazCom); Subpart A - Purpose, Scope, Applicability, and Initial Miner Training; eCFR as of 2026-10-01
cfr30-47.2	47.2 Operators and chemicals covered; initial miner training.	https://www.ecfr.gov/on/2026-10-01/title-30/section-47.2	us-gov-public-domain	30 CFR 47.2; PART 47 - HAZARD COMMUNICATION (HazCom); Subpart A - Purpose, Scope, Applicability, and Initial Miner Training; eCFR as of 2026-10-01
cfr30-47.11	47.11 Definitions of terms used in this part.	https://www.ecfr.gov/on/2026-10-01/title-30/section-47.11	us-gov-public-domain	30 CFR 47.11; PART 47 - HAZARD COMMUNICATION (HazCom); Subpart B - Definitions; eCFR as of 2026-10-01; reviewed: US government work, "Copyright protection under this title is not available for any work of the United States Government" (17 U.S.C. 105); the name ASTM only identifies a standard or body that the rule cites, and no text of that standard is reproduced
cfr30-47.21	47.21 Identifying hazardous chemicals.	https://www.ecfr.gov/on/2026-10-01/title-30/section-47.21	us-gov-public-domain	30 CFR 47.21; PART 47 - HAZARD COMMUNICATION (HazCom); Subpart C - Hazard Determination; eCFR as of 2026-10-01
cfr30-47.31	47.31 Requirement for a HazCom program.	https://www.ecfr.gov/on/2026-10-01/title-30/section-47.31	us-gov-public-domain	30 CFR 47.31; PART 47 - HAZARD COMMUNICATION (HazCom); Subpart D - HazCom Program; eCFR as of 2026-10-01
cfr30-47.32	47.32 HazCom program contents.	https://www.ecfr.gov/on/2026-10-01/title-30/section-47.32	us-gov-public-domain	30 CFR 47.32; PART 47 - HAZARD COMMUNICATION (HazCom); Subpart D - HazCom Program; eCFR as of 2026-10-01
cfr30-47.41	47.41 Requirement for container labels.	https://www.ecfr.gov/on/2026-10-01/title-30/section-47.41	us-gov-public-domain	30 CFR 47.41; PART 47 - HAZARD COMMUNICATION (HazCom); Subpart E - Container Labels and Other Forms of Warning; eCFR as of 2026-10-01
cfr30-47.42	47.42 Label contents.	https://www.ecfr.gov/on/2026-10-01/title-30/section-47.42	us-gov-public-domain	30 CFR 47.42; PART 47 - HAZARD COMMUNICATION (HazCom); Subpart E - Container Labels and Other Forms of Warning; eCFR as of 2026-10-01
cfr30-47.43	47.43 Label alternatives.	https://www.ecfr.gov/on/2026-10-01/title-30/section-47.43	us-gov-public-domain	30 CFR 47.43; PART 47 - HAZARD COMMUNICATION (HazCom); Subpart E - Container Labels and Other Forms of Warning; eCFR as of 2026-10-01
cfr30-47.44	47.44 Temporary, portable containers.	https://www.ecfr.gov/on/2026-10-01/title-30/section-47.44	us-gov-public-domain	30 CFR 47.44; PART 47 - HAZARD COMMUNICATION (HazCom); Subpart E - Container Labels and Other Forms of Warning; eCFR as of 2026-10-01
cfr30-47.51	47.51 Requirement for an MSDS.	https://www.ecfr.gov/on/2026-10-01/title-30/section-47.51	us-gov-public-domain	30 CFR 47.51; PART 47 - HAZARD COMMUNICATION (HazCom); Subpart F - Material Safety Data Sheets (MSDS); eCFR as of 2026-10-01
cfr30-47.52	47.52 MSDS contents.	https://www.ecfr.gov/on/2026-10-01/title-30/section-47.52	us-gov-public-domain	30 CFR 47.52; PART 47 - HAZARD COMMUNICATION (HazCom); Subpart F - Material Safety Data Sheets (MSDS); eCFR as of 2026-10-01
cfr30-47.53	47.53 Alternative for hazardous waste.	https://www.ecfr.gov/on/2026-10-01/title-30/section-47.53	us-gov-public-domain	30 CFR 47.53; PART 47 - HAZARD COMMUNICATION (HazCom); Subpart F - Material Safety Data Sheets (MSDS); eCFR as of 2026-10-01
cfr30-47.54	47.54 Availability of an MSDS.	https://www.ecfr.gov/on/2026-10-01/title-30/section-47.54	us-gov-public-domain	30 CFR 47.54; PART 47 - HAZARD COMMUNICATION (HazCom); Subpart F - Material Safety Data Sheets (MSDS); eCFR as of 2026-10-01
cfr30-47.55	47.55 Retaining an MSDS.	https://www.ecfr.gov/on/2026-10-01/title-30/section-47.55	us-gov-public-domain	30 CFR 47.55; PART 47 - HAZARD COMMUNICATION (HazCom); Subpart F - Material Safety Data Sheets (MSDS); eCFR as of 2026-10-01
cfr30-47.71	47.71 Access to HazCom materials.	https://www.ecfr.gov/on/2026-10-01/title-30/section-47.71	us-gov-public-domain	30 CFR 47.71; PART 47 - HAZARD COMMUNICATION (HazCom); Subpart H - Making HazCom Information Available; eCFR as of 2026-10-01
cfr30-47.72	47.72 Cost for copies.	https://www.ecfr.gov/on/2026-10-01/title-30/section-47.72	us-gov-public-domain	30 CFR 47.72; PART 47 - HAZARD COMMUNICATION (HazCom); Subpart H - Making HazCom Information Available; eCFR as of 2026-10-01
cfr30-47.73	47.73 Providing labels and MSDSs to customers.	https://www.ecfr.gov/on/2026-10-01/title-30/section-47.73	us-gov-public-domain	30 CFR 47.73; PART 47 - HAZARD COMMUNICATION (HazCom); Subpart H - Making HazCom Information Available; eCFR as of 2026-10-01
cfr30-47.81	47.81 Provisions for withholding trade secrets.	https://www.ecfr.gov/on/2026-10-01/title-30/section-47.81	us-gov-public-domain	30 CFR 47.81; PART 47 - HAZARD COMMUNICATION (HazCom); Subpart I - Trade Secret Hazardous Chemical; eCFR as of 2026-10-01
cfr30-47.82	47.82 Disclosure of information to MSHA.	https://www.ecfr.gov/on/2026-10-01/title-30/section-47.82	us-gov-public-domain	30 CFR 47.82; PART 47 - HAZARD COMMUNICATION (HazCom); Subpart I - Trade Secret Hazardous Chemical; eCFR as of 2026-10-01
cfr30-47.83	47.83 Disclosure in a medical emergency.	https://www.ecfr.gov/on/2026-10-01/title-30/section-47.83	us-gov-public-domain	30 CFR 47.83; PART 47 - HAZARD COMMUNICATION (HazCom); Subpart I - Trade Secret Hazardous Chemical; eCFR as of 2026-10-01
cfr30-47.84	47.84 Non-emergency disclosure.	https://www.ecfr.gov/on/2026-10-01/title-30/section-47.84	us-gov-public-domain	30 CFR 47.84; PART 47 - HAZARD COMMUNICATION (HazCom); Subpart I - Trade Secret Hazardous Chemical; eCFR as of 2026-10-01
cfr30-47.85	47.85 Confidentiality agreement and remedies.	https://www.ecfr.gov/on/2026-10-01/title-30/section-47.85	us-gov-public-domain	30 CFR 47.85; PART 47 - HAZARD COMMUNICATION (HazCom); Subpart I - Trade Secret Hazardous Chemical; eCFR as of 2026-10-01
cfr30-47.86	47.86 Denial of a written request for disclosure.	https://www.ecfr.gov/on/2026-10-01/title-30/section-47.86	us-gov-public-domain	30 CFR 47.86; PART 47 - HAZARD COMMUNICATION (HazCom); Subpart I - Trade Secret Hazardous Chemical; eCFR as of 2026-10-01
cfr30-47.87	47.87 Review of denial.	https://www.ecfr.gov/on/2026-10-01/title-30/section-47.87	us-gov-public-domain	30 CFR 47.87; PART 47 - HAZARD COMMUNICATION (HazCom); Subpart I - Trade Secret Hazardous Chemical; eCFR as of 2026-10-01
cfr30-47.91	47.91 Exemptions from the HazCom standard.	https://www.ecfr.gov/on/2026-10-01/title-30/section-47.91	us-gov-public-domain	30 CFR 47.91; PART 47 - HAZARD COMMUNICATION (HazCom); Subpart J - Exemptions; eCFR as of 2026-10-01
cfr30-47.92	47.92 Exemptions from labeling.	https://www.ecfr.gov/on/2026-10-01/title-30/section-47.92	us-gov-public-domain	30 CFR 47.92; PART 47 - HAZARD COMMUNICATION (HazCom); Subpart J - Exemptions; eCFR as of 2026-10-01
cfr30-48.1	48.1 Scope.	https://www.ecfr.gov/on/2026-10-01/title-30/section-48.1	us-gov-public-domain	30 CFR 48.1; PART 48 - TRAINING AND RETRAINING OF MINERS; Subpart A - Training and Retraining of Underground Miners; eCFR as of 2026-10-01
cfr30-48.2	48.2 Definitions.	https://www.ecfr.gov/on/2026-10-01/title-30/section-48.2	us-gov-public-domain	30 CFR 48.2; PART 48 - TRAINING AND RETRAINING OF MINERS; Subpart A - Training and Retraining of Underground Miners; eCFR as of 2026-10-01
cfr30-48.3	48.3 Training plans; time of submission; where filed; information required; time for approval; method for disapproval; commencement of training; approval of instructors.	https://www.ecfr.gov/on/2026-10-01/title-30/section-48.3	us-gov-public-domain	30 CFR 48.3; PART 48 - TRAINING AND RETRAINING OF MINERS; Subpart A - Training and Retraining of Underground Miners; eCFR as of 2026-10-01
cfr30-48.4	48.4 Cooperative training program.	https://www.ecfr.gov/on/2026-10-01/title-30/section-48.4	us-gov-public-domain	30 CFR 48.4; PART 48 - TRAINING AND RETRAINING OF MINERS; Subpart A - Training and Retraining of Underground Miners; eCFR as of 2026-10-01
cfr30-48.5	48.5 Training of new miners; minimum courses of instruction; hours of instruction.	https://www.ecfr.gov/on/2026-10-01/title-30/section-48.5	us-gov-public-domain	30 CFR 48.5; PART 48 - TRAINING AND RETRAINING OF MINERS; Subpart A - Training and Retraining of Underground Miners; eCFR as of 2026-10-01
cfr30-48.6	48.6 Experienced miner training.	https://www.ecfr.gov/on/2026-10-01/title-30/section-48.6	us-gov-public-domain	30 CFR 48.6; PART 48 - TRAINING AND RETRAINING OF MINERS; Subpart A - Training and Retraining of Underground Miners; eCFR as of 2026-10-01
cfr30-48.7	48.7 Training of miners assigned to a task in which they have had no previous experience; minimum courses of instruction.	https://www.ecfr.gov/on/2026-10-01/title-30/section-48.7	us-gov-public-domain	30 CFR 48.7; PART 48 - TRAINING AND RETRAINING OF MINERS; Subpart A - Training and Retraining of Underground Miners; eCFR as of 2026-10-01
cfr30-48.8	48.8 Annual refresher training of miners; minimum courses of instruction; hours of instruction.	https://www.ecfr.gov/on/2026-10-01/title-30/section-48.8	us-gov-public-domain	30 CFR 48.8; PART 48 - TRAINING AND RETRAINING OF MINERS; Subpart A - Training and Retraining of Underground Miners; eCFR as of 2026-10-01
cfr30-48.9	48.9 Records of training.	https://www.ecfr.gov/on/2026-10-01/title-30/section-48.9	us-gov-public-domain	30 CFR 48.9; PART 48 - TRAINING AND RETRAINING OF MINERS; Subpart A - Training and Retraining of Underground Miners; eCFR as of 2026-10-01
cfr30-48.10	48.10 Compensation for training.	https://www.ecfr.gov/on/2026-10-01/title-30/section-48.10	us-gov-public-domain	30 CFR 48.10; PART 48 - TRAINING AND RETRAINING OF MINERS; Subpart A - Training and Retraining of Underground Miners; eCFR as of 2026-10-01
cfr30-48.11	48.11 Hazard training.	https://www.ecfr.gov/on/2026-10-01/title-30/section-48.11	us-gov-public-domain	30 CFR 48.11; PART 48 - TRAINING AND RETRAINING OF MINERS; Subpart A - Training and Retraining of Underground Miners; eCFR as of 2026-10-01
cfr30-48.12	48.12 Appeals procedures.	https://www.ecfr.gov/on/2026-10-01/title-30/section-48.12	us-gov-public-domain	30 CFR 48.12; PART 48 - TRAINING AND RETRAINING OF MINERS; Subpart A - Training and Retraining of Underground Miners; eCFR as of 2026-10-01
cfr30-48.21	48.21 Scope.	https://www.ecfr.gov/on/2026-10-01/title-30/section-48.21	us-gov-public-domain	30 CFR 48.21; PART 48 - TRAINING AND RETRAINING OF MINERS; Subpart B - Training and Retraining of Miners Working at Surface Mines and Surface Areas of Underground Mines; eCFR as of 2026-10-01
cfr30-48.22	48.22 Definitions.	https://www.ecfr.gov/on/2026-10-01/title-30/section-48.22	us-gov-public-domain	30 CFR 48.22; PART 48 - TRAINING AND RETRAINING OF MINERS; Subpart B - Training and Retraining of Miners Working at Surface Mines and Surface Areas of Underground Mines; eCFR as of 2026-10-01
cfr30-48.23	48.23 Training plans; time of submission; where filed; information required; time for approval; method for disapproval; commencement of training; approval of instructors.	https://www.ecfr.gov/on/2026-10-01/title-30/section-48.23	us-gov-public-domain	30 CFR 48.23; PART 48 - TRAINING AND RETRAINING OF MINERS; Subpart B - Training and Retraining of Miners Working at Surface Mines and Surface Areas of Underground Mines; eCFR as of 2026-10-01
cfr30-48.24	48.24 Cooperative training program.	https://www.ecfr.gov/on/2026-10-01/title-30/section-48.24	us-gov-public-domain	30 CFR 48.24; PART 48 - TRAINING AND RETRAINING OF MINERS; Subpart B - Training and Retraining of Miners Working at Surface Mines and Surface Areas of Underground Mines; eCFR as of 2026-10-01
cfr30-48.25	48.25 Training of new miners; minimum courses of instruction; hours of instruction.	https://www.ecfr.gov/on/2026-10-01/title-30/section-48.25	us-gov-public-domain	30 CFR 48.25; PART 48 - TRAINING AND RETRAINING OF MINERS; Subpart B - Training and Retraining of Miners Working at Surface Mines and Surface Areas of Underground Mines; eCFR as of 2026-10-01
cfr30-48.26	48.26 Experienced miner training.	https://www.ecfr.gov/on/2026-10-01/title-30/section-48.26	us-gov-public-domain	30 CFR 48.26; PART 48 - TRAINING AND RETRAINING OF MINERS; Subpart B - Training and Retraining of Miners Working at Surface Mines and Surface Areas of Underground Mines; eCFR as of 2026-10-01
cfr30-48.27	48.27 Training of miners assigned to a task in which they have had no previous experience; minimum courses of instruction.	https://www.ecfr.gov/on/2026-10-01/title-30/section-48.27	us-gov-public-domain	30 CFR 48.27; PART 48 - TRAINING AND RETRAINING OF MINERS; Subpart B - Training and Retraining of Miners Working at Surface Mines and Surface Areas of Underground Mines; eCFR as of 2026-10-01
cfr30-48.28	48.28 Annual refresher training of miners; minimum courses of instruction; hours of instruction.	https://www.ecfr.gov/on/2026-10-01/title-30/section-48.28	us-gov-public-domain	30 CFR 48.28; PART 48 - TRAINING AND RETRAINING OF MINERS; Subpart B - Training and Retraining of Miners Working at Surface Mines and Surface Areas of Underground Mines; eCFR as of 2026-10-01
cfr30-48.29	48.29 Records of training.	https://www.ecfr.gov/on/2026-10-01/title-30/section-48.29	us-gov-public-domain	30 CFR 48.29; PART 48 - TRAINING AND RETRAINING OF MINERS; Subpart B - Training and Retraining of Miners Working at Surface Mines and Surface Areas of Underground Mines; eCFR as of 2026-10-01
cfr30-48.30	48.30 Compensation for training.	https://www.ecfr.gov/on/2026-10-01/title-30/section-48.30	us-gov-public-domain	30 CFR 48.30; PART 48 - TRAINING AND RETRAINING OF MINERS; Subpart B - Training and Retraining of Miners Working at Surface Mines and Surface Areas of Underground Mines; eCFR as of 2026-10-01
cfr30-48.31	48.31 Hazard training.	https://www.ecfr.gov/on/2026-10-01/title-30/section-48.31	us-gov-public-domain	30 CFR 48.31; PART 48 - TRAINING AND RETRAINING OF MINERS; Subpart B - Training and Retraining of Miners Working at Surface Mines and Surface Areas of Underground Mines; eCFR as of 2026-10-01
cfr30-48.32	48.32 Appeals procedures.	https://www.ecfr.gov/on/2026-10-01/title-30/section-48.32	us-gov-public-domain	30 CFR 48.32; PART 48 - TRAINING AND RETRAINING OF MINERS; Subpart B - Training and Retraining of Miners Working at Surface Mines and Surface Areas of Underground Mines; eCFR as of 2026-10-01
cfr30-49.1	49.1 Purpose and scope.	https://www.ecfr.gov/on/2026-10-01/title-30/section-49.1	us-gov-public-domain	30 CFR 49.1; PART 49 - MINE RESCUE TEAMS; Subpart A - Mine Rescue Teams for Underground Metal and Nonmetal Mines; eCFR as of 2026-10-01
cfr30-49.2	49.2 Availability of mine rescue teams.	https://www.ecfr.gov/on/2026-10-01/title-30/section-49.2	us-gov-public-domain	30 CFR 49.2; PART 49 - MINE RESCUE TEAMS; Subpart A - Mine Rescue Teams for Underground Metal and Nonmetal Mines; eCFR as of 2026-10-01
cfr30-49.3	49.3 Alternative mine rescue capability for small and remote mines.	https://www.ecfr.gov/on/2026-10-01/title-30/section-49.3	us-gov-public-domain	30 CFR 49.3; PART 49 - MINE RESCUE TEAMS; Subpart A - Mine Rescue Teams for Underground Metal and Nonmetal Mines; eCFR as of 2026-10-01
cfr30-49.4	49.4 Alternative mine rescue capability for special mining conditions.	https://www.ecfr.gov/on/2026-10-01/title-30/section-49.4	us-gov-public-domain	30 CFR 49.4; PART 49 - MINE RESCUE TEAMS; Subpart A - Mine Rescue Teams for Underground Metal and Nonmetal Mines; eCFR as of 2026-10-01
cfr30-49.5	49.5 Mine rescue station.	https://www.ecfr.gov/on/2026-10-01/title-30/section-49.5	us-gov-public-domain	30 CFR 49.5; PART 49 - MINE RESCUE TEAMS; Subpart A - Mine Rescue Teams for Underground Metal and Nonmetal Mines; eCFR as of 2026-10-01
cfr30-49.6	49.6 Equipment and maintenance requirements.	https://www.ecfr.gov/on/2026-10-01/title-30/section-49.6	us-gov-public-domain	30 CFR 49.6; PART 49 - MINE RESCUE TEAMS; Subpart A - Mine Rescue Teams for Underground Metal and Nonmetal Mines; eCFR as of 2026-10-01
cfr30-49.7	49.7 Physical requirements for mine rescue team.	https://www.ecfr.gov/on/2026-10-01/title-30/section-49.7	us-gov-public-domain	30 CFR 49.7; PART 49 - MINE RESCUE TEAMS; Subpart A - Mine Rescue Teams for Underground Metal and Nonmetal Mines; eCFR as of 2026-10-01
cfr30-49.8	49.8 Training for mine rescue teams.	https://www.ecfr.gov/on/2026-10-01/title-30/section-49.8	us-gov-public-domain	30 CFR 49.8; PART 49 - MINE RESCUE TEAMS; Subpart A - Mine Rescue Teams for Underground Metal and Nonmetal Mines; eCFR as of 2026-10-01
cfr30-49.9	49.9 Mine emergency notification plan.	https://www.ecfr.gov/on/2026-10-01/title-30/section-49.9	us-gov-public-domain	30 CFR 49.9; PART 49 - MINE RESCUE TEAMS; Subpart A - Mine Rescue Teams for Underground Metal and Nonmetal Mines; eCFR as of 2026-10-01
cfr30-49.11	49.11 Purpose and scope.	https://www.ecfr.gov/on/2026-10-01/title-30/section-49.11	us-gov-public-domain	30 CFR 49.11; PART 49 - MINE RESCUE TEAMS; Subpart B - Mine Rescue Teams for Underground Coal Mines; eCFR as of 2026-10-01
cfr30-49.12	49.12 Availability of mine rescue teams.	https://www.ecfr.gov/on/2026-10-01/title-30/section-49.12	us-gov-public-domain	30 CFR 49.12; PART 49 - MINE RESCUE TEAMS; Subpart B - Mine Rescue Teams for Underground Coal Mines; eCFR as of 2026-10-01
cfr30-49.13	49.13 Alternative mine rescue capability for small and remote mines.	https://www.ecfr.gov/on/2026-10-01/title-30/section-49.13	us-gov-public-domain	30 CFR 49.13; PART 49 - MINE RESCUE TEAMS; Subpart B - Mine Rescue Teams for Underground Coal Mines; eCFR as of 2026-10-01
cfr30-49.15	49.15 Mine rescue station.	https://www.ecfr.gov/on/2026-10-01/title-30/section-49.15	us-gov-public-domain	30 CFR 49.15; PART 49 - MINE RESCUE TEAMS; Subpart B - Mine Rescue Teams for Underground Coal Mines; eCFR as of 2026-10-01
cfr30-49.16	49.16 Equipment and maintenance requirements.	https://www.ecfr.gov/on/2026-10-01/title-30/section-49.16	us-gov-public-domain	30 CFR 49.16; PART 49 - MINE RESCUE TEAMS; Subpart B - Mine Rescue Teams for Underground Coal Mines; eCFR as of 2026-10-01
cfr30-49.17	49.17 Physical requirements for mine rescue team.	https://www.ecfr.gov/on/2026-10-01/title-30/section-49.17	us-gov-public-domain	30 CFR 49.17; PART 49 - MINE RESCUE TEAMS; Subpart B - Mine Rescue Teams for Underground Coal Mines; eCFR as of 2026-10-01
cfr30-49.18	49.18 Training for mine rescue teams.	https://www.ecfr.gov/on/2026-10-01/title-30/section-49.18	us-gov-public-domain	30 CFR 49.18; PART 49 - MINE RESCUE TEAMS; Subpart B - Mine Rescue Teams for Underground Coal Mines; eCFR as of 2026-10-01
cfr30-49.19	49.19 Mine emergency notification plan.	https://www.ecfr.gov/on/2026-10-01/title-30/section-49.19	us-gov-public-domain	30 CFR 49.19; PART 49 - MINE RESCUE TEAMS; Subpart B - Mine Rescue Teams for Underground Coal Mines; eCFR as of 2026-10-01
cfr30-49.20	49.20 Requirements for all coal mines.	https://www.ecfr.gov/on/2026-10-01/title-30/section-49.20	us-gov-public-domain	30 CFR 49.20; PART 49 - MINE RESCUE TEAMS; Subpart B - Mine Rescue Teams for Underground Coal Mines; eCFR as of 2026-10-01
cfr30-49.30	49.30 Requirements for small coal mines.	https://www.ecfr.gov/on/2026-10-01/title-30/section-49.30	us-gov-public-domain	30 CFR 49.30; PART 49 - MINE RESCUE TEAMS; Subpart B - Mine Rescue Teams for Underground Coal Mines; eCFR as of 2026-10-01
cfr30-49.40	49.40 Requirements for large coal mines.	https://www.ecfr.gov/on/2026-10-01/title-30/section-49.40	us-gov-public-domain	30 CFR 49.40; PART 49 - MINE RESCUE TEAMS; Subpart B - Mine Rescue Teams for Underground Coal Mines; eCFR as of 2026-10-01
cfr30-49.50	49.50 Certification of coal mine rescue teams.	https://www.ecfr.gov/on/2026-10-01/title-30/section-49.50	us-gov-public-domain	30 CFR 49.50; PART 49 - MINE RESCUE TEAMS; Subpart B - Mine Rescue Teams for Underground Coal Mines; eCFR as of 2026-10-01
cfr30-49.60	49.60 Requirements for a local mine rescue contest.	https://www.ecfr.gov/on/2026-10-01/title-30/section-49.60	us-gov-public-domain	30 CFR 49.60; PART 49 - MINE RESCUE TEAMS; Subpart B - Mine Rescue Teams for Underground Coal Mines; eCFR as of 2026-10-01
cfr30-50.1	50.1 Purpose and scope.	https://www.ecfr.gov/on/2026-10-01/title-30/section-50.1	us-gov-public-domain	30 CFR 50.1; PART 50 - NOTIFICATION, INVESTIGATION, REPORTS AND RECORDS OF ACCIDENTS, INJURIES, ILLNESSES, EMPLOYMENT, AND COAL PRODUCTION IN MINES; Subpart A - General; eCFR as of 2026-10-01
cfr30-50.2	50.2 Definitions.	https://www.ecfr.gov/on/2026-10-01/title-30/section-50.2	us-gov-public-domain	30 CFR 50.2; PART 50 - NOTIFICATION, INVESTIGATION, REPORTS AND RECORDS OF ACCIDENTS, INJURIES, ILLNESSES, EMPLOYMENT, AND COAL PRODUCTION IN MINES; Subpart A - General; eCFR as of 2026-10-01
cfr30-50.10	50.10 Immediate notification.	https://www.ecfr.gov/on/2026-10-01/title-30/section-50.10	us-gov-public-domain	30 CFR 50.10; PART 50 - NOTIFICATION, INVESTIGATION, REPORTS AND RECORDS OF ACCIDENTS, INJURIES, ILLNESSES, EMPLOYMENT, AND COAL PRODUCTION IN MINES; Subpart B - Notification, Investigation, Preservation of Evidence; eCFR as of 2026-10-01
cfr30-50.11	50.11 Investigation.	https://www.ecfr.gov/on/2026-10-01/title-30/section-50.11	us-gov-public-domain	30 CFR 50.11; PART 50 - NOTIFICATION, INVESTIGATION, REPORTS AND RECORDS OF ACCIDENTS, INJURIES, ILLNESSES, EMPLOYMENT, AND COAL PRODUCTION IN MINES; Subpart B - Notification, Investigation, Preservation of Evidence; eCFR as of 2026-10-01
cfr30-50.12	50.12 Preservation of evidence.	https://www.ecfr.gov/on/2026-10-01/title-30/section-50.12	us-gov-public-domain	30 CFR 50.12; PART 50 - NOTIFICATION, INVESTIGATION, REPORTS AND RECORDS OF ACCIDENTS, INJURIES, ILLNESSES, EMPLOYMENT, AND COAL PRODUCTION IN MINES; Subpart B - Notification, Investigation, Preservation of Evidence; eCFR as of 2026-10-01
cfr30-50.20	50.20 Preparation and submission of MSHA Report Form 7000-1—Mine Accident, Injury, and Illness Report.	https://www.ecfr.gov/on/2026-10-01/title-30/section-50.20	us-gov-public-domain	30 CFR 50.20; PART 50 - NOTIFICATION, INVESTIGATION, REPORTS AND RECORDS OF ACCIDENTS, INJURIES, ILLNESSES, EMPLOYMENT, AND COAL PRODUCTION IN MINES; Subpart C - Reporting of Accidents, Injuries, and Illnesses; eCFR as of 2026-10-01
cfr30-50.20-1	50.20-1 General instructions for completing MSHA Form 7000-1.	https://www.ecfr.gov/on/2026-10-01/title-30/section-50.20-1	us-gov-public-domain	30 CFR 50.20-1; PART 50 - NOTIFICATION, INVESTIGATION, REPORTS AND RECORDS OF ACCIDENTS, INJURIES, ILLNESSES, EMPLOYMENT, AND COAL PRODUCTION IN MINES; Subpart C - Reporting of Accidents, Injuries, and Illnesses; eCFR as of 2026-10-01
cfr30-50.20-2	50.20-2 Criteria—“Transfer to another job.”	https://www.ecfr.gov/on/2026-10-01/title-30/section-50.20-2	us-gov-public-domain	30 CFR 50.20-2; PART 50 - NOTIFICATION, INVESTIGATION, REPORTS AND RECORDS OF ACCIDENTS, INJURIES, ILLNESSES, EMPLOYMENT, AND COAL PRODUCTION IN MINES; Subpart C - Reporting of Accidents, Injuries, and Illnesses; eCFR as of 2026-10-01
cfr30-50.20-3	50.20-3 Criteria—Differences between medical treatment and first aid.	https://www.ecfr.gov/on/2026-10-01/title-30/section-50.20-3	us-gov-public-domain	30 CFR 50.20-3; PART 50 - NOTIFICATION, INVESTIGATION, REPORTS AND RECORDS OF ACCIDENTS, INJURIES, ILLNESSES, EMPLOYMENT, AND COAL PRODUCTION IN MINES; Subpart C - Reporting of Accidents, Injuries, and Illnesses; eCFR as of 2026-10-01
cfr30-50.20-4	50.20-4 Criteria—MSHA Form 7000-1, Section A.	https://www.ecfr.gov/on/2026-10-01/title-30/section-50.20-4	us-gov-public-domain	30 CFR 50.20-4; PART 50 - NOTIFICATION, INVESTIGATION, REPORTS AND RECORDS OF ACCIDENTS, INJURIES, ILLNESSES, EMPLOYMENT, AND COAL PRODUCTION IN MINES; Subpart C - Reporting of Accidents, Injuries, and Illnesses; eCFR as of 2026-10-01
cfr30-50.20-5	50.20-5 Criteria—MSHA Form 7000-1, Section B.	https://www.ecfr.gov/on/2026-10-01/title-30/section-50.20-5	us-gov-public-domain	30 CFR 50.20-5; PART 50 - NOTIFICATION, INVESTIGATION, REPORTS AND RECORDS OF ACCIDENTS, INJURIES, ILLNESSES, EMPLOYMENT, AND COAL PRODUCTION IN MINES; Subpart C - Reporting of Accidents, Injuries, and Illnesses; eCFR as of 2026-10-01
cfr30-50.20-6	50.20-6 Criteria—MSHA Form 7000-1, Section C.	https://www.ecfr.gov/on/2026-10-01/title-30/section-50.20-6	us-gov-public-domain	30 CFR 50.20-6; PART 50 - NOTIFICATION, INVESTIGATION, REPORTS AND RECORDS OF ACCIDENTS, INJURIES, ILLNESSES, EMPLOYMENT, AND COAL PRODUCTION IN MINES; Subpart C - Reporting of Accidents, Injuries, and Illnesses; eCFR as of 2026-10-01
cfr30-50.20-7	50.20-7 Criteria—MSHA Form 7000-1, Section D.	https://www.ecfr.gov/on/2026-10-01/title-30/section-50.20-7	us-gov-public-domain	30 CFR 50.20-7; PART 50 - NOTIFICATION, INVESTIGATION, REPORTS AND RECORDS OF ACCIDENTS, INJURIES, ILLNESSES, EMPLOYMENT, AND COAL PRODUCTION IN MINES; Subpart C - Reporting of Accidents, Injuries, and Illnesses; eCFR as of 2026-10-01
cfr30-50.30	50.30 Preparation and submission of MSHA Form 7000-2—Quarterly Employment and Coal Production Report.	https://www.ecfr.gov/on/2026-10-01/title-30/section-50.30	us-gov-public-domain	30 CFR 50.30; PART 50 - NOTIFICATION, INVESTIGATION, REPORTS AND RECORDS OF ACCIDENTS, INJURIES, ILLNESSES, EMPLOYMENT, AND COAL PRODUCTION IN MINES; Subpart D - Quarterly Employment and Coal Production Report; eCFR as of 2026-10-01
cfr30-50.30-1	50.30-1 General instructions for completing MSHA Form 7000-2.	https://www.ecfr.gov/on/2026-10-01/title-30/section-50.30-1	us-gov-public-domain	30 CFR 50.30-1; PART 50 - NOTIFICATION, INVESTIGATION, REPORTS AND RECORDS OF ACCIDENTS, INJURIES, ILLNESSES, EMPLOYMENT, AND COAL PRODUCTION IN MINES; Subpart D - Quarterly Employment and Coal Production Report; eCFR as of 2026-10-01
cfr30-50.40	50.40 Maintenance of records.	https://www.ecfr.gov/on/2026-10-01/title-30/section-50.40	us-gov-public-domain	30 CFR 50.40; PART 50 - NOTIFICATION, INVESTIGATION, REPORTS AND RECORDS OF ACCIDENTS, INJURIES, ILLNESSES, EMPLOYMENT, AND COAL PRODUCTION IN MINES; Subpart E - Maintenance of Records; Verification of Information; eCFR as of 2026-10-01
cfr30-50.41	50.41 Verification of reports.	https://www.ecfr.gov/on/2026-10-01/title-30/section-50.41	us-gov-public-domain	30 CFR 50.41; PART 50 - NOTIFICATION, INVESTIGATION, REPORTS AND RECORDS OF ACCIDENTS, INJURIES, ILLNESSES, EMPLOYMENT, AND COAL PRODUCTION IN MINES; Subpart E - Maintenance of Records; Verification of Information; eCFR as of 2026-10-01
cfr30-56.1	56.1 Purpose and scope.	https://www.ecfr.gov/on/2026-10-01/title-30/section-56.1	us-gov-public-domain	30 CFR 56.1; PART 56 - SAFETY AND HEALTH STANDARDS - SURFACE METAL AND NONMETAL MINES; Subpart A - General; eCFR as of 2026-10-01
cfr30-56.2	56.2 Definitions.	https://www.ecfr.gov/on/2026-10-01/title-30/section-56.2	us-gov-public-domain	30 CFR 56.2; PART 56 - SAFETY AND HEALTH STANDARDS - SURFACE METAL AND NONMETAL MINES; Subpart A - General; eCFR as of 2026-10-01
cfr30-56.1000	56.1000 Notification of commencement of operations and closing of mines.	https://www.ecfr.gov/on/2026-10-01/title-30/section-56.1000	us-gov-public-domain	30 CFR 56.1000; PART 56 - SAFETY AND HEALTH STANDARDS - SURFACE METAL AND NONMETAL MINES; Subpart A - General; eCFR as of 2026-10-01
cfr30-56.3000	56.3000 Definitions.	https://www.ecfr.gov/on/2026-10-01/title-30/section-56.3000	us-gov-public-domain	30 CFR 56.3000; PART 56 - SAFETY AND HEALTH STANDARDS - SURFACE METAL AND NONMETAL MINES; Subpart B - Ground Control; eCFR as of 2026-10-01
cfr30-56.3130	56.3130 Wall, bank, and slope stability.	https://www.ecfr.gov/on/2026-10-01/title-30/section-56.3130	us-gov-public-domain	30 CFR 56.3130; PART 56 - SAFETY AND HEALTH STANDARDS - SURFACE METAL AND NONMETAL MINES; Subpart B - Ground Control; eCFR as of 2026-10-01
cfr30-56.3131	56.3131 Pit or quarry wall perimeter.	https://www.ecfr.gov/on/2026-10-01/title-30/section-56.3131	us-gov-public-domain	30 CFR 56.3131; PART 56 - SAFETY AND HEALTH STANDARDS - SURFACE METAL AND NONMETAL MINES; Subpart B - Ground Control; eCFR as of 2026-10-01
cfr30-56.3200	56.3200 Correction of hazardous conditions.	https://www.ecfr.gov/on/2026-10-01/title-30/section-56.3200	us-gov-public-domain	30 CFR 56.3200; PART 56 - SAFETY AND HEALTH STANDARDS - SURFACE METAL AND NONMETAL MINES; Subpart B - Ground Control; eCFR as of 2026-10-01
cfr30-56.3201	56.3201 Location for performing scaling.	https://www.ecfr.gov/on/2026-10-01/title-30/section-56.3201	us-gov-public-domain	30 CFR 56.3201; PART 56 - SAFETY AND HEALTH STANDARDS - SURFACE METAL AND NONMETAL MINES; Subpart B - Ground Control; eCFR as of 2026-10-01
cfr30-56.3202	56.3202 Scaling tools.	https://www.ecfr.gov/on/2026-10-01/title-30/section-56.3202	us-gov-public-domain	30 CFR 56.3202; PART 56 - SAFETY AND HEALTH STANDARDS - SURFACE METAL AND NONMETAL MINES; Subpart B - Ground Control; eCFR as of 2026-10-01
cfr30-56.3203	56.3203 Rock fixtures.	https://www.ecfr.gov/on/2026-10-01/title-30/section-56.3203	us-gov-public-domain	30 CFR 56.3203; PART 56 - SAFETY AND HEALTH STANDARDS - SURFACE METAL AND NONMETAL MINES; Subpart B - Ground Control; eCFR as of 2026-10-01; reviewed: US government work, "Copyright protection under this title is not available for any work of the United States Government" (17 U.S.C. 105); the name ASTM only identifies a standard or body that the rule cites, and no text of that standard is reproduced
cfr30-56.3400	56.3400 Secondary breakage.	https://www.ecfr.gov/on/2026-10-01/title-30/section-56.3400	us-gov-public-domain	30 CFR 56.3400; PART 56 - SAFETY AND HEALTH STANDARDS - SURFACE METAL AND NONMETAL MINES; Subpart B - Ground Control; eCFR as of 2026-10-01
cfr30-56.3401	56.3401 Examination of ground conditions.	https://www.ecfr.gov/on/2026-10-01/title-30/section-56.3401	us-gov-public-domain	30 CFR 56.3401; PART 56 - SAFETY AND HEALTH STANDARDS - SURFACE METAL AND NONMETAL MINES; Subpart B - Ground Control; eCFR as of 2026-10-01
cfr30-56.3430	56.3430 Activity between machinery or equipment and the highwall or bank.	https://www.ecfr.gov/on/2026-10-01/title-30/section-56.3430	us-gov-public-domain	30 CFR 56.3430; PART 56 - SAFETY AND HEALTH STANDARDS - SURFACE METAL AND NONMETAL MINES; Subpart B - Ground Control; eCFR as of 2026-10-01
cfr30-56.4000	56.4000 Definitions.	https://www.ecfr.gov/on/2026-10-01/title-30/section-56.4000	us-gov-public-domain	30 CFR 56.4000; PART 56 - SAFETY AND HEALTH STANDARDS - SURFACE METAL AND NONMETAL MINES; Subpart C - Fire Prevention and Control; eCFR as of 2026-10-01
cfr30-56.4011	56.4011 Abandoned electric circuits.	https://www.ecfr.gov/on/2026-10-01/title-30/section-56.4011	us-gov-public-domain	30 CFR 56.4011; PART 56 - SAFETY AND HEALTH STANDARDS - SURFACE METAL AND NONMETAL MINES; Subpart C - Fire Prevention and Control; eCFR as of 2026-10-01
cfr30-56.4100	56.4100 Smoking and use of open flames.	https://www.ecfr.gov/on/2026-10-01/title-30/section-56.4100	us-gov-public-domain	30 CFR 56.4100; PART 56 - SAFETY AND HEALTH STANDARDS - SURFACE METAL AND NONMETAL MINES; Subpart C - Fire Prevention and Control; eCFR as of 2026-10-01
cfr30-56.4101	56.4101 Warning signs.	https://www.ecfr.gov/on/2026-10-01/title-30/section-56.4101	us-gov-public-domain	30 CFR 56.4101; PART 56 - SAFETY AND HEALTH STANDARDS - SURFACE METAL AND NONMETAL MINES; Subpart C - Fire Prevention and Control; eCFR as of 2026-10-01
cfr30-56.4102	56.4102 Spillage and leakage.	https://www.ecfr.gov/on/2026-10-01/title-30/section-56.4102	us-gov-public-domain	30 CFR 56.4102; PART 56 - SAFETY AND HEALTH STANDARDS - SURFACE METAL AND NONMETAL MINES; Subpart C - Fire Prevention and Control; eCFR as of 2026-10-01
cfr30-56.4103	56.4103 Fueling internal combustion engines.	https://www.ecfr.gov/on/2026-10-01/title-30/section-56.4103	us-gov-public-domain	30 CFR 56.4103; PART 56 - SAFETY AND HEALTH STANDARDS - SURFACE METAL AND NONMETAL MINES; Subpart C - Fire Prevention and Control; eCFR as of 2026-10-01
cfr30-56.4104	56.4104 Combustible waste.	https://www.ecfr.gov/on/2026-10-01/title-30/section-56.4104	us-gov-public-domain	30 CFR 56.4104; PART 56 - SAFETY AND HEALTH STANDARDS - SURFACE METAL AND NONMETAL MINES; Subpart C - Fire Prevention and Control; eCFR as of 2026-10-01
cfr30-56.4130	56.4130 Electric substations and liquid storage facilities.	https://www.ecfr.gov/on/2026-10-01/title-30/section-56.4130	us-gov-public-domain	30 CFR 56.4130; PART 56 - SAFETY AND HEALTH STANDARDS - SURFACE METAL AND NONMETAL MINES; Subpart C - Fire Prevention and Control; eCFR as of 2026-10-01
cfr30-56.4200	56.4200 General requirements.	https://www.ecfr.gov/on/2026-10-01/title-30/section-56.4200	us-gov-public-domain	30 CFR 56.4200; PART 56 - SAFETY AND HEALTH STANDARDS - SURFACE METAL AND NONMETAL MINES; Subpart C - Fire Prevention and Control; eCFR as of 2026-10-01
cfr30-56.4201	56.4201 Inspection.	https://www.ecfr.gov/on/2026-10-01/title-30/section-56.4201	us-gov-public-domain	30 CFR 56.4201; PART 56 - SAFETY AND HEALTH STANDARDS - SURFACE METAL AND NONMETAL MINES; Subpart C - Fire Prevention and Control; eCFR as of 2026-10-01
cfr30-56.4202	56.4202 Fire hydrants.	https://www.ecfr.gov/on/2026-10-01/title-30/section-56.4202	us-gov-public-domain	30 CFR 56.4202; PART 56 - SAFETY AND HEALTH STANDARDS - SURFACE METAL AND NONMETAL MINES; Subpart C - Fire Prevention and Control; eCFR as of 2026-10-01
cfr30-56.4203	56.4203 Extinguisher recharging or replacement.	https://www.ecfr.gov/on/2026-10-01/title-30/section-56.4203	us-gov-public-domain	30 CFR 56.4203; PART 56 - SAFETY AND HEALTH STANDARDS - SURFACE METAL AND NONMETAL MINES; Subpart C - Fire Prevention and Control; eCFR as of 2026-10-01
cfr30-56.4230	56.4230 Self-propelled equipment.	https://www.ecfr.gov/on/2026-10-01/title-30/section-56.4230	us-gov-public-domain	30 CFR 56.4230; PART 56 - SAFETY AND HEALTH STANDARDS - SURFACE METAL AND NONMETAL MINES; Subpart C - Fire Prevention and Control; eCFR as of 2026-10-01
cfr30-56.4330	56.4330 Firefighting, evacuation, and rescue procedures.	https://www.ecfr.gov/on/2026-10-01/title-30/section-56.4330	us-gov-public-domain	30 CFR 56.4330; PART 56 - SAFETY AND HEALTH STANDARDS - SURFACE METAL AND NONMETAL MINES; Subpart C - Fire Prevention and Control; eCFR as of 2026-10-01
cfr30-56.4331	56.4331 Firefighting drills.	https://www.ecfr.gov/on/2026-10-01/title-30/section-56.4331	us-gov-public-domain	30 CFR 56.4331; PART 56 - SAFETY AND HEALTH STANDARDS - SURFACE METAL AND NONMETAL MINES; Subpart C - Fire Prevention and Control; eCFR as of 2026-10-01
cfr30-56.4400	56.4400 Use restrictions.	https://www.ecfr.gov/on/2026-10-01/title-30/section-56.4400	us-gov-public-domain	30 CFR 56.4400; PART 56 - SAFETY AND HEALTH STANDARDS - SURFACE METAL AND NONMETAL MINES; Subpart C - Fire Prevention and Control; eCFR as of 2026-10-01
cfr30-56.4401	56.4401 Storage tank foundations.	https://www.ecfr.gov/on/2026-10-01/title-30/section-56.4401	us-gov-public-domain	30 CFR 56.4401; PART 56 - SAFETY AND HEALTH STANDARDS - SURFACE METAL AND NONMETAL MINES; Subpart C - Fire Prevention and Control; eCFR as of 2026-10-01
cfr30-56.4402	56.4402 Safety can use.	https://www.ecfr.gov/on/2026-10-01/title-30/section-56.4402	us-gov-public-domain	30 CFR 56.4402; PART 56 - SAFETY AND HEALTH STANDARDS - SURFACE METAL AND NONMETAL MINES; Subpart C - Fire Prevention and Control; eCFR as of 2026-10-01
cfr30-56.4430	56.4430 Storage facilities.	https://www.ecfr.gov/on/2026-10-01/title-30/section-56.4430	us-gov-public-domain	30 CFR 56.4430; PART 56 - SAFETY AND HEALTH STANDARDS - SURFACE METAL AND NONMETAL MINES; Subpart C - Fire Prevention and Control; eCFR as of 2026-10-01
cfr30-56.4500	56.4500 Heat sources.	https://www.ecfr.gov/on/2026-10-01/title-30/section-56.4500	us-gov-public-domain	30 CFR 56.4500; PART 56 - SAFETY AND HEALTH STANDARDS - SURFACE METAL AND NONMETAL MINES; Subpart C - Fire Prevention and Control; eCFR as of 2026-10-01
cfr30-56.4501	56.4501 Fuel lines.	https://www.ecfr.gov/on/2026-10-01/title-30/section-56.4501	us-gov-public-domain	30 CFR 56.4501; PART 56 - SAFETY AND HEALTH STANDARDS - SURFACE METAL AND NONMETAL MINES; Subpart C - Fire Prevention and Control; eCFR as of 2026-10-01
cfr30-56.4502	56.4502 Battery-charging stations.	https://www.ecfr.gov/on/2026-10-01/title-30/section-56.4502	us-gov-public-domain	30 CFR 56.4502; PART 56 - SAFETY AND HEALTH STANDARDS - SURFACE METAL AND NONMETAL MINES; Subpart C - Fire Prevention and Control; eCFR as of 2026-10-01
cfr30-56.4503	56.4503 Conveyor belt slippage.	https://www.ecfr.gov/on/2026-10-01/title-30/section-56.4503	us-gov-public-domain	30 CFR 56.4503; PART 56 - SAFETY AND HEALTH STANDARDS - SURFACE METAL AND NONMETAL MINES; Subpart C - Fire Prevention and Control; eCFR as of 2026-10-01
cfr30-56.4530	56.4530 Exits.	https://www.ecfr.gov/on/2026-10-01/title-30/section-56.4530	us-gov-public-domain	30 CFR 56.4530; PART 56 - SAFETY AND HEALTH STANDARDS - SURFACE METAL AND NONMETAL MINES; Subpart C - Fire Prevention and Control; eCFR as of 2026-10-01
cfr30-56.4531	56.4531 Flammable or combustible liquid storage buildings or rooms.	https://www.ecfr.gov/on/2026-10-01/title-30/section-56.4531	us-gov-public-domain	30 CFR 56.4531; PART 56 - SAFETY AND HEALTH STANDARDS - SURFACE METAL AND NONMETAL MINES; Subpart C - Fire Prevention and Control; eCFR as of 2026-10-01
cfr30-56.4600	56.4600 Extinguishing equipment.	https://www.ecfr.gov/on/2026-10-01/title-30/section-56.4600	us-gov-public-domain	30 CFR 56.4600; PART 56 - SAFETY AND HEALTH STANDARDS - SURFACE METAL AND NONMETAL MINES; Subpart C - Fire Prevention and Control; eCFR as of 2026-10-01
cfr30-56.4601	56.4601 Oxygen cylinder storage.	https://www.ecfr.gov/on/2026-10-01/title-30/section-56.4601	us-gov-public-domain	30 CFR 56.4601; PART 56 - SAFETY AND HEALTH STANDARDS - SURFACE METAL AND NONMETAL MINES; Subpart C - Fire Prevention and Control; eCFR as of 2026-10-01
cfr30-56.4602	56.4602 Gauges and regulators.	https://www.ecfr.gov/on/2026-10-01/title-30/section-56.4602	us-gov-public-domain	30 CFR 56.4602; PART 56 - SAFETY AND HEALTH STANDARDS - SURFACE METAL AND NONMETAL MINES; Subpart C - Fire Prevention and Control; eCFR as of 2026-10-01
cfr30-56.4603	56.4603 Closure of valves.	https://www.ecfr.gov/on/2026-10-01/title-30/section-56.4603	us-gov-public-domain	30 CFR 56.4603; PART 56 - SAFETY AND HEALTH STANDARDS - SURFACE METAL AND NONMETAL MINES; Subpart C - Fire Prevention and Control; eCFR as of 2026-10-01
cfr30-56.4604	56.4604 Preparation of pipelines or containers.	https://www.ecfr.gov/on/2026-10-01/title-30/section-56.4604	us-gov-public-domain	30 CFR 56.4604; PART 56 - SAFETY AND HEALTH STANDARDS - SURFACE METAL AND NONMETAL MINES; Subpart C - Fire Prevention and Control; eCFR as of 2026-10-01
cfr30-56.5001	56.5001 Exposure limits for airborne contaminants.	https://www.ecfr.gov/on/2026-10-01/title-30/section-56.5001	us-gov-public-domain	30 CFR 56.5001; PART 56 - SAFETY AND HEALTH STANDARDS - SURFACE METAL AND NONMETAL MINES; Subpart D - Air Quality and Physical Agents; eCFR as of 2026-10-01
cfr30-56.5001t	56.5001T Exposure limits for airborne contaminants.	https://www.ecfr.gov/on/2026-10-01/title-30/section-56.5001T	us-gov-public-domain	30 CFR 56.5001T; PART 56 - SAFETY AND HEALTH STANDARDS - SURFACE METAL AND NONMETAL MINES; Subpart D - Air Quality and Physical Agents; eCFR as of 2026-10-01
cfr30-56.5002	56.5002 Exposure monitoring.	https://www.ecfr.gov/on/2026-10-01/title-30/section-56.5002	us-gov-public-domain	30 CFR 56.5002; PART 56 - SAFETY AND HEALTH STANDARDS - SURFACE METAL AND NONMETAL MINES; Subpart D - Air Quality and Physical Agents; eCFR as of 2026-10-01
cfr30-56.5005	56.5005 Control of exposure to airborne contaminants.	https://www.ecfr.gov/on/2026-10-01/title-30/section-56.5005	us-gov-public-domain	30 CFR 56.5005; PART 56 - SAFETY AND HEALTH STANDARDS - SURFACE METAL AND NONMETAL MINES; Subpart D - Air Quality and Physical Agents; eCFR as of 2026-10-01
cfr30-56.5005t	56.5005T Control of exposure to airborne contaminants.	https://www.ecfr.gov/on/2026-10-01/title-30/section-56.5005T	us-gov-public-domain	30 CFR 56.5005T; PART 56 - SAFETY AND HEALTH STANDARDS - SURFACE METAL AND NONMETAL MINES; Subpart D - Air Quality and Physical Agents; eCFR as of 2026-10-01; reviewed: US government work, "Copyright protection under this title is not available for any work of the United States Government" (17 U.S.C. 105); the name ASTM only identifies a standard or body that the rule cites, and no text of that standard is reproduced
cfr30-56.5006	56.5006 Restricted use of chemicals.	https://www.ecfr.gov/on/2026-10-01/title-30/section-56.5006	us-gov-public-domain	30 CFR 56.5006; PART 56 - SAFETY AND HEALTH STANDARDS - SURFACE METAL AND NONMETAL MINES; Subpart D - Air Quality and Physical Agents; eCFR as of 2026-10-01
cfr30-56.6000	56.6000 Definitions.	https://www.ecfr.gov/on/2026-10-01/title-30/section-56.6000	us-gov-public-domain	30 CFR 56.6000; PART 56 - SAFETY AND HEALTH STANDARDS - SURFACE METAL AND NONMETAL MINES; Subpart E - Explosives; eCFR as of 2026-10-01
cfr30-56.6100	56.6100 Separation of stored explosive material.	https://www.ecfr.gov/on/2026-10-01/title-30/section-56.6100	us-gov-public-domain	30 CFR 56.6100; PART 56 - SAFETY AND HEALTH STANDARDS - SURFACE METAL AND NONMETAL MINES; Subpart E - Explosives; eCFR as of 2026-10-01
cfr30-56.6101	56.6101 Areas around explosive material storage facilities.	https://www.ecfr.gov/on/2026-10-01/title-30/section-56.6101	us-gov-public-domain	30 CFR 56.6101; PART 56 - SAFETY AND HEALTH STANDARDS - SURFACE METAL AND NONMETAL MINES; Subpart E - Explosives; eCFR as of 2026-10-01
cfr30-56.6102	56.6102 Explosive material storage practices.	https://www.ecfr.gov/on/2026-10-01/title-30/section-56.6102	us-gov-public-domain	30 CFR 56.6102; PART 56 - SAFETY AND HEALTH STANDARDS - SURFACE METAL AND NONMETAL MINES; Subpart E - Explosives; eCFR as of 2026-10-01
cfr30-56.6130	56.6130 Explosive material storage facilities.	https://www.ecfr.gov/on/2026-10-01/title-30/section-56.6130	us-gov-public-domain	30 CFR 56.6130; PART 56 - SAFETY AND HEALTH STANDARDS - SURFACE METAL AND NONMETAL MINES; Subpart E - Explosives; eCFR as of 2026-10-01
cfr30-56.6131	56.6131 Location of explosive material storage facilities.	https://www.ecfr.gov/on/2026-10-01/title-30/section-56.6131	us-gov-public-domain	30 CFR 56.6131; PART 56 - SAFETY AND HEALTH STANDARDS - SURFACE METAL AND NONMETAL MINES; Subpart E - Explosives; eCFR as of 2026-10-01
cfr30-56.6132	56.6132 Magazine requirements.	https://www.ecfr.gov/on/2026-10-01/title-30/section-56.6132	us-gov-public-domain	30 CFR 56.6132; PART 56 - SAFETY AND HEALTH STANDARDS - SURFACE METAL AND NONMETAL MINES; Subpart E - Explosives; eCFR as of 2026-10-01
cfr30-56.6133	56.6133 Powder chests.	https://www.ecfr.gov/on/2026-10-01/title-30/section-56.6133	us-gov-public-domain	30 CFR 56.6133; PART 56 - SAFETY AND HEALTH STANDARDS - SURFACE METAL AND NONMETAL MINES; Subpart E - Explosives; eCFR as of 2026-10-01
cfr30-56.6200	56.6200 Delivery to storage or blast site areas.	https://www.ecfr.gov/on/2026-10-01/title-30/section-56.6200	us-gov-public-domain	30 CFR 56.6200; PART 56 - SAFETY AND HEALTH STANDARDS - SURFACE METAL AND NONMETAL MINES; Subpart E - Explosives; eCFR as of 2026-10-01
cfr30-56.6201	56.6201 Separation of transported explosive material.	https://www.ecfr.gov/on/2026-10-01/title-30/section-56.6201	us-gov-public-domain	30 CFR 56.6201; PART 56 - SAFETY AND HEALTH STANDARDS - SURFACE METAL AND NONMETAL MINES; Subpart E - Explosives; eCFR as of 2026-10-01
cfr30-56.6202	56.6202 Vehicles.	https://www.ecfr.gov/on/2026-10-01/title-30/section-56.6202	us-gov-public-domain	30 CFR 56.6202; PART 56 - SAFETY AND HEALTH STANDARDS - SURFACE METAL AND NONMETAL MINES; Subpart E - Explosives; eCFR as of 2026-10-01
cfr30-56.6203	56.6203 Locomotives.	https://www.ecfr.gov/on/2026-10-01/title-30/section-56.6203	us-gov-public-domain	30 CFR 56.6203; PART 56 - SAFETY AND HEALTH STANDARDS - SURFACE METAL AND NONMETAL MINES; Subpart E - Explosives; eCFR as of 2026-10-01
cfr30-56.6204	56.6204 Hoists.	https://www.ecfr.gov/on/2026-10-01/title-30/section-56.6204	us-gov-public-domain	30 CFR 56.6204; PART 56 - SAFETY AND HEALTH STANDARDS - SURFACE METAL AND NONMETAL MINES; Subpart E - Explosives; eCFR as of 2026-10-01
cfr30-56.6205	56.6205 Conveying explosives by hand.	https://www.ecfr.gov/on/2026-10-01/title-30/section-56.6205	us-gov-public-domain	30 CFR 56.6205; PART 56 - SAFETY AND HEALTH STANDARDS - SURFACE METAL AND NONMETAL MINES; Subpart E - Explosives; eCFR as of 2026-10-01
cfr30-56.6300	56.6300 Control of blasting operations.	https://www.ecfr.gov/on/2026-10-01/title-30/section-56.6300	us-gov-public-domain	30 CFR 56.6300; PART 56 - SAFETY AND HEALTH STANDARDS - SURFACE METAL AND NONMETAL MINES; Subpart E - Explosives; eCFR as of 2026-10-01
cfr30-56.6301	56.6301 Blasthole obstruction check.	https://www.ecfr.gov/on/2026-10-01/title-30/section-56.6301	us-gov-public-domain	30 CFR 56.6301; PART 56 - SAFETY AND HEALTH STANDARDS - SURFACE METAL AND NONMETAL MINES; Subpart E - Explosives; eCFR as of 2026-10-01
cfr30-56.6302	56.6302 Separation of explosive material.	https://www.ecfr.gov/on/2026-10-01/title-30/section-56.6302	us-gov-public-domain	30 CFR 56.6302; PART 56 - SAFETY AND HEALTH STANDARDS - SURFACE METAL AND NONMETAL MINES; Subpart E - Explosives; eCFR as of 2026-10-01
cfr30-56.6303	56.6303 Initiation preparation.	https://www.ecfr.gov/on/2026-10-01/title-30/section-56.6303	us-gov-public-domain	30 CFR 56.6303; PART 56 - SAFETY AND HEALTH STANDARDS - SURFACE METAL AND NONMETAL MINES; Subpart E - Explosives; eCFR as of 2026-10-01
cfr30-56.6304	56.6304 Primer protection.	https://www.ecfr.gov/on/2026-10-01/title-30/section-56.6304	us-gov-public-domain	30 CFR 56.6304; PART 56 - SAFETY AND HEALTH STANDARDS - SURFACE METAL AND NONMETAL MINES; Subpart E - Explosives; eCFR as of 2026-10-01
cfr30-56.6305	56.6305 Unused explosive material.	https://www.ecfr.gov/on/2026-10-01/title-30/section-56.6305	us-gov-public-domain	30 CFR 56.6305; PART 56 - SAFETY AND HEALTH STANDARDS - SURFACE METAL AND NONMETAL MINES; Subpart E - Explosives; eCFR as of 2026-10-01
cfr30-56.6306	56.6306 Loading, blasting, and security.	https://www.ecfr.gov/on/2026-10-01/title-30/section-56.6306	us-gov-public-domain	30 CFR 56.6306; PART 56 - SAFETY AND HEALTH STANDARDS - SURFACE METAL AND NONMETAL MINES; Subpart E - Explosives; eCFR as of 2026-10-01
cfr30-56.6307	56.6307 Drill stem loading.	https://www.ecfr.gov/on/2026-10-01/title-30/section-56.6307	us-gov-public-domain	30 CFR 56.6307; PART 56 - SAFETY AND HEALTH STANDARDS - SURFACE METAL AND NONMETAL MINES; Subpart E - Explosives; eCFR as of 2026-10-01
cfr30-56.6308	56.6308 Initiation systems.	https://www.ecfr.gov/on/2026-10-01/title-30/section-56.6308	us-gov-public-domain	30 CFR 56.6308; PART 56 - SAFETY AND HEALTH STANDARDS - SURFACE METAL AND NONMETAL MINES; Subpart E - Explosives; eCFR as of 2026-10-01
cfr30-56.6309	56.6309 Fuel oil requirements for ANFO.	https://www.ecfr.gov/on/2026-10-01/title-30/section-56.6309	us-gov-public-domain	30 CFR 56.6309; PART 56 - SAFETY AND HEALTH STANDARDS - SURFACE METAL AND NONMETAL MINES; Subpart E - Explosives; eCFR as of 2026-10-01
cfr30-56.6310	56.6310 Misfire waiting period.	https://www.ecfr.gov/on/2026-10-01/title-30/section-56.6310	us-gov-public-domain	30 CFR 56.6310; PART 56 - SAFETY AND HEALTH STANDARDS - SURFACE METAL AND NONMETAL MINES; Subpart E - Explosives; eCFR as of 2026-10-01
cfr30-56.6311	56.6311 Handling of misfires.	https://www.ecfr.gov/on/2026-10-01/title-30/section-56.6311	us-gov-public-domain	30 CFR 56.6311; PART 56 - SAFETY AND HEALTH STANDARDS - SURFACE METAL AND NONMETAL MINES; Subpart E - Explosives; eCFR as of 2026-10-01
cfr30-56.6312	56.6312 Secondary blasting.	https://www.ecfr.gov/on/2026-10-01/title-30/section-56.6312	us-gov-public-domain	30 CFR 56.6312; PART 56 - SAFETY AND HEALTH STANDARDS - SURFACE METAL AND NONMETAL MINES; Subpart E - Explosives; eCFR as of 2026-10-01
cfr30-56.6400	56.6400 Compatibility of electric detonators.	https://www.ecfr.gov/on/2026-10-01/title-30/section-56.6400	us-gov-public-domain	30 CFR 56.6400; PART 56 - SAFETY AND HEALTH STANDARDS - SURFACE METAL AND NONMETAL MINES; Subpart E - Explosives; eCFR as of 2026-10-01
cfr30-56.6401	56.6401 Shunting.	https://www.ecfr.gov/on/2026-10-01/title-30/section-56.6401	us-gov-public-domain	30 CFR 56.6401; PART 56 - SAFETY AND HEALTH STANDARDS - SURFACE METAL AND NONMETAL MINES; Subpart E - Explosives; eCFR as of 2026-10-01
cfr30-56.6402	56.6402 Deenergized circuits near detonators.	https://www.ecfr.gov/on/2026-10-01/title-30/section-56.6402	us-gov-public-domain	30 CFR 56.6402; PART 56 - SAFETY AND HEALTH STANDARDS - SURFACE METAL AND NONMETAL MINES; Subpart E - Explosives; eCFR as of 2026-10-01
cfr30-56.6403	56.6403 Branch circuits.	https://www.ecfr.gov/on/2026-10-01/title-30/section-56.6403	us-gov-public-domain	30 CFR 56.6403; PART 56 - SAFETY AND HEALTH STANDARDS - SURFACE METAL AND NONMETAL MINES; Subpart E - Explosives; eCFR as of 2026-10-01
cfr30-56.6404	56.6404 Separation of blasting circuits from power source.	https://www.ecfr.gov/on/2026-10-01/title-30/section-56.6404	us-gov-public-domain	30 CFR 56.6404; PART 56 - SAFETY AND HEALTH STANDARDS - SURFACE METAL AND NONMETAL MINES; Subpart E - Explosives; eCFR as of 2026-10-01
cfr30-56.6405	56.6405 Firing devices.	https://www.ecfr.gov/on/2026-10-01/title-30/section-56.6405	us-gov-public-domain	30 CFR 56.6405; PART 56 - SAFETY AND HEALTH STANDARDS - SURFACE METAL AND NONMETAL MINES; Subpart E - Explosives; eCFR as of 2026-10-01
cfr30-56.6406	56.6406 Duration of current flow.	https://www.ecfr.gov/on/2026-10-01/title-30/section-56.6406	us-gov-public-domain	30 CFR 56.6406; PART 56 - SAFETY AND HEALTH STANDARDS - SURFACE METAL AND NONMETAL MINES; Subpart E - Explosives; eCFR as of 2026-10-01
cfr30-56.6407	56.6407 Circuit testing.	https://www.ecfr.gov/on/2026-10-01/title-30/section-56.6407	us-gov-public-domain	30 CFR 56.6407; PART 56 - SAFETY AND HEALTH STANDARDS - SURFACE METAL AND NONMETAL MINES; Subpart E - Explosives; eCFR as of 2026-10-01
cfr30-56.6500	56.6500 Damaged initiating material.	https://www.ecfr.gov/on/2026-10-01/title-30/section-56.6500	us-gov-public-domain	30 CFR 56.6500; PART 56 - SAFETY AND HEALTH STANDARDS - SURFACE METAL AND NONMETAL MINES; Subpart E - Explosives; eCFR as of 2026-10-01
cfr30-56.6501	56.6501 Nonelectric initiation systems.	https://www.ecfr.gov/on/2026-10-01/title-30/section-56.6501	us-gov-public-domain	30 CFR 56.6501; PART 56 - SAFETY AND HEALTH STANDARDS - SURFACE METAL AND NONMETAL MINES; Subpart E - Explosives; eCFR as of 2026-10-01
cfr30-56.6502	56.6502 Safety fuse.	https://www.ecfr.gov/on/2026-10-01/title-30/section-56.6502	us-gov-public-domain	30 CFR 56.6502; PART 56 - SAFETY AND HEALTH STANDARDS - SURFACE METAL AND NONMETAL MINES; Subpart E - Explosives; eCFR as of 2026-10-01
cfr30-56.6600	56.6600 Loading practices.	https://www.ecfr.gov/on/2026-10-01/title-30/section-56.6600	us-gov-public-domain	30 CFR 56.6600; PART 56 - SAFETY AND HEALTH STANDARDS - SURFACE METAL AND NONMETAL MINES; Subpart E - Explosives; eCFR as of 2026-10-01
cfr30-56.6601	56.6601 Grounding.	https://www.ecfr.gov/on/2026-10-01/title-30/section-56.6601	us-gov-public-domain	30 CFR 56.6601; PART 56 - SAFETY AND HEALTH STANDARDS - SURFACE METAL AND NONMETAL MINES; Subpart E - Explosives; eCFR as of 2026-10-01
cfr30-56.6602	56.6602 Static electricity dissipation during loading.	https://www.ecfr.gov/on/2026-10-01/title-30/section-56.6602	us-gov-public-domain	30 CFR 56.6602; PART 56 - SAFETY AND HEALTH STANDARDS - SURFACE METAL AND NONMETAL MINES; Subpart E - Explosives; eCFR as of 2026-10-01
cfr30-56.6603	56.6603 Air gap.	https://www.ecfr.gov/on/2026-10-01/title-30/section-56.6603	us-gov-public-domain	30 CFR 56.6603; PART 56 - SAFETY AND HEALTH STANDARDS - SURFACE METAL AND NONMETAL MINES; Subpart E - Explosives; eCFR as of 2026-10-01
cfr30-56.6604	56.6604 Precautions during storms.	https://www.ecfr.gov/on/2026-10-01/title-30/section-56.6604	us-gov-public-domain	30 CFR 56.6604; PART 56 - SAFETY AND HEALTH STANDARDS - SURFACE METAL AND NONMETAL MINES; Subpart E - Explosives; eCFR as of 2026-10-01
cfr30-56.6605	56.6605 Isolation of blasting circuits.	https://www.ecfr.gov/on/2026-10-01/title-30/section-56.6605	us-gov-public-domain	30 CFR 56.6605; PART 56 - SAFETY AND HEALTH STANDARDS - SURFACE METAL AND NONMETAL MINES; Subpart E - Explosives; eCFR as of 2026-10-01
cfr30-56.6700	56.6700 Nonsparking tools.	https://www.ecfr.gov/on/2026-10-01/title-30/section-56.6700	us-gov-public-domain	30 CFR 56.6700; PART 56 - SAFETY AND HEALTH STANDARDS - SURFACE METAL AND NONMETAL MINES; Subpart E - Explosives; eCFR as of 2026-10-01
cfr30-56.6701	56.6701 Tamping and loading pole requirements.	https://www.ecfr.gov/on/2026-10-01/title-30/section-56.6701	us-gov-public-domain	30 CFR 56.6701; PART 56 - SAFETY AND HEALTH STANDARDS - SURFACE METAL AND NONMETAL MINES; Subpart E - Explosives; eCFR as of 2026-10-01
cfr30-56.6800	56.6800 Storage facilities.	https://www.ecfr.gov/on/2026-10-01/title-30/section-56.6800	us-gov-public-domain	30 CFR 56.6800; PART 56 - SAFETY AND HEALTH STANDARDS - SURFACE METAL AND NONMETAL MINES; Subpart E - Explosives; eCFR as of 2026-10-01
cfr30-56.6801	56.6801 Vehicle repair.	https://www.ecfr.gov/on/2026-10-01/title-30/section-56.6801	us-gov-public-domain	30 CFR 56.6801; PART 56 - SAFETY AND HEALTH STANDARDS - SURFACE METAL AND NONMETAL MINES; Subpart E - Explosives; eCFR as of 2026-10-01
cfr30-56.6802	56.6802 Bulk delivery vehicles.	https://www.ecfr.gov/on/2026-10-01/title-30/section-56.6802	us-gov-public-domain	30 CFR 56.6802; PART 56 - SAFETY AND HEALTH STANDARDS - SURFACE METAL AND NONMETAL MINES; Subpart E - Explosives; eCFR as of 2026-10-01
cfr30-56.6803	56.6803 Blasting lines.	https://www.ecfr.gov/on/2026-10-01/title-30/section-56.6803	us-gov-public-domain	30 CFR 56.6803; PART 56 - SAFETY AND HEALTH STANDARDS - SURFACE METAL AND NONMETAL MINES; Subpart E - Explosives; eCFR as of 2026-10-01
cfr30-56.6900	56.6900 Damaged or deteriorated explosive material.	https://www.ecfr.gov/on/2026-10-01/title-30/section-56.6900	us-gov-public-domain	30 CFR 56.6900; PART 56 - SAFETY AND HEALTH STANDARDS - SURFACE METAL AND NONMETAL MINES; Subpart E - Explosives; eCFR as of 2026-10-01
cfr30-56.6901	56.6901 Black powder.	https://www.ecfr.gov/on/2026-10-01/title-30/section-56.6901	us-gov-public-domain	30 CFR 56.6901; PART 56 - SAFETY AND HEALTH STANDARDS - SURFACE METAL AND NONMETAL MINES; Subpart E - Explosives; eCFR as of 2026-10-01
cfr30-56.6902	56.6902 Excessive temperatures.	https://www.ecfr.gov/on/2026-10-01/title-30/section-56.6902	us-gov-public-domain	30 CFR 56.6902; PART 56 - SAFETY AND HEALTH STANDARDS - SURFACE METAL AND NONMETAL MINES; Subpart E - Explosives; eCFR as of 2026-10-01
cfr30-56.6903	56.6903 Burning explosive material.	https://www.ecfr.gov/on/2026-10-01/title-30/section-56.6903	us-gov-public-domain	30 CFR 56.6903; PART 56 - SAFETY AND HEALTH STANDARDS - SURFACE METAL AND NONMETAL MINES; Subpart E - Explosives; eCFR as of 2026-10-01
cfr30-56.6904	56.6904 Smoking and open flames.	https://www.ecfr.gov/on/2026-10-01/title-30/section-56.6904	us-gov-public-domain	30 CFR 56.6904; PART 56 - SAFETY AND HEALTH STANDARDS - SURFACE METAL AND NONMETAL MINES; Subpart E - Explosives; eCFR as of 2026-10-01
cfr30-56.6905	56.6905 Protection of explosive material.	https://www.ecfr.gov/on/2026-10-01/title-30/section-56.6905	us-gov-public-domain	30 CFR 56.6905; PART 56 - SAFETY AND HEALTH STANDARDS - SURFACE METAL AND NONMETAL MINES; Subpart E - Explosives; eCFR as of 2026-10-01
cfr30-56.7002	56.7002 Equipment defects.	https://www.ecfr.gov/on/2026-10-01/title-30/section-56.7002	us-gov-public-domain	30 CFR 56.7002; PART 56 - SAFETY AND HEALTH STANDARDS - SURFACE METAL AND NONMETAL MINES; Subpart F - Drilling and Rotary Jet Piercing; eCFR as of 2026-10-01
cfr30-56.7003	56.7003 Drill area inspection.	https://www.ecfr.gov/on/2026-10-01/title-30/section-56.7003	us-gov-public-domain	30 CFR 56.7003; PART 56 - SAFETY AND HEALTH STANDARDS - SURFACE METAL AND NONMETAL MINES; Subpart F - Drilling and Rotary Jet Piercing; eCFR as of 2026-10-01
cfr30-56.7004	56.7004 Drill mast.	https://www.ecfr.gov/on/2026-10-01/title-30/section-56.7004	us-gov-public-domain	30 CFR 56.7004; PART 56 - SAFETY AND HEALTH STANDARDS - SURFACE METAL AND NONMETAL MINES; Subpart F - Drilling and Rotary Jet Piercing; eCFR as of 2026-10-01
cfr30-56.7005	56.7005 Augers and drill stems.	https://www.ecfr.gov/on/2026-10-01/title-30/section-56.7005	us-gov-public-domain	30 CFR 56.7005; PART 56 - SAFETY AND HEALTH STANDARDS - SURFACE METAL AND NONMETAL MINES; Subpart F - Drilling and Rotary Jet Piercing; eCFR as of 2026-10-01
cfr30-56.7008	56.7008 Moving the drill.	https://www.ecfr.gov/on/2026-10-01/title-30/section-56.7008	us-gov-public-domain	30 CFR 56.7008; PART 56 - SAFETY AND HEALTH STANDARDS - SURFACE METAL AND NONMETAL MINES; Subpart F - Drilling and Rotary Jet Piercing; eCFR as of 2026-10-01
cfr30-56.7009	56.7009 Drill helpers.	https://www.ecfr.gov/on/2026-10-01/title-30/section-56.7009	us-gov-public-domain	30 CFR 56.7009; PART 56 - SAFETY AND HEALTH STANDARDS - SURFACE METAL AND NONMETAL MINES; Subpart F - Drilling and Rotary Jet Piercing; eCFR as of 2026-10-01
cfr30-56.7010	56.7010 Power failures.	https://www.ecfr.gov/on/2026-10-01/title-30/section-56.7010	us-gov-public-domain	30 CFR 56.7010; PART 56 - SAFETY AND HEALTH STANDARDS - SURFACE METAL AND NONMETAL MINES; Subpart F - Drilling and Rotary Jet Piercing; eCFR as of 2026-10-01
cfr30-56.7011	56.7011 Straightening crossed cables.	https://www.ecfr.gov/on/2026-10-01/title-30/section-56.7011	us-gov-public-domain	30 CFR 56.7011; PART 56 - SAFETY AND HEALTH STANDARDS - SURFACE METAL AND NONMETAL MINES; Subpart F - Drilling and Rotary Jet Piercing; eCFR as of 2026-10-01
cfr30-56.7012	56.7012 Tending drills in operation.	https://www.ecfr.gov/on/2026-10-01/title-30/section-56.7012	us-gov-public-domain	30 CFR 56.7012; PART 56 - SAFETY AND HEALTH STANDARDS - SURFACE METAL AND NONMETAL MINES; Subpart F - Drilling and Rotary Jet Piercing; eCFR as of 2026-10-01
cfr30-56.7013	56.7013 Covering or guarding drill holes.	https://www.ecfr.gov/on/2026-10-01/title-30/section-56.7013	us-gov-public-domain	30 CFR 56.7013; PART 56 - SAFETY AND HEALTH STANDARDS - SURFACE METAL AND NONMETAL MINES; Subpart F - Drilling and Rotary Jet Piercing; eCFR as of 2026-10-01
cfr30-56.7018	56.7018 Hand clearance.	https://www.ecfr.gov/on/2026-10-01/title-30/section-56.7018	us-gov-public-domain	30 CFR 56.7018; PART 56 - SAFETY AND HEALTH STANDARDS - SURFACE METAL AND NONMETAL MINES; Subpart F - Drilling and Rotary Jet Piercing; eCFR as of 2026-10-01
cfr30-56.7050	56.7050 Tool and drill steel racks.	https://www.ecfr.gov/on/2026-10-01/title-30/section-56.7050	us-gov-public-domain	30 CFR 56.7050; PART 56 - SAFETY AND HEALTH STANDARDS - SURFACE METAL AND NONMETAL MINES; Subpart F - Drilling and Rotary Jet Piercing; eCFR as of 2026-10-01
cfr30-56.7051	56.7051 Loose objects on the mast or drill platform.	https://www.ecfr.gov/on/2026-10-01/title-30/section-56.7051	us-gov-public-domain	30 CFR 56.7051; PART 56 - SAFETY AND HEALTH STANDARDS - SURFACE METAL AND NONMETAL MINES; Subpart F - Drilling and Rotary Jet Piercing; eCFR as of 2026-10-01
cfr30-56.7052	56.7052 Drilling positions.	https://www.ecfr.gov/on/2026-10-01/title-30/section-56.7052	us-gov-public-domain	30 CFR 56.7052; PART 56 - SAFETY AND HEALTH STANDARDS - SURFACE METAL AND NONMETAL MINES; Subpart F - Drilling and Rotary Jet Piercing; eCFR as of 2026-10-01
cfr30-56.7053	56.7053 Moving hand-held drills.	https://www.ecfr.gov/on/2026-10-01/title-30/section-56.7053	us-gov-public-domain	30 CFR 56.7053; PART 56 - SAFETY AND HEALTH STANDARDS - SURFACE METAL AND NONMETAL MINES; Subpart F - Drilling and Rotary Jet Piercing; eCFR as of 2026-10-01
cfr30-56.7055	56.7055 Intersecting holes.	https://www.ecfr.gov/on/2026-10-01/title-30/section-56.7055	us-gov-public-domain	30 CFR 56.7055; PART 56 - SAFETY AND HEALTH STANDARDS - SURFACE METAL AND NONMETAL MINES; Subpart F - Drilling and Rotary Jet Piercing; eCFR as of 2026-10-01
cfr30-56.7056	56.7056 Collaring in bootlegs.	https://www.ecfr.gov/on/2026-10-01/title-30/section-56.7056	us-gov-public-domain	30 CFR 56.7056; PART 56 - SAFETY AND HEALTH STANDARDS - SURFACE METAL AND NONMETAL MINES; Subpart F - Drilling and Rotary Jet Piercing; eCFR as of 2026-10-01
cfr30-56.7801	56.7801 Jet drills.	https://www.ecfr.gov/on/2026-10-01/title-30/section-56.7801	us-gov-public-domain	30 CFR 56.7801; PART 56 - SAFETY AND HEALTH STANDARDS - SURFACE METAL AND NONMETAL MINES; Subpart F - Drilling and Rotary Jet Piercing; eCFR as of 2026-10-01
cfr30-56.7802	56.7802 Oxygen hose lines.	https://www.ecfr.gov/on/2026-10-01/title-30/section-56.7802	us-gov-public-domain	30 CFR 56.7802; PART 56 - SAFETY AND HEALTH STANDARDS - SURFACE METAL AND NONMETAL MINES; Subpart F - Drilling and Rotary Jet Piercing; eCFR as of 2026-10-01
cfr30-56.7803	56.7803 Lighting the burner.	https://www.ecfr.gov/on/2026-10-01/title-30/section-56.7803	us-gov-public-domain	30 CFR 56.7803; PART 56 - SAFETY AND HEALTH STANDARDS - SURFACE METAL AND NONMETAL MINES; Subpart F - Drilling and Rotary Jet Piercing; eCFR as of 2026-10-01
cfr30-56.7804	56.7804 Refueling.	https://www.ecfr.gov/on/2026-10-01/title-30/section-56.7804	us-gov-public-domain	30 CFR 56.7804; PART 56 - SAFETY AND HEALTH STANDARDS - SURFACE METAL AND NONMETAL MINES; Subpart F - Drilling and Rotary Jet Piercing; eCFR as of 2026-10-01
cfr30-56.7805	56.7805 Smoking and open flames.	https://www.ecfr.gov/on/2026-10-01/title-30/section-56.7805	us-gov-public-domain	30 CFR 56.7805; PART 56 - SAFETY AND HEALTH STANDARDS - SURFACE METAL AND NONMETAL MINES; Subpart F - Drilling and Rotary Jet Piercing; eCFR as of 2026-10-01
cfr30-56.7806	56.7806 Oxygen intake coupling.	https://www.ecfr.gov/on/2026-10-01/title-30/section-56.7806	us-gov-public-domain	30 CFR 56.7806; PART 56 - SAFETY AND HEALTH STANDARDS - SURFACE METAL AND NONMETAL MINES; Subpart F - Drilling and Rotary Jet Piercing; eCFR as of 2026-10-01
cfr30-56.7807	56.7807 Flushing the combustion chamber.	https://www.ecfr.gov/on/2026-10-01/title-30/section-56.7807	us-gov-public-domain	30 CFR 56.7807; PART 56 - SAFETY AND HEALTH STANDARDS - SURFACE METAL AND NONMETAL MINES; Subpart F - Drilling and Rotary Jet Piercing; eCFR as of 2026-10-01
cfr30-56.9100	56.9100 Traffic control.	https://www.ecfr.gov/on/2026-10-01/title-30/section-56.9100	us-gov-public-domain	30 CFR 56.9100; PART 56 - SAFETY AND HEALTH STANDARDS - SURFACE METAL AND NONMETAL MINES; Subpart H - Loading, Hauling, and Dumping; eCFR as of 2026-10-01
cfr30-56.9101	56.9101 Operating speeds and control of equipment.	https://www.ecfr.gov/on/2026-10-01/title-30/section-56.9101	us-gov-public-domain	30 CFR 56.9101; PART 56 - SAFETY AND HEALTH STANDARDS - SURFACE METAL AND NONMETAL MINES; Subpart H - Loading, Hauling, and Dumping; eCFR as of 2026-10-01
cfr30-56.9102	56.9102 Movement of independently operating rail equipment.	https://www.ecfr.gov/on/2026-10-01/title-30/section-56.9102	us-gov-public-domain	30 CFR 56.9102; PART 56 - SAFETY AND HEALTH STANDARDS - SURFACE METAL AND NONMETAL MINES; Subpart H - Loading, Hauling, and Dumping; eCFR as of 2026-10-01
cfr30-56.9103	56.9103 Clearance on adjacent tracks.	https://www.ecfr.gov/on/2026-10-01/title-30/section-56.9103	us-gov-public-domain	30 CFR 56.9103; PART 56 - SAFETY AND HEALTH STANDARDS - SURFACE METAL AND NONMETAL MINES; Subpart H - Loading, Hauling, and Dumping; eCFR as of 2026-10-01
cfr30-56.9104	56.9104 Railroad crossings.	https://www.ecfr.gov/on/2026-10-01/title-30/section-56.9104	us-gov-public-domain	30 CFR 56.9104; PART 56 - SAFETY AND HEALTH STANDARDS - SURFACE METAL AND NONMETAL MINES; Subpart H - Loading, Hauling, and Dumping; eCFR as of 2026-10-01
cfr30-56.9200	56.9200 Transporting persons.	https://www.ecfr.gov/on/2026-10-01/title-30/section-56.9200	us-gov-public-domain	30 CFR 56.9200; PART 56 - SAFETY AND HEALTH STANDARDS - SURFACE METAL AND NONMETAL MINES; Subpart H - Loading, Hauling, and Dumping; eCFR as of 2026-10-01
cfr30-56.9201	56.9201 Loading, hauling, and unloading of equipment or supplies.	https://www.ecfr.gov/on/2026-10-01/title-30/section-56.9201	us-gov-public-domain	30 CFR 56.9201; PART 56 - SAFETY AND HEALTH STANDARDS - SURFACE METAL AND NONMETAL MINES; Subpart H - Loading, Hauling, and Dumping; eCFR as of 2026-10-01
cfr30-56.9202	56.9202 Loading and hauling large rocks.	https://www.ecfr.gov/on/2026-10-01/title-30/section-56.9202	us-gov-public-domain	30 CFR 56.9202; PART 56 - SAFETY AND HEALTH STANDARDS - SURFACE METAL AND NONMETAL MINES; Subpart H - Loading, Hauling, and Dumping; eCFR as of 2026-10-01
cfr30-56.9300	56.9300 Berms or guardrails.	https://www.ecfr.gov/on/2026-10-01/title-30/section-56.9300	us-gov-public-domain	30 CFR 56.9300; PART 56 - SAFETY AND HEALTH STANDARDS - SURFACE METAL AND NONMETAL MINES; Subpart H - Loading, Hauling, and Dumping; eCFR as of 2026-10-01
cfr30-56.9301	56.9301 Dump site restraints.	https://www.ecfr.gov/on/2026-10-01/title-30/section-56.9301	us-gov-public-domain	30 CFR 56.9301; PART 56 - SAFETY AND HEALTH STANDARDS - SURFACE METAL AND NONMETAL MINES; Subpart H - Loading, Hauling, and Dumping; eCFR as of 2026-10-01
cfr30-56.9302	56.9302 Protection against moving or runaway railroad equipment.	https://www.ecfr.gov/on/2026-10-01/title-30/section-56.9302	us-gov-public-domain	30 CFR 56.9302; PART 56 - SAFETY AND HEALTH STANDARDS - SURFACE METAL AND NONMETAL MINES; Subpart H - Loading, Hauling, and Dumping; eCFR as of 2026-10-01
cfr30-56.9303	56.9303 Construction of ramps and dumping facilities.	https://www.ecfr.gov/on/2026-10-01/title-30/section-56.9303	us-gov-public-domain	30 CFR 56.9303; PART 56 - SAFETY AND HEALTH STANDARDS - SURFACE METAL AND NONMETAL MINES; Subpart H - Loading, Hauling, and Dumping; eCFR as of 2026-10-01
cfr30-56.9304	56.9304 Unstable ground.	https://www.ecfr.gov/on/2026-10-01/title-30/section-56.9304	us-gov-public-domain	30 CFR 56.9304; PART 56 - SAFETY AND HEALTH STANDARDS - SURFACE METAL AND NONMETAL MINES; Subpart H - Loading, Hauling, and Dumping; eCFR as of 2026-10-01
cfr30-56.9305	56.9305 Truck spotters.	https://www.ecfr.gov/on/2026-10-01/title-30/section-56.9305	us-gov-public-domain	30 CFR 56.9305; PART 56 - SAFETY AND HEALTH STANDARDS - SURFACE METAL AND NONMETAL MINES; Subpart H - Loading, Hauling, and Dumping; eCFR as of 2026-10-01
cfr30-56.9306	56.9306 Warning devices for restricted clearances.	https://www.ecfr.gov/on/2026-10-01/title-30/section-56.9306	us-gov-public-domain	30 CFR 56.9306; PART 56 - SAFETY AND HEALTH STANDARDS - SURFACE METAL AND NONMETAL MINES; Subpart H - Loading, Hauling, and Dumping; eCFR as of 2026-10-01
cfr30-56.9307	56.9307 Design, installation, and maintenance of railroads.	https://www.ecfr.gov/on/2026-10-01/title-30/section-56.9307	us-gov-public-domain	30 CFR 56.9307; PART 56 - SAFETY AND HEALTH STANDARDS - SURFACE METAL AND NONMETAL MINES; Subpart H - Loading, Hauling, and Dumping; eCFR as of 2026-10-01
cfr30-56.9308	56.9308 Switch throws.	https://www.ecfr.gov/on/2026-10-01/title-30/section-56.9308	us-gov-public-domain	30 CFR 56.9308; PART 56 - SAFETY AND HEALTH STANDARDS - SURFACE METAL AND NONMETAL MINES; Subpart H - Loading, Hauling, and Dumping; eCFR as of 2026-10-01
cfr30-56.9309	56.9309 Chute design.	https://www.ecfr.gov/on/2026-10-01/title-30/section-56.9309	us-gov-public-domain	30 CFR 56.9309; PART 56 - SAFETY AND HEALTH STANDARDS - SURFACE METAL AND NONMETAL MINES; Subpart H - Loading, Hauling, and Dumping; eCFR as of 2026-10-01
cfr30-56.9310	56.9310 Chute hazards.	https://www.ecfr.gov/on/2026-10-01/title-30/section-56.9310	us-gov-public-domain	30 CFR 56.9310; PART 56 - SAFETY AND HEALTH STANDARDS - SURFACE METAL AND NONMETAL MINES; Subpart H - Loading, Hauling, and Dumping; eCFR as of 2026-10-01
cfr30-56.9311	56.9311 Anchoring stationary sizing devices.	https://www.ecfr.gov/on/2026-10-01/title-30/section-56.9311	us-gov-public-domain	30 CFR 56.9311; PART 56 - SAFETY AND HEALTH STANDARDS - SURFACE METAL AND NONMETAL MINES; Subpart H - Loading, Hauling, and Dumping; eCFR as of 2026-10-01
cfr30-56.9312	56.9312 Working around drawholes.	https://www.ecfr.gov/on/2026-10-01/title-30/section-56.9312	us-gov-public-domain	30 CFR 56.9312; PART 56 - SAFETY AND HEALTH STANDARDS - SURFACE METAL AND NONMETAL MINES; Subpart H - Loading, Hauling, and Dumping; eCFR as of 2026-10-01
cfr30-56.9313	56.9313 Roadway maintenance.	https://www.ecfr.gov/on/2026-10-01/title-30/section-56.9313	us-gov-public-domain	30 CFR 56.9313; PART 56 - SAFETY AND HEALTH STANDARDS - SURFACE METAL AND NONMETAL MINES; Subpart H - Loading, Hauling, and Dumping; eCFR as of 2026-10-01
cfr30-56.9314	56.9314 Trimming stockpile and muckpile faces.	https://www.ecfr.gov/on/2026-10-01/title-30/section-56.9314	us-gov-public-domain	30 CFR 56.9314; PART 56 - SAFETY AND HEALTH STANDARDS - SURFACE METAL AND NONMETAL MINES; Subpart H - Loading, Hauling, and Dumping; eCFR as of 2026-10-01
cfr30-56.9315	56.9315 Dust control.	https://www.ecfr.gov/on/2026-10-01/title-30/section-56.9315	us-gov-public-domain	30 CFR 56.9315; PART 56 - SAFETY AND HEALTH STANDARDS - SURFACE METAL AND NONMETAL MINES; Subpart H - Loading, Hauling, and Dumping; eCFR as of 2026-10-01
cfr30-56.9316	56.9316 Notifying the equipment operator.	https://www.ecfr.gov/on/2026-10-01/title-30/section-56.9316	us-gov-public-domain	30 CFR 56.9316; PART 56 - SAFETY AND HEALTH STANDARDS - SURFACE METAL AND NONMETAL MINES; Subpart H - Loading, Hauling, and Dumping; eCFR as of 2026-10-01
cfr30-56.9317	56.9317 Suspended loads.	https://www.ecfr.gov/on/2026-10-01/title-30/section-56.9317	us-gov-public-domain	30 CFR 56.9317; PART 56 - SAFETY AND HEALTH STANDARDS - SURFACE METAL AND NONMETAL MINES; Subpart H - Loading, Hauling, and Dumping; eCFR as of 2026-10-01
cfr30-56.9318	56.9318 Getting on or off moving equipment.	https://www.ecfr.gov/on/2026-10-01/title-30/section-56.9318	us-gov-public-domain	30 CFR 56.9318; PART 56 - SAFETY AND HEALTH STANDARDS - SURFACE METAL AND NONMETAL MINES; Subpart H - Loading, Hauling, and Dumping; eCFR as of 2026-10-01
cfr30-56.9319	56.9319 Going over, under, or between railcars.	https://www.ecfr.gov/on/2026-10-01/title-30/section-56.9319	us-gov-public-domain	30 CFR 56.9319; PART 56 - SAFETY AND HEALTH STANDARDS - SURFACE METAL AND NONMETAL MINES; Subpart H - Loading, Hauling, and Dumping; eCFR as of 2026-10-01
cfr30-56.9330	56.9330 Clearance for surface equipment.	https://www.ecfr.gov/on/2026-10-01/title-30/section-56.9330	us-gov-public-domain	30 CFR 56.9330; PART 56 - SAFETY AND HEALTH STANDARDS - SURFACE METAL AND NONMETAL MINES; Subpart H - Loading, Hauling, and Dumping; eCFR as of 2026-10-01
cfr30-56.10001	56.10001 Filling buckets.	https://www.ecfr.gov/on/2026-10-01/title-30/section-56.10001	us-gov-public-domain	30 CFR 56.10001; PART 56 - SAFETY AND HEALTH STANDARDS - SURFACE METAL AND NONMETAL MINES; Subpart I - Aerial Tramways; eCFR as of 2026-10-01
cfr30-56.10002	56.10002 Inspection and maintenance.	https://www.ecfr.gov/on/2026-10-01/title-30/section-56.10002	us-gov-public-domain	30 CFR 56.10002; PART 56 - SAFETY AND HEALTH STANDARDS - SURFACE METAL AND NONMETAL MINES; Subpart I - Aerial Tramways; eCFR as of 2026-10-01
cfr30-56.10003	56.10003 Correction of defects.	https://www.ecfr.gov/on/2026-10-01/title-30/section-56.10003	us-gov-public-domain	30 CFR 56.10003; PART 56 - SAFETY AND HEALTH STANDARDS - SURFACE METAL AND NONMETAL MINES; Subpart I - Aerial Tramways; eCFR as of 2026-10-01
cfr30-56.10004	56.10004 Brakes.	https://www.ecfr.gov/on/2026-10-01/title-30/section-56.10004	us-gov-public-domain	30 CFR 56.10004; PART 56 - SAFETY AND HEALTH STANDARDS - SURFACE METAL AND NONMETAL MINES; Subpart I - Aerial Tramways; eCFR as of 2026-10-01
cfr30-56.10005	56.10005 Track cable connections.	https://www.ecfr.gov/on/2026-10-01/title-30/section-56.10005	us-gov-public-domain	30 CFR 56.10005; PART 56 - SAFETY AND HEALTH STANDARDS - SURFACE METAL AND NONMETAL MINES; Subpart I - Aerial Tramways; eCFR as of 2026-10-01
cfr30-56.10006	56.10006 Tower guards.	https://www.ecfr.gov/on/2026-10-01/title-30/section-56.10006	us-gov-public-domain	30 CFR 56.10006; PART 56 - SAFETY AND HEALTH STANDARDS - SURFACE METAL AND NONMETAL MINES; Subpart I - Aerial Tramways; eCFR as of 2026-10-01
cfr30-56.10007	56.10007 Falling object protection.	https://www.ecfr.gov/on/2026-10-01/title-30/section-56.10007	us-gov-public-domain	30 CFR 56.10007; PART 56 - SAFETY AND HEALTH STANDARDS - SURFACE METAL AND NONMETAL MINES; Subpart I - Aerial Tramways; eCFR as of 2026-10-01
cfr30-56.10008	56.10008 Riding tramways.	https://www.ecfr.gov/on/2026-10-01/title-30/section-56.10008	us-gov-public-domain	30 CFR 56.10008; PART 56 - SAFETY AND HEALTH STANDARDS - SURFACE METAL AND NONMETAL MINES; Subpart I - Aerial Tramways; eCFR as of 2026-10-01
cfr30-56.10009	56.10009 Riding loaded buckets.	https://www.ecfr.gov/on/2026-10-01/title-30/section-56.10009	us-gov-public-domain	30 CFR 56.10009; PART 56 - SAFETY AND HEALTH STANDARDS - SURFACE METAL AND NONMETAL MINES; Subpart I - Aerial Tramways; eCFR as of 2026-10-01
cfr30-56.10010	56.10010 Starting precautions.	https://www.ecfr.gov/on/2026-10-01/title-30/section-56.10010	us-gov-public-domain	30 CFR 56.10010; PART 56 - SAFETY AND HEALTH STANDARDS - SURFACE METAL AND NONMETAL MINES; Subpart I - Aerial Tramways; eCFR as of 2026-10-01
cfr30-56.11001	56.11001 Safe access.	https://www.ecfr.gov/on/2026-10-01/title-30/section-56.11001	us-gov-public-domain	30 CFR 56.11001; PART 56 - SAFETY AND HEALTH STANDARDS - SURFACE METAL AND NONMETAL MINES; Subpart J - Travelways; eCFR as of 2026-10-01
cfr30-56.11002	56.11002 Handrails and toeboards.	https://www.ecfr.gov/on/2026-10-01/title-30/section-56.11002	us-gov-public-domain	30 CFR 56.11002; PART 56 - SAFETY AND HEALTH STANDARDS - SURFACE METAL AND NONMETAL MINES; Subpart J - Travelways; eCFR as of 2026-10-01
cfr30-56.11003	56.11003 Construction and maintenance of ladders.	https://www.ecfr.gov/on/2026-10-01/title-30/section-56.11003	us-gov-public-domain	30 CFR 56.11003; PART 56 - SAFETY AND HEALTH STANDARDS - SURFACE METAL AND NONMETAL MINES; Subpart J - Travelways; eCFR as of 2026-10-01
cfr30-56.11004	56.11004 Portable rigid ladders.	https://www.ecfr.gov/on/2026-10-01/title-30/section-56.11004	us-gov-public-domain	30 CFR 56.11004; PART 56 - SAFETY AND HEALTH STANDARDS - SURFACE METAL AND NONMETAL MINES; Subpart J - Travelways; eCFR as of 2026-10-01
cfr30-56.11005	56.11005 Fixed ladder anchorage and toe clearance.	https://www.ecfr.gov/on/2026-10-01/title-30/section-56.11005	us-gov-public-domain	30 CFR 56.11005; PART 56 - SAFETY AND HEALTH STANDARDS - SURFACE METAL AND NONMETAL MINES; Subpart J - Travelways; eCFR as of 2026-10-01
cfr30-56.11006	56.11006 Fixed ladder landings.	https://www.ecfr.gov/on/2026-10-01/title-30/section-56.11006	us-gov-public-domain	30 CFR 56.11006; PART 56 - SAFETY AND HEALTH STANDARDS - SURFACE METAL AND NONMETAL MINES; Subpart J - Travelways; eCFR as of 2026-10-01
cfr30-56.11007	56.11007 Wooden components of ladders.	https://www.ecfr.gov/on/2026-10-01/title-30/section-56.11007	us-gov-public-domain	30 CFR 56.11007; PART 56 - SAFETY AND HEALTH STANDARDS - SURFACE METAL AND NONMETAL MINES; Subpart J - Travelways; eCFR as of 2026-10-01
cfr30-56.11008	56.11008 Restricted clearance.	https://www.ecfr.gov/on/2026-10-01/title-30/section-56.11008	us-gov-public-domain	30 CFR 56.11008; PART 56 - SAFETY AND HEALTH STANDARDS - SURFACE METAL AND NONMETAL MINES; Subpart J - Travelways; eCFR as of 2026-10-01
cfr30-56.11009	56.11009 Walkways along conveyors.	https://www.ecfr.gov/on/2026-10-01/title-30/section-56.11009	us-gov-public-domain	30 CFR 56.11009; PART 56 - SAFETY AND HEALTH STANDARDS - SURFACE METAL AND NONMETAL MINES; Subpart J - Travelways; eCFR as of 2026-10-01
cfr30-56.11010	56.11010 Stairstep clearance.	https://www.ecfr.gov/on/2026-10-01/title-30/section-56.11010	us-gov-public-domain	30 CFR 56.11010; PART 56 - SAFETY AND HEALTH STANDARDS - SURFACE METAL AND NONMETAL MINES; Subpart J - Travelways; eCFR as of 2026-10-01
cfr30-56.11011	56.11011 Use of ladders.	https://www.ecfr.gov/on/2026-10-01/title-30/section-56.11011	us-gov-public-domain	30 CFR 56.11011; PART 56 - SAFETY AND HEALTH STANDARDS - SURFACE METAL AND NONMETAL MINES; Subpart J - Travelways; eCFR as of 2026-10-01
cfr30-56.11012	56.11012 Protection for openings around travelways.	https://www.ecfr.gov/on/2026-10-01/title-30/section-56.11012	us-gov-public-domain	30 CFR 56.11012; PART 56 - SAFETY AND HEALTH STANDARDS - SURFACE METAL AND NONMETAL MINES; Subpart J - Travelways; eCFR as of 2026-10-01
cfr30-56.11013	56.11013 Conveyor crossovers.	https://www.ecfr.gov/on/2026-10-01/title-30/section-56.11013	us-gov-public-domain	30 CFR 56.11013; PART 56 - SAFETY AND HEALTH STANDARDS - SURFACE METAL AND NONMETAL MINES; Subpart J - Travelways; eCFR as of 2026-10-01
cfr30-56.11014	56.11014 Crossing moving conveyors.	https://www.ecfr.gov/on/2026-10-01/title-30/section-56.11014	us-gov-public-domain	30 CFR 56.11014; PART 56 - SAFETY AND HEALTH STANDARDS - SURFACE METAL AND NONMETAL MINES; Subpart J - Travelways; eCFR as of 2026-10-01
cfr30-56.11016	56.11016 Snow and ice on walkways and travelways.	https://www.ecfr.gov/on/2026-10-01/title-30/section-56.11016	us-gov-public-domain	30 CFR 56.11016; PART 56 - SAFETY AND HEALTH STANDARDS - SURFACE METAL AND NONMETAL MINES; Subpart J - Travelways; eCFR as of 2026-10-01
cfr30-56.11017	56.11017 Inclined fixed ladders.	https://www.ecfr.gov/on/2026-10-01/title-30/section-56.11017	us-gov-public-domain	30 CFR 56.11017; PART 56 - SAFETY AND HEALTH STANDARDS - SURFACE METAL AND NONMETAL MINES; Subpart J - Travelways; eCFR as of 2026-10-01
cfr30-56.11025	56.11025 Railed landings, backguards, and other protection for fixed ladders.	https://www.ecfr.gov/on/2026-10-01/title-30/section-56.11025	us-gov-public-domain	30 CFR 56.11025; PART 56 - SAFETY AND HEALTH STANDARDS - SURFACE METAL AND NONMETAL MINES; Subpart J - Travelways; eCFR as of 2026-10-01
cfr30-56.11026	56.11026 Protection for inclined fixed ladders.	https://www.ecfr.gov/on/2026-10-01/title-30/section-56.11026	us-gov-public-domain	30 CFR 56.11026; PART 56 - SAFETY AND HEALTH STANDARDS - SURFACE METAL AND NONMETAL MINES; Subpart J - Travelways; eCFR as of 2026-10-01
cfr30-56.11027	56.11027 Scaffolds and working platforms.	https://www.ecfr.gov/on/2026-10-01/title-30/section-56.11027	us-gov-public-domain	30 CFR 56.11027; PART 56 - SAFETY AND HEALTH STANDARDS - SURFACE METAL AND NONMETAL MINES; Subpart J - Travelways; eCFR as of 2026-10-01
cfr30-56.12001	56.12001 Circuit overload protection.	https://www.ecfr.gov/on/2026-10-01/title-30/section-56.12001	us-gov-public-domain	30 CFR 56.12001; PART 56 - SAFETY AND HEALTH STANDARDS - SURFACE METAL AND NONMETAL MINES; Subpart K - Electricity; eCFR as of 2026-10-01
cfr30-56.12002	56.12002 Controls and switches.	https://www.ecfr.gov/on/2026-10-01/title-30/section-56.12002	us-gov-public-domain	30 CFR 56.12002; PART 56 - SAFETY AND HEALTH STANDARDS - SURFACE METAL AND NONMETAL MINES; Subpart K - Electricity; eCFR as of 2026-10-01
cfr30-56.12003	56.12003 Trailing cable overload protection.	https://www.ecfr.gov/on/2026-10-01/title-30/section-56.12003	us-gov-public-domain	30 CFR 56.12003; PART 56 - SAFETY AND HEALTH STANDARDS - SURFACE METAL AND NONMETAL MINES; Subpart K - Electricity; eCFR as of 2026-10-01
cfr30-56.12004	56.12004 Electrical conductors.	https://www.ecfr.gov/on/2026-10-01/title-30/section-56.12004	us-gov-public-domain	30 CFR 56.12004; PART 56 - SAFETY AND HEALTH STANDARDS - SURFACE METAL AND NONMETAL MINES; Subpart K - Electricity; eCFR as of 2026-10-01
cfr30-56.12005	56.12005 Protection of power conductors from mobile equipment.	https://www.ecfr.gov/on/2026-10-01/title-30/section-56.12005	us-gov-public-domain	30 CFR 56.12005; PART 56 - SAFETY AND HEALTH STANDARDS - SURFACE METAL AND NONMETAL MINES; Subpart K - Electricity; eCFR as of 2026-10-01
cfr30-56.12006	56.12006 Distribution boxes.	https://www.ecfr.gov/on/2026-10-01/title-30/section-56.12006	us-gov-public-domain	30 CFR 56.12006; PART 56 - SAFETY AND HEALTH STANDARDS - SURFACE METAL AND NONMETAL MINES; Subpart K - Electricity; eCFR as of 2026-10-01
cfr30-56.12007	56.12007 Junction box connection procedures.	https://www.ecfr.gov/on/2026-10-01/title-30/section-56.12007	us-gov-public-domain	30 CFR 56.12007; PART 56 - SAFETY AND HEALTH STANDARDS - SURFACE METAL AND NONMETAL MINES; Subpart K - Electricity; eCFR as of 2026-10-01
cfr30-56.12008	56.12008 Insulation and fittings for power wires and cables.	https://www.ecfr.gov/on/2026-10-01/title-30/section-56.12008	us-gov-public-domain	30 CFR 56.12008; PART 56 - SAFETY AND HEALTH STANDARDS - SURFACE METAL AND NONMETAL MINES; Subpart K - Electricity; eCFR as of 2026-10-01
cfr30-56.12010	56.12010 Isolation or insulation of communication conductors.	https://www.ecfr.gov/on/2026-10-01/title-30/section-56.12010	us-gov-public-domain	30 CFR 56.12010; PART 56 - SAFETY AND HEALTH STANDARDS - SURFACE METAL AND NONMETAL MINES; Subpart K - Electricity; eCFR as of 2026-10-01
cfr30-56.12011	56.12011 High-potential electrical conductors.	https://www.ecfr.gov/on/2026-10-01/title-30/section-56.12011	us-gov-public-domain	30 CFR 56.12011; PART 56 - SAFETY AND HEALTH STANDARDS - SURFACE METAL AND NONMETAL MINES; Subpart K - Electricity; eCFR as of 2026-10-01
cfr30-56.12012	56.12012 Bare signal wires.	https://www.ecfr.gov/on/2026-10-01/title-30/section-56.12012	us-gov-public-domain	30 CFR 56.12012; PART 56 - SAFETY AND HEALTH STANDARDS - SURFACE METAL AND NONMETAL MINES; Subpart K - Electricity; eCFR as of 2026-10-01
cfr30-56.12013	56.12013 Splices and repairs of power cables.	https://www.ecfr.gov/on/2026-10-01/title-30/section-56.12013	us-gov-public-domain	30 CFR 56.12013; PART 56 - SAFETY AND HEALTH STANDARDS - SURFACE METAL AND NONMETAL MINES; Subpart K - Electricity; eCFR as of 2026-10-01
cfr30-56.12014	56.12014 Handling energized power cables.	https://www.ecfr.gov/on/2026-10-01/title-30/section-56.12014	us-gov-public-domain	30 CFR 56.12014; PART 56 - SAFETY AND HEALTH STANDARDS - SURFACE METAL AND NONMETAL MINES; Subpart K - Electricity; eCFR as of 2026-10-01
cfr30-56.12016	56.12016 Work on electrically-powered equipment.	https://www.ecfr.gov/on/2026-10-01/title-30/section-56.12016	us-gov-public-domain	30 CFR 56.12016; PART 56 - SAFETY AND HEALTH STANDARDS - SURFACE METAL AND NONMETAL MINES; Subpart K - Electricity; eCFR as of 2026-10-01
cfr30-56.12017	56.12017 Work on power circuits.	https://www.ecfr.gov/on/2026-10-01/title-30/section-56.12017	us-gov-public-domain	30 CFR 56.12017; PART 56 - SAFETY AND HEALTH STANDARDS - SURFACE METAL AND NONMETAL MINES; Subpart K - Electricity; eCFR as of 2026-10-01
cfr30-56.12018	56.12018 Identification of power switches.	https://www.ecfr.gov/on/2026-10-01/title-30/section-56.12018	us-gov-public-domain	30 CFR 56.12018; PART 56 - SAFETY AND HEALTH STANDARDS - SURFACE METAL AND NONMETAL MINES; Subpart K - Electricity; eCFR as of 2026-10-01
cfr30-56.12019	56.12019 Access to stationary electrical equipment or switchgear.	https://www.ecfr.gov/on/2026-10-01/title-30/section-56.12019	us-gov-public-domain	30 CFR 56.12019; PART 56 - SAFETY AND HEALTH STANDARDS - SURFACE METAL AND NONMETAL MINES; Subpart K - Electricity; eCFR as of 2026-10-01
cfr30-56.12020	56.12020 Protection of persons at switchgear.	https://www.ecfr.gov/on/2026-10-01/title-30/section-56.12020	us-gov-public-domain	30 CFR 56.12020; PART 56 - SAFETY AND HEALTH STANDARDS - SURFACE METAL AND NONMETAL MINES; Subpart K - Electricity; eCFR as of 2026-10-01
cfr30-56.12021	56.12021 Danger signs.	https://www.ecfr.gov/on/2026-10-01/title-30/section-56.12021	us-gov-public-domain	30 CFR 56.12021; PART 56 - SAFETY AND HEALTH STANDARDS - SURFACE METAL AND NONMETAL MINES; Subpart K - Electricity; eCFR as of 2026-10-01
cfr30-56.12022	56.12022 Authorized persons at major electrical installations.	https://www.ecfr.gov/on/2026-10-01/title-30/section-56.12022	us-gov-public-domain	30 CFR 56.12022; PART 56 - SAFETY AND HEALTH STANDARDS - SURFACE METAL AND NONMETAL MINES; Subpart K - Electricity; eCFR as of 2026-10-01
cfr30-56.12023	56.12023 Guarding electrical connections and resistor grids.	https://www.ecfr.gov/on/2026-10-01/title-30/section-56.12023	us-gov-public-domain	30 CFR 56.12023; PART 56 - SAFETY AND HEALTH STANDARDS - SURFACE METAL AND NONMETAL MINES; Subpart K - Electricity; eCFR as of 2026-10-01
cfr30-56.12025	56.12025 Grounding circuit enclosures.	https://www.ecfr.gov/on/2026-10-01/title-30/section-56.12025	us-gov-public-domain	30 CFR 56.12025; PART 56 - SAFETY AND HEALTH STANDARDS - SURFACE METAL AND NONMETAL MINES; Subpart K - Electricity; eCFR as of 2026-10-01
cfr30-56.12026	56.12026 Grounding transformer and switchgear enclosures.	https://www.ecfr.gov/on/2026-10-01/title-30/section-56.12026	us-gov-public-domain	30 CFR 56.12026; PART 56 - SAFETY AND HEALTH STANDARDS - SURFACE METAL AND NONMETAL MINES; Subpart K - Electricity; eCFR as of 2026-10-01
cfr30-56.12027	56.12027 Grounding mobile equipment.	https://www.ecfr.gov/on/2026-10-01/title-30/section-56.12027	us-gov-public-domain	30 CFR 56.12027; PART 56 - SAFETY AND HEALTH STANDARDS - SURFACE METAL AND NONMETAL MINES; Subpart K - Electricity; eCFR as of 2026-10-01
cfr30-56.12028	56.12028 Testing grounding systems.	https://www.ecfr.gov/on/2026-10-01/title-30/section-56.12028	us-gov-public-domain	30 CFR 56.12028; PART 56 - SAFETY AND HEALTH STANDARDS - SURFACE METAL AND NONMETAL MINES; Subpart K - Electricity; eCFR as of 2026-10-01
cfr30-56.12030	56.12030 Correction of dangerous conditions.	https://www.ecfr.gov/on/2026-10-01/title-30/section-56.12030	us-gov-public-domain	30 CFR 56.12030; PART 56 - SAFETY AND HEALTH STANDARDS - SURFACE METAL AND NONMETAL MINES; Subpart K - Electricity; eCFR as of 2026-10-01
cfr30-56.12032	56.12032 Inspection and cover plates.	https://www.ecfr.gov/on/2026-10-01/title-30/section-56.12032	us-gov-public-domain	30 CFR 56.12032; PART 56 - SAFETY AND HEALTH STANDARDS - SURFACE METAL AND NONMETAL MINES; Subpart K - Electricity; eCFR as of 2026-10-01
cfr30-56.12033	56.12033 Hand-held electric tools.	https://www.ecfr.gov/on/2026-10-01/title-30/section-56.12033	us-gov-public-domain	30 CFR 56.12033; PART 56 - SAFETY AND HEALTH STANDARDS - SURFACE METAL AND NONMETAL MINES; Subpart K - Electricity; eCFR as of 2026-10-01
cfr30-56.12034	56.12034 Guarding around lights.	https://www.ecfr.gov/on/2026-10-01/title-30/section-56.12034	us-gov-public-domain	30 CFR 56.12034; PART 56 - SAFETY AND HEALTH STANDARDS - SURFACE METAL AND NONMETAL MINES; Subpart K - Electricity; eCFR as of 2026-10-01
cfr30-56.12035	56.12035 Weatherproof lamp sockets.	https://www.ecfr.gov/on/2026-10-01/title-30/section-56.12035	us-gov-public-domain	30 CFR 56.12035; PART 56 - SAFETY AND HEALTH STANDARDS - SURFACE METAL AND NONMETAL MINES; Subpart K - Electricity; eCFR as of 2026-10-01
cfr30-56.12036	56.12036 Fuse removal or replacement.	https://www.ecfr.gov/on/2026-10-01/title-30/section-56.12036	us-gov-public-domain	30 CFR 56.12036; PART 56 - SAFETY AND HEALTH STANDARDS - SURFACE METAL AND NONMETAL MINES; Subpart K - Electricity; eCFR as of 2026-10-01
cfr30-56.12037	56.12037 Fuses in high-potential circuits.	https://www.ecfr.gov/on/2026-10-01/title-30/section-56.12037	us-gov-public-domain	30 CFR 56.12037; PART 56 - SAFETY AND HEALTH STANDARDS - SURFACE METAL AND NONMETAL MINES; Subpart K - Electricity; eCFR as of 2026-10-01
cfr30-56.12038	56.12038 Attachment of trailing cables.	https://www.ecfr.gov/on/2026-10-01/title-30/section-56.12038	us-gov-public-domain	30 CFR 56.12038; PART 56 - SAFETY AND HEALTH STANDARDS - SURFACE METAL AND NONMETAL MINES; Subpart K - Electricity; eCFR as of 2026-10-01
cfr30-56.12039	56.12039 Protection of surplus trailing cables.	https://www.ecfr.gov/on/2026-10-01/title-30/section-56.12039	us-gov-public-domain	30 CFR 56.12039; PART 56 - SAFETY AND HEALTH STANDARDS - SURFACE METAL AND NONMETAL MINES; Subpart K - Electricity; eCFR as of 2026-10-01
cfr30-56.12040	56.12040 Installation of operating controls.	https://www.ecfr.gov/on/2026-10-01/title-30/section-56.12040	us-gov-public-domain	30 CFR 56.12040; PART 56 - SAFETY AND HEALTH STANDARDS - SURFACE METAL AND NONMETAL MINES; Subpart K - Electricity; eCFR as of 2026-10-01
cfr30-56.12041	56.12041 Design of switches and starting boxes.	https://www.ecfr.gov/on/2026-10-01/title-30/section-56.12041	us-gov-public-domain	30 CFR 56.12041; PART 56 - SAFETY AND HEALTH STANDARDS - SURFACE METAL AND NONMETAL MINES; Subpart K - Electricity; eCFR as of 2026-10-01
cfr30-56.12042	56.12042 Track bonding.	https://www.ecfr.gov/on/2026-10-01/title-30/section-56.12042	us-gov-public-domain	30 CFR 56.12042; PART 56 - SAFETY AND HEALTH STANDARDS - SURFACE METAL AND NONMETAL MINES; Subpart K - Electricity; eCFR as of 2026-10-01
cfr30-56.12045	56.12045 Overhead powerlines.	https://www.ecfr.gov/on/2026-10-01/title-30/section-56.12045	us-gov-public-domain	30 CFR 56.12045; PART 56 - SAFETY AND HEALTH STANDARDS - SURFACE METAL AND NONMETAL MINES; Subpart K - Electricity; eCFR as of 2026-10-01
cfr30-56.12047	56.12047 Guy wires.	https://www.ecfr.gov/on/2026-10-01/title-30/section-56.12047	us-gov-public-domain	30 CFR 56.12047; PART 56 - SAFETY AND HEALTH STANDARDS - SURFACE METAL AND NONMETAL MINES; Subpart K - Electricity; eCFR as of 2026-10-01
cfr30-56.12048	56.12048 Communication conductors on power poles.	https://www.ecfr.gov/on/2026-10-01/title-30/section-56.12048	us-gov-public-domain	30 CFR 56.12048; PART 56 - SAFETY AND HEALTH STANDARDS - SURFACE METAL AND NONMETAL MINES; Subpart K - Electricity; eCFR as of 2026-10-01
cfr30-56.12050	56.12050 Installation of trolley wires.	https://www.ecfr.gov/on/2026-10-01/title-30/section-56.12050	us-gov-public-domain	30 CFR 56.12050; PART 56 - SAFETY AND HEALTH STANDARDS - SURFACE METAL AND NONMETAL MINES; Subpart K - Electricity; eCFR as of 2026-10-01
cfr30-56.12053	56.12053 Circuits powered from trolley wires.	https://www.ecfr.gov/on/2026-10-01/title-30/section-56.12053	us-gov-public-domain	30 CFR 56.12053; PART 56 - SAFETY AND HEALTH STANDARDS - SURFACE METAL AND NONMETAL MINES; Subpart K - Electricity; eCFR as of 2026-10-01
cfr30-56.12065	56.12065 Short circuit and lightning protection.	https://www.ecfr.gov/on/2026-10-01/title-30/section-56.12065	us-gov-public-domain	30 CFR 56.12065; PART 56 - SAFETY AND HEALTH STANDARDS - SURFACE METAL AND NONMETAL MINES; Subpart K - Electricity; eCFR as of 2026-10-01
cfr30-56.12066	56.12066 Guarding trolley wires and bare powerlines.	https://www.ecfr.gov/on/2026-10-01/title-30/section-56.12066	us-gov-public-domain	30 CFR 56.12066; PART 56 - SAFETY AND HEALTH STANDARDS - SURFACE METAL AND NONMETAL MINES; Subpart K - Electricity; eCFR as of 2026-10-01
cfr30-56.12067	56.12067 Installation of transformers.	https://www.ecfr.gov/on/2026-10-01/title-30/section-56.12067	us-gov-public-domain	30 CFR 56.12067; PART 56 - SAFETY AND HEALTH STANDARDS - SURFACE METAL AND NONMETAL MINES; Subpart K - Electricity; eCFR as of 2026-10-01
cfr30-56.12068	56.12068 Locking transformer enclosures.	https://www.ecfr.gov/on/2026-10-01/title-30/section-56.12068	us-gov-public-domain	30 CFR 56.12068; PART 56 - SAFETY AND HEALTH STANDARDS - SURFACE METAL AND NONMETAL MINES; Subpart K - Electricity; eCFR as of 2026-10-01
cfr30-56.12069	56.12069 Lightning protection for telephone wires and ungrounded conductors.	https://www.ecfr.gov/on/2026-10-01/title-30/section-56.12069	us-gov-public-domain	30 CFR 56.12069; PART 56 - SAFETY AND HEALTH STANDARDS - SURFACE METAL AND NONMETAL MINES; Subpart K - Electricity; eCFR as of 2026-10-01
cfr30-56.12071	56.12071 Movement or operation of equipment near high-voltage power lines.	https://www.ecfr.gov/on/2026-10-01/title-30/section-56.12071	us-gov-public-domain	30 CFR 56.12071; PART 56 - SAFETY AND HEALTH STANDARDS - SURFACE METAL AND NONMETAL MINES; Subpart K - Electricity; eCFR as of 2026-10-01
cfr30-56.13001	56.13001 General requirements for boilers and pressure vessels.	https://www.ecfr.gov/on/2026-10-01/title-30/section-56.13001	us-gov-public-domain	30 CFR 56.13001; PART 56 - SAFETY AND HEALTH STANDARDS - SURFACE METAL AND NONMETAL MINES; Subpart L - Compressed Air and Boilers; eCFR as of 2026-10-01
cfr30-56.13010	56.13010 Reciprocating-type air compressors.	https://www.ecfr.gov/on/2026-10-01/title-30/section-56.13010	us-gov-public-domain	30 CFR 56.13010; PART 56 - SAFETY AND HEALTH STANDARDS - SURFACE METAL AND NONMETAL MINES; Subpart L - Compressed Air and Boilers; eCFR as of 2026-10-01
cfr30-56.13011	56.13011 Air receiver tanks.	https://www.ecfr.gov/on/2026-10-01/title-30/section-56.13011	us-gov-public-domain	30 CFR 56.13011; PART 56 - SAFETY AND HEALTH STANDARDS - SURFACE METAL AND NONMETAL MINES; Subpart L - Compressed Air and Boilers; eCFR as of 2026-10-01
cfr30-56.13012	56.13012 Compressor air intakes.	https://www.ecfr.gov/on/2026-10-01/title-30/section-56.13012	us-gov-public-domain	30 CFR 56.13012; PART 56 - SAFETY AND HEALTH STANDARDS - SURFACE METAL AND NONMETAL MINES; Subpart L - Compressed Air and Boilers; eCFR as of 2026-10-01
cfr30-56.13015	56.13015 Inspection of compressed-air receivers and other unfired pressure vessels.	https://www.ecfr.gov/on/2026-10-01/title-30/section-56.13015	us-gov-public-domain	30 CFR 56.13015; PART 56 - SAFETY AND HEALTH STANDARDS - SURFACE METAL AND NONMETAL MINES; Subpart L - Compressed Air and Boilers; eCFR as of 2026-10-01
cfr30-56.13017	56.13017 Compressor discharge pipes.	https://www.ecfr.gov/on/2026-10-01/title-30/section-56.13017	us-gov-public-domain	30 CFR 56.13017; PART 56 - SAFETY AND HEALTH STANDARDS - SURFACE METAL AND NONMETAL MINES; Subpart L - Compressed Air and Boilers; eCFR as of 2026-10-01
cfr30-56.13019	56.13019 Pressure system repairs.	https://www.ecfr.gov/on/2026-10-01/title-30/section-56.13019	us-gov-public-domain	30 CFR 56.13019; PART 56 - SAFETY AND HEALTH STANDARDS - SURFACE METAL AND NONMETAL MINES; Subpart L - Compressed Air and Boilers; eCFR as of 2026-10-01
cfr30-56.13020	56.13020 Use of compressed air.	https://www.ecfr.gov/on/2026-10-01/title-30/section-56.13020	us-gov-public-domain	30 CFR 56.13020; PART 56 - SAFETY AND HEALTH STANDARDS - SURFACE METAL AND NONMETAL MINES; Subpart L - Compressed Air and Boilers; eCFR as of 2026-10-01
cfr30-56.13021	56.13021 High-pressure hose connections.	https://www.ecfr.gov/on/2026-10-01/title-30/section-56.13021	us-gov-public-domain	30 CFR 56.13021; PART 56 - SAFETY AND HEALTH STANDARDS - SURFACE METAL AND NONMETAL MINES; Subpart L - Compressed Air and Boilers; eCFR as of 2026-10-01
cfr30-56.13030	56.13030 Boilers.	https://www.ecfr.gov/on/2026-10-01/title-30/section-56.13030	us-gov-public-domain	30 CFR 56.13030; PART 56 - SAFETY AND HEALTH STANDARDS - SURFACE METAL AND NONMETAL MINES; Subpart L - Compressed Air and Boilers; eCFR as of 2026-10-01
cfr30-56.14000	56.14000 Definitions.	https://www.ecfr.gov/on/2026-10-01/title-30/section-56.14000	us-gov-public-domain	30 CFR 56.14000; PART 56 - SAFETY AND HEALTH STANDARDS - SURFACE METAL AND NONMETAL MINES; Subpart M - Machinery and Equipment; eCFR as of 2026-10-01
cfr30-56.14100	56.14100 Safety defects; examination, correction and records.	https://www.ecfr.gov/on/2026-10-01/title-30/section-56.14100	us-gov-public-domain	30 CFR 56.14100; PART 56 - SAFETY AND HEALTH STANDARDS - SURFACE METAL AND NONMETAL MINES; Subpart M - Machinery and Equipment; eCFR as of 2026-10-01
cfr30-56.14101	56.14101 Brakes.	https://www.ecfr.gov/on/2026-10-01/title-30/section-56.14101	us-gov-public-domain	30 CFR 56.14101; PART 56 - SAFETY AND HEALTH STANDARDS - SURFACE METAL AND NONMETAL MINES; Subpart M - Machinery and Equipment; eCFR as of 2026-10-01
cfr30-56.14102	56.14102 Brakes for rail equipment.	https://www.ecfr.gov/on/2026-10-01/title-30/section-56.14102	us-gov-public-domain	30 CFR 56.14102; PART 56 - SAFETY AND HEALTH STANDARDS - SURFACE METAL AND NONMETAL MINES; Subpart M - Machinery and Equipment; eCFR as of 2026-10-01
cfr30-56.14103	56.14103 Operators stations.	https://www.ecfr.gov/on/2026-10-01/title-30/section-56.14103	us-gov-public-domain	30 CFR 56.14103; PART 56 - SAFETY AND HEALTH STANDARDS - SURFACE METAL AND NONMETAL MINES; Subpart M - Machinery and Equipment; eCFR as of 2026-10-01
cfr30-56.14104	56.14104 Tire repairs.	https://www.ecfr.gov/on/2026-10-01/title-30/section-56.14104	us-gov-public-domain	30 CFR 56.14104; PART 56 - SAFETY AND HEALTH STANDARDS - SURFACE METAL AND NONMETAL MINES; Subpart M - Machinery and Equipment; eCFR as of 2026-10-01
cfr30-56.14105	56.14105 Procedures during repairs or maintenance.	https://www.ecfr.gov/on/2026-10-01/title-30/section-56.14105	us-gov-public-domain	30 CFR 56.14105; PART 56 - SAFETY AND HEALTH STANDARDS - SURFACE METAL AND NONMETAL MINES; Subpart M - Machinery and Equipment; eCFR as of 2026-10-01
cfr30-56.14106	56.14106 Falling object protection.	https://www.ecfr.gov/on/2026-10-01/title-30/section-56.14106	us-gov-public-domain	30 CFR 56.14106; PART 56 - SAFETY AND HEALTH STANDARDS - SURFACE METAL AND NONMETAL MINES; Subpart M - Machinery and Equipment; eCFR as of 2026-10-01
cfr30-56.14107	56.14107 Moving machine parts.	https://www.ecfr.gov/on/2026-10-01/title-30/section-56.14107	us-gov-public-domain	30 CFR 56.14107; PART 56 - SAFETY AND HEALTH STANDARDS - SURFACE METAL AND NONMETAL MINES; Subpart M - Machinery and Equipment; eCFR as of 2026-10-01
cfr30-56.14108	56.14108 Overhead drive belts.	https://www.ecfr.gov/on/2026-10-01/title-30/section-56.14108	us-gov-public-domain	30 CFR 56.14108; PART 56 - SAFETY AND HEALTH STANDARDS - SURFACE METAL AND NONMETAL MINES; Subpart M - Machinery and Equipment; eCFR as of 2026-10-01
cfr30-56.14109	56.14109 Unguarded conveyors with adjacent travelways.	https://www.ecfr.gov/on/2026-10-01/title-30/section-56.14109	us-gov-public-domain	30 CFR 56.14109; PART 56 - SAFETY AND HEALTH STANDARDS - SURFACE METAL AND NONMETAL MINES; Subpart M - Machinery and Equipment; eCFR as of 2026-10-01
cfr30-56.14110	56.14110 Flying or falling materials.	https://www.ecfr.gov/on/2026-10-01/title-30/section-56.14110	us-gov-public-domain	30 CFR 56.14110; PART 56 - SAFETY AND HEALTH STANDARDS - SURFACE METAL AND NONMETAL MINES; Subpart M - Machinery and Equipment; eCFR as of 2026-10-01
cfr30-56.14111	56.14111 Slusher, backlash guards and securing.	https://www.ecfr.gov/on/2026-10-01/title-30/section-56.14111	us-gov-public-domain	30 CFR 56.14111; PART 56 - SAFETY AND HEALTH STANDARDS - SURFACE METAL AND NONMETAL MINES; Subpart M - Machinery and Equipment; eCFR as of 2026-10-01
cfr30-56.14112	56.14112 Construction and maintenance of guards.	https://www.ecfr.gov/on/2026-10-01/title-30/section-56.14112	us-gov-public-domain	30 CFR 56.14112; PART 56 - SAFETY AND HEALTH STANDARDS - SURFACE METAL AND NONMETAL MINES; Subpart M - Machinery and Equipment; eCFR as of 2026-10-01
cfr30-56.14113	56.14113 Inclined conveyors: backstops or brakes.	https://www.ecfr.gov/on/2026-10-01/title-30/section-56.14113	us-gov-public-domain	30 CFR 56.14113; PART 56 - SAFETY AND HEALTH STANDARDS - SURFACE METAL AND NONMETAL MINES; Subpart M - Machinery and Equipment; eCFR as of 2026-10-01
cfr30-56.14114	56.14114 Air valves for pneumatic equipment.	https://www.ecfr.gov/on/2026-10-01/title-30/section-56.14114	us-gov-public-domain	30 CFR 56.14114; PART 56 - SAFETY AND HEALTH STANDARDS - SURFACE METAL AND NONMETAL MINES; Subpart M - Machinery and Equipment; eCFR as of 2026-10-01
cfr30-56.14115	56.14115 Stationary grinding machines.	https://www.ecfr.gov/on/2026-10-01/title-30/section-56.14115	us-gov-public-domain	30 CFR 56.14115; PART 56 - SAFETY AND HEALTH STANDARDS - SURFACE METAL AND NONMETAL MINES; Subpart M - Machinery and Equipment; eCFR as of 2026-10-01
cfr30-56.14116	56.14116 Hand-held power tools.	https://www.ecfr.gov/on/2026-10-01/title-30/section-56.14116	us-gov-public-domain	30 CFR 56.14116; PART 56 - SAFETY AND HEALTH STANDARDS - SURFACE METAL AND NONMETAL MINES; Subpart M - Machinery and Equipment; eCFR as of 2026-10-01
cfr30-56.14130	56.14130 Roll-over protective structures (ROPS) and seat belts.	https://www.ecfr.gov/on/2026-10-01/title-30/section-56.14130	us-gov-public-domain	30 CFR 56.14130; PART 56 - SAFETY AND HEALTH STANDARDS - SURFACE METAL AND NONMETAL MINES; Subpart M - Machinery and Equipment; eCFR as of 2026-10-01
cfr30-56.14131	56.14131 Seat belts for haulage trucks.	https://www.ecfr.gov/on/2026-10-01/title-30/section-56.14131	us-gov-public-domain	30 CFR 56.14131; PART 56 - SAFETY AND HEALTH STANDARDS - SURFACE METAL AND NONMETAL MINES; Subpart M - Machinery and Equipment; eCFR as of 2026-10-01
cfr30-56.14132	56.14132 Horns and backup alarms.	https://www.ecfr.gov/on/2026-10-01/title-30/section-56.14132	us-gov-public-domain	30 CFR 56.14132; PART 56 - SAFETY AND HEALTH STANDARDS - SURFACE METAL AND NONMETAL MINES; Subpart M - Machinery and Equipment; eCFR as of 2026-10-01
cfr30-56.14200	56.14200 Warnings prior to starting or moving equipment.	https://www.ecfr.gov/on/2026-10-01/title-30/section-56.14200	us-gov-public-domain	30 CFR 56.14200; PART 56 - SAFETY AND HEALTH STANDARDS - SURFACE METAL AND NONMETAL MINES; Subpart M - Machinery and Equipment; eCFR as of 2026-10-01
cfr30-56.14201	56.14201 Conveyor start-up warnings.	https://www.ecfr.gov/on/2026-10-01/title-30/section-56.14201	us-gov-public-domain	30 CFR 56.14201; PART 56 - SAFETY AND HEALTH STANDARDS - SURFACE METAL AND NONMETAL MINES; Subpart M - Machinery and Equipment; eCFR as of 2026-10-01
cfr30-56.14202	56.14202 Manual cleaning of conveyor pulleys.	https://www.ecfr.gov/on/2026-10-01/title-30/section-56.14202	us-gov-public-domain	30 CFR 56.14202; PART 56 - SAFETY AND HEALTH STANDARDS - SURFACE METAL AND NONMETAL MINES; Subpart M - Machinery and Equipment; eCFR as of 2026-10-01
cfr30-56.14203	56.14203 Application of belt dressing.	https://www.ecfr.gov/on/2026-10-01/title-30/section-56.14203	us-gov-public-domain	30 CFR 56.14203; PART 56 - SAFETY AND HEALTH STANDARDS - SURFACE METAL AND NONMETAL MINES; Subpart M - Machinery and Equipment; eCFR as of 2026-10-01
cfr30-56.14204	56.14204 Machinery lubrication.	https://www.ecfr.gov/on/2026-10-01/title-30/section-56.14204	us-gov-public-domain	30 CFR 56.14204; PART 56 - SAFETY AND HEALTH STANDARDS - SURFACE METAL AND NONMETAL MINES; Subpart M - Machinery and Equipment; eCFR as of 2026-10-01
cfr30-56.14205	56.14205 Machinery, equipment, and tools.	https://www.ecfr.gov/on/2026-10-01/title-30/section-56.14205	us-gov-public-domain	30 CFR 56.14205; PART 56 - SAFETY AND HEALTH STANDARDS - SURFACE METAL AND NONMETAL MINES; Subpart M - Machinery and Equipment; eCFR as of 2026-10-01
cfr30-56.14206	56.14206 Securing movable parts.	https://www.ecfr.gov/on/2026-10-01/title-30/section-56.14206	us-gov-public-domain	30 CFR 56.14206; PART 56 - SAFETY AND HEALTH STANDARDS - SURFACE METAL AND NONMETAL MINES; Subpart M - Machinery and Equipment; eCFR as of 2026-10-01
cfr30-56.14207	56.14207 Parking procedures for unattended equipment.	https://www.ecfr.gov/on/2026-10-01/title-30/section-56.14207	us-gov-public-domain	30 CFR 56.14207; PART 56 - SAFETY AND HEALTH STANDARDS - SURFACE METAL AND NONMETAL MINES; Subpart M - Machinery and Equipment; eCFR as of 2026-10-01
cfr30-56.14208	56.14208 Warning devices.	https://www.ecfr.gov/on/2026-10-01/title-30/section-56.14208	us-gov-public-domain	30 CFR 56.14208; PART 56 - SAFETY AND HEALTH STANDARDS - SURFACE METAL AND NONMETAL MINES; Subpart M - Machinery and Equipment; eCFR as of 2026-10-01
cfr30-56.14209	56.14209 Safety procedures for towing.	https://www.ecfr.gov/on/2026-10-01/title-30/section-56.14209	us-gov-public-domain	30 CFR 56.14209; PART 56 - SAFETY AND HEALTH STANDARDS - SURFACE METAL AND NONMETAL MINES; Subpart M - Machinery and Equipment; eCFR as of 2026-10-01
cfr30-56.14210	56.14210 Movement of dippers, buckets, loading booms, or suspended loads.	https://www.ecfr.gov/on/2026-10-01/title-30/section-56.14210	us-gov-public-domain	30 CFR 56.14210; PART 56 - SAFETY AND HEALTH STANDARDS - SURFACE METAL AND NONMETAL MINES; Subpart M - Machinery and Equipment; eCFR as of 2026-10-01
cfr30-56.14211	56.14211 Blocking equipment in a raised position.	https://www.ecfr.gov/on/2026-10-01/title-30/section-56.14211	us-gov-public-domain	30 CFR 56.14211; PART 56 - SAFETY AND HEALTH STANDARDS - SURFACE METAL AND NONMETAL MINES; Subpart M - Machinery and Equipment; eCFR as of 2026-10-01
cfr30-56.14212	56.14212 Chains, ropes, and drive belts.	https://www.ecfr.gov/on/2026-10-01/title-30/section-56.14212	us-gov-public-domain	30 CFR 56.14212; PART 56 - SAFETY AND HEALTH STANDARDS - SURFACE METAL AND NONMETAL MINES; Subpart M - Machinery and Equipment; eCFR as of 2026-10-01
cfr30-56.14213	56.14213 Ventilation and shielding for welding.	https://www.ecfr.gov/on/2026-10-01/title-30/section-56.14213	us-gov-public-domain	30 CFR 56.14213; PART 56 - SAFETY AND HEALTH STANDARDS - SURFACE METAL AND NONMETAL MINES; Subpart M - Machinery and Equipment; eCFR as of 2026-10-01
cfr30-56.14214	56.14214 Train warnings.	https://www.ecfr.gov/on/2026-10-01/title-30/section-56.14214	us-gov-public-domain	30 CFR 56.14214; PART 56 - SAFETY AND HEALTH STANDARDS - SURFACE METAL AND NONMETAL MINES; Subpart M - Machinery and Equipment; eCFR as of 2026-10-01
cfr30-56.14215	56.14215 Coupling or uncoupling cars.	https://www.ecfr.gov/on/2026-10-01/title-30/section-56.14215	us-gov-public-domain	30 CFR 56.14215; PART 56 - SAFETY AND HEALTH STANDARDS - SURFACE METAL AND NONMETAL MINES; Subpart M - Machinery and Equipment; eCFR as of 2026-10-01
cfr30-56.14216	56.14216 Backpoling.	https://www.ecfr.gov/on/2026-10-01/title-30/section-56.14216	us-gov-public-domain	30 CFR 56.14216; PART 56 - SAFETY AND HEALTH STANDARDS - SURFACE METAL AND NONMETAL MINES; Subpart M - Machinery and Equipment; eCFR as of 2026-10-01
cfr30-56.14217	56.14217 Securing parked railcars.	https://www.ecfr.gov/on/2026-10-01/title-30/section-56.14217	us-gov-public-domain	30 CFR 56.14217; PART 56 - SAFETY AND HEALTH STANDARDS - SURFACE METAL AND NONMETAL MINES; Subpart M - Machinery and Equipment; eCFR as of 2026-10-01
cfr30-56.14218	56.14218 Movement of equipment on adjacent tracks.	https://www.ecfr.gov/on/2026-10-01/title-30/section-56.14218	us-gov-public-domain	30 CFR 56.14218; PART 56 - SAFETY AND HEALTH STANDARDS - SURFACE METAL AND NONMETAL MINES; Subpart M - Machinery and Equipment; eCFR as of 2026-10-01
cfr30-56.14219	56.14219 Brakeman signals.	https://www.ecfr.gov/on/2026-10-01/title-30/section-56.14219	us-gov-public-domain	30 CFR 56.14219; PART 56 - SAFETY AND HEALTH STANDARDS - SURFACE METAL AND NONMETAL MINES; Subpart M - Machinery and Equipment; eCFR as of 2026-10-01
cfr30-56.15001	56.15001 First-aid materials.	https://www.ecfr.gov/on/2026-10-01/title-30/section-56.15001	us-gov-public-domain	30 CFR 56.15001; PART 56 - SAFETY AND HEALTH STANDARDS - SURFACE METAL AND NONMETAL MINES; Subpart N - Personal Protection; eCFR as of 2026-10-01
cfr30-56.15002	56.15002 Hard hats.	https://www.ecfr.gov/on/2026-10-01/title-30/section-56.15002	us-gov-public-domain	30 CFR 56.15002; PART 56 - SAFETY AND HEALTH STANDARDS - SURFACE METAL AND NONMETAL MINES; Subpart N - Personal Protection; eCFR as of 2026-10-01
cfr30-56.15003	56.15003 Protective footwear.	https://www.ecfr.gov/on/2026-10-01/title-30/section-56.15003	us-gov-public-domain	30 CFR 56.15003; PART 56 - SAFETY AND HEALTH STANDARDS - SURFACE METAL AND NONMETAL MINES; Subpart N - Personal Protection; eCFR as of 2026-10-01
cfr30-56.15004	56.15004 Eye protection.	https://www.ecfr.gov/on/2026-10-01/title-30/section-56.15004	us-gov-public-domain	30 CFR 56.15004; PART 56 - SAFETY AND HEALTH STANDARDS - SURFACE METAL AND NONMETAL MINES; Subpart N - Personal Protection; eCFR as of 2026-10-01
cfr30-56.15005	56.15005 Safety belts and lines.	https://www.ecfr.gov/on/2026-10-01/title-30/section-56.15005	us-gov-public-domain	30 CFR 56.15005; PART 56 - SAFETY AND HEALTH STANDARDS - SURFACE METAL AND NONMETAL MINES; Subpart N - Personal Protection; eCFR as of 2026-10-01
cfr30-56.15006	56.15006 Protective equipment and clothing for hazards and irritants.	https://www.ecfr.gov/on/2026-10-01/title-30/section-56.15006	us-gov-public-domain	30 CFR 56.15006; PART 56 - SAFETY AND HEALTH STANDARDS - SURFACE METAL AND NONMETAL MINES; Subpart N - Personal Protection; eCFR as of 2026-10-01
cfr30-56.15007	56.15007 Protective equipment or clothing for welding, cutting, or working with molten metal.	https://www.ecfr.gov/on/2026-10-01/title-30/section-56.15007	us-gov-public-domain	30 CFR 56.15007; PART 56 - SAFETY AND HEALTH STANDARDS - SURFACE METAL AND NONMETAL MINES; Subpart N - Personal Protection; eCFR as of 2026-10-01
cfr30-56.15014	56.15014 Eye protection when operating grinding wheels.	https://www.ecfr.gov/on/2026-10-01/title-30/section-56.15014	us-gov-public-domain	30 CFR 56.15014; PART 56 - SAFETY AND HEALTH STANDARDS - SURFACE METAL AND NONMETAL MINES; Subpart N - Personal Protection; eCFR as of 2026-10-01
cfr30-56.15020	56.15020 Life jackets and belts.	https://www.ecfr.gov/on/2026-10-01/title-30/section-56.15020	us-gov-public-domain	30 CFR 56.15020; PART 56 - SAFETY AND HEALTH STANDARDS - SURFACE METAL AND NONMETAL MINES; Subpart N - Personal Protection; eCFR as of 2026-10-01
cfr30-56.16001	56.16001 Stacking and storage of materials.	https://www.ecfr.gov/on/2026-10-01/title-30/section-56.16001	us-gov-public-domain	30 CFR 56.16001; PART 56 - SAFETY AND HEALTH STANDARDS - SURFACE METAL AND NONMETAL MINES; Subpart O - Materials Storage and Handling; eCFR as of 2026-10-01
cfr30-56.16002	56.16002 Bins, hoppers, silos, tanks, and surge piles.	https://www.ecfr.gov/on/2026-10-01/title-30/section-56.16002	us-gov-public-domain	30 CFR 56.16002; PART 56 - SAFETY AND HEALTH STANDARDS - SURFACE METAL AND NONMETAL MINES; Subpart O - Materials Storage and Handling; eCFR as of 2026-10-01
cfr30-56.16003	56.16003 Storage of hazardous materials.	https://www.ecfr.gov/on/2026-10-01/title-30/section-56.16003	us-gov-public-domain	30 CFR 56.16003; PART 56 - SAFETY AND HEALTH STANDARDS - SURFACE METAL AND NONMETAL MINES; Subpart O - Materials Storage and Handling; eCFR as of 2026-10-01
cfr30-56.16004	56.16004 Containers for hazardous materials.	https://www.ecfr.gov/on/2026-10-01/title-30/section-56.16004	us-gov-public-domain	30 CFR 56.16004; PART 56 - SAFETY AND HEALTH STANDARDS - SURFACE METAL AND NONMETAL MINES; Subpart O - Materials Storage and Handling; eCFR as of 2026-10-01
cfr30-56.16005	56.16005 Securing gas cylinders.	https://www.ecfr.gov/on/2026-10-01/title-30/section-56.16005	us-gov-public-domain	30 CFR 56.16005; PART 56 - SAFETY AND HEALTH STANDARDS - SURFACE METAL AND NONMETAL MINES; Subpart O - Materials Storage and Handling; eCFR as of 2026-10-01
cfr30-56.16006	56.16006 Protection of gas cylinder valves.	https://www.ecfr.gov/on/2026-10-01/title-30/section-56.16006	us-gov-public-domain	30 CFR 56.16006; PART 56 - SAFETY AND HEALTH STANDARDS - SURFACE METAL AND NONMETAL MINES; Subpart O - Materials Storage and Handling; eCFR as of 2026-10-01
cfr30-56.16007	56.16007 Taglines, hitches, and slings.	https://www.ecfr.gov/on/2026-10-01/title-30/section-56.16007	us-gov-public-domain	30 CFR 56.16007; PART 56 - SAFETY AND HEALTH STANDARDS - SURFACE METAL AND NONMETAL MINES; Subpart O - Materials Storage and Handling; eCFR as of 2026-10-01
cfr30-56.16009	56.16009 Suspended loads.	https://www.ecfr.gov/on/2026-10-01/title-30/section-56.16009	us-gov-public-domain	30 CFR 56.16009; PART 56 - SAFETY AND HEALTH STANDARDS - SURFACE METAL AND NONMETAL MINES; Subpart O - Materials Storage and Handling; eCFR as of 2026-10-01
cfr30-56.16010	56.16010 Dropping materials from overhead.	https://www.ecfr.gov/on/2026-10-01/title-30/section-56.16010	us-gov-public-domain	30 CFR 56.16010; PART 56 - SAFETY AND HEALTH STANDARDS - SURFACE METAL AND NONMETAL MINES; Subpart O - Materials Storage and Handling; eCFR as of 2026-10-01
cfr30-56.16011	56.16011 Riding hoisted loads or on the hoist hook.	https://www.ecfr.gov/on/2026-10-01/title-30/section-56.16011	us-gov-public-domain	30 CFR 56.16011; PART 56 - SAFETY AND HEALTH STANDARDS - SURFACE METAL AND NONMETAL MINES; Subpart O - Materials Storage and Handling; eCFR as of 2026-10-01
cfr30-56.16012	56.16012 Storage of incompatible substances.	https://www.ecfr.gov/on/2026-10-01/title-30/section-56.16012	us-gov-public-domain	30 CFR 56.16012; PART 56 - SAFETY AND HEALTH STANDARDS - SURFACE METAL AND NONMETAL MINES; Subpart O - Materials Storage and Handling; eCFR as of 2026-10-01
cfr30-56.16013	56.16013 Working with molten metal.	https://www.ecfr.gov/on/2026-10-01/title-30/section-56.16013	us-gov-public-domain	30 CFR 56.16013; PART 56 - SAFETY AND HEALTH STANDARDS - SURFACE METAL AND NONMETAL MINES; Subpart O - Materials Storage and Handling; eCFR as of 2026-10-01
cfr30-56.16014	56.16014 Operator-carrying overhead cranes.	https://www.ecfr.gov/on/2026-10-01/title-30/section-56.16014	us-gov-public-domain	30 CFR 56.16014; PART 56 - SAFETY AND HEALTH STANDARDS - SURFACE METAL AND NONMETAL MINES; Subpart O - Materials Storage and Handling; eCFR as of 2026-10-01
cfr30-56.16015	56.16015 Work or travel on overhead crane bridges.	https://www.ecfr.gov/on/2026-10-01/title-30/section-56.16015	us-gov-public-domain	30 CFR 56.16015; PART 56 - SAFETY AND HEALTH STANDARDS - SURFACE METAL AND NONMETAL MINES; Subpart O - Materials Storage and Handling; eCFR as of 2026-10-01
cfr30-56.16016	56.16016 Lift trucks.	https://www.ecfr.gov/on/2026-10-01/title-30/section-56.16016	us-gov-public-domain	30 CFR 56.16016; PART 56 - SAFETY AND HEALTH STANDARDS - SURFACE METAL AND NONMETAL MINES; Subpart O - Materials Storage and Handling; eCFR as of 2026-10-01
cfr30-56.17001	56.17001 Illumination of surface working areas.	https://www.ecfr.gov/on/2026-10-01/title-30/section-56.17001	us-gov-public-domain	30 CFR 56.17001; PART 56 - SAFETY AND HEALTH STANDARDS - SURFACE METAL AND NONMETAL MINES; Subpart P - Illumination; eCFR as of 2026-10-01
cfr30-56.18002	56.18002 Examination of working places.	https://www.ecfr.gov/on/2026-10-01/title-30/section-56.18002	us-gov-public-domain	30 CFR 56.18002; PART 56 - SAFETY AND HEALTH STANDARDS - SURFACE METAL AND NONMETAL MINES; Subpart Q - Safety Programs; eCFR as of 2026-10-01
cfr30-56.18006	56.18006 New employees.	https://www.ecfr.gov/on/2026-10-01/title-30/section-56.18006	us-gov-public-domain	30 CFR 56.18006; PART 56 - SAFETY AND HEALTH STANDARDS - SURFACE METAL AND NONMETAL MINES; Subpart Q - Safety Programs; eCFR as of 2026-10-01
cfr30-56.18009	56.18009 Designation of person in charge.	https://www.ecfr.gov/on/2026-10-01/title-30/section-56.18009	us-gov-public-domain	30 CFR 56.18009; PART 56 - SAFETY AND HEALTH STANDARDS - SURFACE METAL AND NONMETAL MINES; Subpart Q - Safety Programs; eCFR as of 2026-10-01
cfr30-56.18010	56.18010 First aid.	https://www.ecfr.gov/on/2026-10-01/title-30/section-56.18010	us-gov-public-domain	30 CFR 56.18010; PART 56 - SAFETY AND HEALTH STANDARDS - SURFACE METAL AND NONMETAL MINES; Subpart Q - Safety Programs; eCFR as of 2026-10-01
cfr30-56.18012	56.18012 Emergency telephone numbers.	https://www.ecfr.gov/on/2026-10-01/title-30/section-56.18012	us-gov-public-domain	30 CFR 56.18012; PART 56 - SAFETY AND HEALTH STANDARDS - SURFACE METAL AND NONMETAL MINES; Subpart Q - Safety Programs; eCFR as of 2026-10-01
cfr30-56.18013	56.18013 Emergency communications system.	https://www.ecfr.gov/on/2026-10-01/title-30/section-56.18013	us-gov-public-domain	30 CFR 56.18013; PART 56 - SAFETY AND HEALTH STANDARDS - SURFACE METAL AND NONMETAL MINES; Subpart Q - Safety Programs; eCFR as of 2026-10-01
cfr30-56.18014	56.18014 Emergency medical assistance and transportation.	https://www.ecfr.gov/on/2026-10-01/title-30/section-56.18014	us-gov-public-domain	30 CFR 56.18014; PART 56 - SAFETY AND HEALTH STANDARDS - SURFACE METAL AND NONMETAL MINES; Subpart Q - Safety Programs; eCFR as of 2026-10-01
cfr30-56.18020	56.18020 Working alone.	https://www.ecfr.gov/on/2026-10-01/title-30/section-56.18020	us-gov-public-domain	30 CFR 56.18020; PART 56 - SAFETY AND HEALTH STANDARDS - SURFACE METAL AND NONMETAL MINES; Subpart Q - Safety Programs; eCFR as of 2026-10-01
cfr30-56.19000	56.19000 Application.	https://www.ecfr.gov/on/2026-10-01/title-30/section-56.19000	us-gov-public-domain	30 CFR 56.19000; PART 56 - SAFETY AND HEALTH STANDARDS - SURFACE METAL AND NONMETAL MINES; Subpart R - Personnel Hoisting; eCFR as of 2026-10-01
cfr30-56.19001	56.19001 Rated capacities.	https://www.ecfr.gov/on/2026-10-01/title-30/section-56.19001	us-gov-public-domain	30 CFR 56.19001; PART 56 - SAFETY AND HEALTH STANDARDS - SURFACE METAL AND NONMETAL MINES; Subpart R - Personnel Hoisting; eCFR as of 2026-10-01
cfr30-56.19002	56.19002 Anchoring.	https://www.ecfr.gov/on/2026-10-01/title-30/section-56.19002	us-gov-public-domain	30 CFR 56.19002; PART 56 - SAFETY AND HEALTH STANDARDS - SURFACE METAL AND NONMETAL MINES; Subpart R - Personnel Hoisting; eCFR as of 2026-10-01
cfr30-56.19003	56.19003 Driving mechanism connections.	https://www.ecfr.gov/on/2026-10-01/title-30/section-56.19003	us-gov-public-domain	30 CFR 56.19003; PART 56 - SAFETY AND HEALTH STANDARDS - SURFACE METAL AND NONMETAL MINES; Subpart R - Personnel Hoisting; eCFR as of 2026-10-01
cfr30-56.19004	56.19004 Brakes.	https://www.ecfr.gov/on/2026-10-01/title-30/section-56.19004	us-gov-public-domain	30 CFR 56.19004; PART 56 - SAFETY AND HEALTH STANDARDS - SURFACE METAL AND NONMETAL MINES; Subpart R - Personnel Hoisting; eCFR as of 2026-10-01
cfr30-56.19005	56.19005 Locking mechanism for clutch.	https://www.ecfr.gov/on/2026-10-01/title-30/section-56.19005	us-gov-public-domain	30 CFR 56.19005; PART 56 - SAFETY AND HEALTH STANDARDS - SURFACE METAL AND NONMETAL MINES; Subpart R - Personnel Hoisting; eCFR as of 2026-10-01
cfr30-56.19006	56.19006 Automatic hoist braking devices.	https://www.ecfr.gov/on/2026-10-01/title-30/section-56.19006	us-gov-public-domain	30 CFR 56.19006; PART 56 - SAFETY AND HEALTH STANDARDS - SURFACE METAL AND NONMETAL MINES; Subpart R - Personnel Hoisting; eCFR as of 2026-10-01
cfr30-56.19007	56.19007 Overtravel and overspeed devices.	https://www.ecfr.gov/on/2026-10-01/title-30/section-56.19007	us-gov-public-domain	30 CFR 56.19007; PART 56 - SAFETY AND HEALTH STANDARDS - SURFACE METAL AND NONMETAL MINES; Subpart R - Personnel Hoisting; eCFR as of 2026-10-01
cfr30-56.19008	56.19008 Friction hoist synchronizing mechanisms.	https://www.ecfr.gov/on/2026-10-01/title-30/section-56.19008	us-gov-public-domain	30 CFR 56.19008; PART 56 - SAFETY AND HEALTH STANDARDS - SURFACE METAL AND NONMETAL MINES; Subpart R - Personnel Hoisting; eCFR as of 2026-10-01
cfr30-56.19009	56.19009 Position indicator.	https://www.ecfr.gov/on/2026-10-01/title-30/section-56.19009	us-gov-public-domain	30 CFR 56.19009; PART 56 - SAFETY AND HEALTH STANDARDS - SURFACE METAL AND NONMETAL MINES; Subpart R - Personnel Hoisting; eCFR as of 2026-10-01
cfr30-56.19010	56.19010 Location of hoist controls.	https://www.ecfr.gov/on/2026-10-01/title-30/section-56.19010	us-gov-public-domain	30 CFR 56.19010; PART 56 - SAFETY AND HEALTH STANDARDS - SURFACE METAL AND NONMETAL MINES; Subpart R - Personnel Hoisting; eCFR as of 2026-10-01
cfr30-56.19011	56.19011 Drum flanges.	https://www.ecfr.gov/on/2026-10-01/title-30/section-56.19011	us-gov-public-domain	30 CFR 56.19011; PART 56 - SAFETY AND HEALTH STANDARDS - SURFACE METAL AND NONMETAL MINES; Subpart R - Personnel Hoisting; eCFR as of 2026-10-01
cfr30-56.19012	56.19012 Grooved drums.	https://www.ecfr.gov/on/2026-10-01/title-30/section-56.19012	us-gov-public-domain	30 CFR 56.19012; PART 56 - SAFETY AND HEALTH STANDARDS - SURFACE METAL AND NONMETAL MINES; Subpart R - Personnel Hoisting; eCFR as of 2026-10-01
cfr30-56.19013	56.19013 Diesel- and other fuel-injection-powered hoists.	https://www.ecfr.gov/on/2026-10-01/title-30/section-56.19013	us-gov-public-domain	30 CFR 56.19013; PART 56 - SAFETY AND HEALTH STANDARDS - SURFACE METAL AND NONMETAL MINES; Subpart R - Personnel Hoisting; eCFR as of 2026-10-01
cfr30-56.19014	56.19014 Friction hoist overtravel protection.	https://www.ecfr.gov/on/2026-10-01/title-30/section-56.19014	us-gov-public-domain	30 CFR 56.19014; PART 56 - SAFETY AND HEALTH STANDARDS - SURFACE METAL AND NONMETAL MINES; Subpart R - Personnel Hoisting; eCFR as of 2026-10-01
cfr30-56.19017	56.19017 Emergency braking for electric hoists.	https://www.ecfr.gov/on/2026-10-01/title-30/section-56.19017	us-gov-public-domain	30 CFR 56.19017; PART 56 - SAFETY AND HEALTH STANDARDS - SURFACE METAL AND NONMETAL MINES; Subpart R - Personnel Hoisting; eCFR as of 2026-10-01
cfr30-56.19018	56.19018 Overtravel by-pass switches.	https://www.ecfr.gov/on/2026-10-01/title-30/section-56.19018	us-gov-public-domain	30 CFR 56.19018; PART 56 - SAFETY AND HEALTH STANDARDS - SURFACE METAL AND NONMETAL MINES; Subpart R - Personnel Hoisting; eCFR as of 2026-10-01
cfr30-56.19021	56.19021 Minimum rope strength.	https://www.ecfr.gov/on/2026-10-01/title-30/section-56.19021	us-gov-public-domain	30 CFR 56.19021; PART 56 - SAFETY AND HEALTH STANDARDS - SURFACE METAL AND NONMETAL MINES; Subpart R - Personnel Hoisting; eCFR as of 2026-10-01
cfr30-56.19022	56.19022 Initial measurement.	https://www.ecfr.gov/on/2026-10-01/title-30/section-56.19022	us-gov-public-domain	30 CFR 56.19022; PART 56 - SAFETY AND HEALTH STANDARDS - SURFACE METAL AND NONMETAL MINES; Subpart R - Personnel Hoisting; eCFR as of 2026-10-01
cfr30-56.19023	56.19023 Examinations.	https://www.ecfr.gov/on/2026-10-01/title-30/section-56.19023	us-gov-public-domain	30 CFR 56.19023; PART 56 - SAFETY AND HEALTH STANDARDS - SURFACE METAL AND NONMETAL MINES; Subpart R - Personnel Hoisting; eCFR as of 2026-10-01
cfr30-56.19024	56.19024 Retirement criteria.	https://www.ecfr.gov/on/2026-10-01/title-30/section-56.19024	us-gov-public-domain	30 CFR 56.19024; PART 56 - SAFETY AND HEALTH STANDARDS - SURFACE METAL AND NONMETAL MINES; Subpart R - Personnel Hoisting; eCFR as of 2026-10-01
cfr30-56.19025	56.19025 Load end attachments.	https://www.ecfr.gov/on/2026-10-01/title-30/section-56.19025	us-gov-public-domain	30 CFR 56.19025; PART 56 - SAFETY AND HEALTH STANDARDS - SURFACE METAL AND NONMETAL MINES; Subpart R - Personnel Hoisting; eCFR as of 2026-10-01
cfr30-56.19026	56.19026 Drum end attachment.	https://www.ecfr.gov/on/2026-10-01/title-30/section-56.19026	us-gov-public-domain	30 CFR 56.19026; PART 56 - SAFETY AND HEALTH STANDARDS - SURFACE METAL AND NONMETAL MINES; Subpart R - Personnel Hoisting; eCFR as of 2026-10-01
cfr30-56.19027	56.19027 End attachment retermination.	https://www.ecfr.gov/on/2026-10-01/title-30/section-56.19027	us-gov-public-domain	30 CFR 56.19027; PART 56 - SAFETY AND HEALTH STANDARDS - SURFACE METAL AND NONMETAL MINES; Subpart R - Personnel Hoisting; eCFR as of 2026-10-01
cfr30-56.19028	56.19028 End attachment replacement.	https://www.ecfr.gov/on/2026-10-01/title-30/section-56.19028	us-gov-public-domain	30 CFR 56.19028; PART 56 - SAFETY AND HEALTH STANDARDS - SURFACE METAL AND NONMETAL MINES; Subpart R - Personnel Hoisting; eCFR as of 2026-10-01
cfr30-56.19030	56.19030 Safety device attachments.	https://www.ecfr.gov/on/2026-10-01/title-30/section-56.19030	us-gov-public-domain	30 CFR 56.19030; PART 56 - SAFETY AND HEALTH STANDARDS - SURFACE METAL AND NONMETAL MINES; Subpart R - Personnel Hoisting; eCFR as of 2026-10-01
cfr30-56.19035	56.19035 Headframe design.	https://www.ecfr.gov/on/2026-10-01/title-30/section-56.19035	us-gov-public-domain	30 CFR 56.19035; PART 56 - SAFETY AND HEALTH STANDARDS - SURFACE METAL AND NONMETAL MINES; Subpart R - Personnel Hoisting; eCFR as of 2026-10-01
cfr30-56.19036	56.19036 Headframe height.	https://www.ecfr.gov/on/2026-10-01/title-30/section-56.19036	us-gov-public-domain	30 CFR 56.19036; PART 56 - SAFETY AND HEALTH STANDARDS - SURFACE METAL AND NONMETAL MINES; Subpart R - Personnel Hoisting; eCFR as of 2026-10-01
cfr30-56.19037	56.19037 Fleet angles.	https://www.ecfr.gov/on/2026-10-01/title-30/section-56.19037	us-gov-public-domain	30 CFR 56.19037; PART 56 - SAFETY AND HEALTH STANDARDS - SURFACE METAL AND NONMETAL MINES; Subpart R - Personnel Hoisting; eCFR as of 2026-10-01
cfr30-56.19038	56.19038 Platforms around elevated head sheaves.	https://www.ecfr.gov/on/2026-10-01/title-30/section-56.19038	us-gov-public-domain	30 CFR 56.19038; PART 56 - SAFETY AND HEALTH STANDARDS - SURFACE METAL AND NONMETAL MINES; Subpart R - Personnel Hoisting; eCFR as of 2026-10-01
cfr30-56.19045	56.19045 Metal bonnets.	https://www.ecfr.gov/on/2026-10-01/title-30/section-56.19045	us-gov-public-domain	30 CFR 56.19045; PART 56 - SAFETY AND HEALTH STANDARDS - SURFACE METAL AND NONMETAL MINES; Subpart R - Personnel Hoisting; eCFR as of 2026-10-01
cfr30-56.19049	56.19049 Hoisting persons in buckets.	https://www.ecfr.gov/on/2026-10-01/title-30/section-56.19049	us-gov-public-domain	30 CFR 56.19049; PART 56 - SAFETY AND HEALTH STANDARDS - SURFACE METAL AND NONMETAL MINES; Subpart R - Personnel Hoisting; eCFR as of 2026-10-01
cfr30-56.19050	56.19050 Bucket requirements.	https://www.ecfr.gov/on/2026-10-01/title-30/section-56.19050	us-gov-public-domain	30 CFR 56.19050; PART 56 - SAFETY AND HEALTH STANDARDS - SURFACE METAL AND NONMETAL MINES; Subpart R - Personnel Hoisting; eCFR as of 2026-10-01
cfr30-56.19054	56.19054 Rope guides.	https://www.ecfr.gov/on/2026-10-01/title-30/section-56.19054	us-gov-public-domain	30 CFR 56.19054; PART 56 - SAFETY AND HEALTH STANDARDS - SURFACE METAL AND NONMETAL MINES; Subpart R - Personnel Hoisting; eCFR as of 2026-10-01
cfr30-56.19055	56.19055 Availability of hoist operator for manual hoists.	https://www.ecfr.gov/on/2026-10-01/title-30/section-56.19055	us-gov-public-domain	30 CFR 56.19055; PART 56 - SAFETY AND HEALTH STANDARDS - SURFACE METAL AND NONMETAL MINES; Subpart R - Personnel Hoisting; eCFR as of 2026-10-01
cfr30-56.19056	56.19056 Availability of hoist operator for automatic hoists.	https://www.ecfr.gov/on/2026-10-01/title-30/section-56.19056	us-gov-public-domain	30 CFR 56.19056; PART 56 - SAFETY AND HEALTH STANDARDS - SURFACE METAL AND NONMETAL MINES; Subpart R - Personnel Hoisting; eCFR as of 2026-10-01
cfr30-56.19057	56.19057 Hoist operator's physical fitness.	https://www.ecfr.gov/on/2026-10-01/title-30/section-56.19057	us-gov-public-domain	30 CFR 56.19057; PART 56 - SAFETY AND HEALTH STANDARDS - SURFACE METAL AND NONMETAL MINES; Subpart R - Personnel Hoisting; eCFR as of 2026-10-01
cfr30-56.19058	56.19058 Experienced hoist operators.	https://www.ecfr.gov/on/2026-10-01/title-30/section-56.19058	us-gov-public-domain	30 CFR 56.19058; PART 56 - SAFETY AND HEALTH STANDARDS - SURFACE METAL AND NONMETAL MINES; Subpart R - Personnel Hoisting; eCFR as of 2026-10-01
cfr30-56.19061	56.19061 Maximum hoisting speeds.	https://www.ecfr.gov/on/2026-10-01/title-30/section-56.19061	us-gov-public-domain	30 CFR 56.19061; PART 56 - SAFETY AND HEALTH STANDARDS - SURFACE METAL AND NONMETAL MINES; Subpart R - Personnel Hoisting; eCFR as of 2026-10-01
cfr30-56.19062	56.19062 Maximum acceleration and deceleration.	https://www.ecfr.gov/on/2026-10-01/title-30/section-56.19062	us-gov-public-domain	30 CFR 56.19062; PART 56 - SAFETY AND HEALTH STANDARDS - SURFACE METAL AND NONMETAL MINES; Subpart R - Personnel Hoisting; eCFR as of 2026-10-01
cfr30-56.19063	56.19063 Persons allowed in hoist room.	https://www.ecfr.gov/on/2026-10-01/title-30/section-56.19063	us-gov-public-domain	30 CFR 56.19063; PART 56 - SAFETY AND HEALTH STANDARDS - SURFACE METAL AND NONMETAL MINES; Subpart R - Personnel Hoisting; eCFR as of 2026-10-01
cfr30-56.19065	56.19065 Lowering conveyances by the brakes.	https://www.ecfr.gov/on/2026-10-01/title-30/section-56.19065	us-gov-public-domain	30 CFR 56.19065; PART 56 - SAFETY AND HEALTH STANDARDS - SURFACE METAL AND NONMETAL MINES; Subpart R - Personnel Hoisting; eCFR as of 2026-10-01
cfr30-56.19066	56.19066 Maximum riders in a conveyance.	https://www.ecfr.gov/on/2026-10-01/title-30/section-56.19066	us-gov-public-domain	30 CFR 56.19066; PART 56 - SAFETY AND HEALTH STANDARDS - SURFACE METAL AND NONMETAL MINES; Subpart R - Personnel Hoisting; eCFR as of 2026-10-01
cfr30-56.19067	56.19067 Trips during shift changes.	https://www.ecfr.gov/on/2026-10-01/title-30/section-56.19067	us-gov-public-domain	30 CFR 56.19067; PART 56 - SAFETY AND HEALTH STANDARDS - SURFACE METAL AND NONMETAL MINES; Subpart R - Personnel Hoisting; eCFR as of 2026-10-01
cfr30-56.19068	56.19068 Orderly conduct in conveyances.	https://www.ecfr.gov/on/2026-10-01/title-30/section-56.19068	us-gov-public-domain	30 CFR 56.19068; PART 56 - SAFETY AND HEALTH STANDARDS - SURFACE METAL AND NONMETAL MINES; Subpart R - Personnel Hoisting; eCFR as of 2026-10-01
cfr30-56.19069	56.19069 Entering and leaving conveyances.	https://www.ecfr.gov/on/2026-10-01/title-30/section-56.19069	us-gov-public-domain	30 CFR 56.19069; PART 56 - SAFETY AND HEALTH STANDARDS - SURFACE METAL AND NONMETAL MINES; Subpart R - Personnel Hoisting; eCFR as of 2026-10-01
cfr30-56.19070	56.19070 Closing cage doors or gates.	https://www.ecfr.gov/on/2026-10-01/title-30/section-56.19070	us-gov-public-domain	30 CFR 56.19070; PART 56 - SAFETY AND HEALTH STANDARDS - SURFACE METAL AND NONMETAL MINES; Subpart R - Personnel Hoisting; eCFR as of 2026-10-01
cfr30-56.19071	56.19071 Riding in skips or buckets.	https://www.ecfr.gov/on/2026-10-01/title-30/section-56.19071	us-gov-public-domain	30 CFR 56.19071; PART 56 - SAFETY AND HEALTH STANDARDS - SURFACE METAL AND NONMETAL MINES; Subpart R - Personnel Hoisting; eCFR as of 2026-10-01
cfr30-56.19072	56.19072 Skips and cages in same compartment.	https://www.ecfr.gov/on/2026-10-01/title-30/section-56.19072	us-gov-public-domain	30 CFR 56.19072; PART 56 - SAFETY AND HEALTH STANDARDS - SURFACE METAL AND NONMETAL MINES; Subpart R - Personnel Hoisting; eCFR as of 2026-10-01
cfr30-56.19073	56.19073 Hoisting during shift changes.	https://www.ecfr.gov/on/2026-10-01/title-30/section-56.19073	us-gov-public-domain	30 CFR 56.19073; PART 56 - SAFETY AND HEALTH STANDARDS - SURFACE METAL AND NONMETAL MINES; Subpart R - Personnel Hoisting; eCFR as of 2026-10-01
cfr30-56.19074	56.19074 Riding the bail, rim, bonnet, or crosshead.	https://www.ecfr.gov/on/2026-10-01/title-30/section-56.19074	us-gov-public-domain	30 CFR 56.19074; PART 56 - SAFETY AND HEALTH STANDARDS - SURFACE METAL AND NONMETAL MINES; Subpart R - Personnel Hoisting; eCFR as of 2026-10-01
cfr30-56.19075	56.19075 Use of open hooks.	https://www.ecfr.gov/on/2026-10-01/title-30/section-56.19075	us-gov-public-domain	30 CFR 56.19075; PART 56 - SAFETY AND HEALTH STANDARDS - SURFACE METAL AND NONMETAL MINES; Subpart R - Personnel Hoisting; eCFR as of 2026-10-01
cfr30-56.19076	56.19076 Maximum speeds for hoisting persons in buckets.	https://www.ecfr.gov/on/2026-10-01/title-30/section-56.19076	us-gov-public-domain	30 CFR 56.19076; PART 56 - SAFETY AND HEALTH STANDARDS - SURFACE METAL AND NONMETAL MINES; Subpart R - Personnel Hoisting; eCFR as of 2026-10-01
cfr30-56.19077	56.19077 Lowering buckets.	https://www.ecfr.gov/on/2026-10-01/title-30/section-56.19077	us-gov-public-domain	30 CFR 56.19077; PART 56 - SAFETY AND HEALTH STANDARDS - SURFACE METAL AND NONMETAL MINES; Subpart R - Personnel Hoisting; eCFR as of 2026-10-01
cfr30-56.19078	56.19078 Hoisting buckets from the shaft bottom.	https://www.ecfr.gov/on/2026-10-01/title-30/section-56.19078	us-gov-public-domain	30 CFR 56.19078; PART 56 - SAFETY AND HEALTH STANDARDS - SURFACE METAL AND NONMETAL MINES; Subpart R - Personnel Hoisting; eCFR as of 2026-10-01
cfr30-56.19079	56.19079 Blocking mine cars.	https://www.ecfr.gov/on/2026-10-01/title-30/section-56.19079	us-gov-public-domain	30 CFR 56.19079; PART 56 - SAFETY AND HEALTH STANDARDS - SURFACE METAL AND NONMETAL MINES; Subpart R - Personnel Hoisting; eCFR as of 2026-10-01
cfr30-56.19080	56.19080 Hoisting tools, timbers, and other materials.	https://www.ecfr.gov/on/2026-10-01/title-30/section-56.19080	us-gov-public-domain	30 CFR 56.19080; PART 56 - SAFETY AND HEALTH STANDARDS - SURFACE METAL AND NONMETAL MINES; Subpart R - Personnel Hoisting; eCFR as of 2026-10-01
cfr30-56.19081	56.19081 Conveyances not in use.	https://www.ecfr.gov/on/2026-10-01/title-30/section-56.19081	us-gov-public-domain	30 CFR 56.19081; PART 56 - SAFETY AND HEALTH STANDARDS - SURFACE METAL AND NONMETAL MINES; Subpart R - Personnel Hoisting; eCFR as of 2026-10-01
cfr30-56.19083	56.19083 Overtravel backout device.	https://www.ecfr.gov/on/2026-10-01/title-30/section-56.19083	us-gov-public-domain	30 CFR 56.19083; PART 56 - SAFETY AND HEALTH STANDARDS - SURFACE METAL AND NONMETAL MINES; Subpart R - Personnel Hoisting; eCFR as of 2026-10-01
cfr30-56.19090	56.19090 Dual signaling systems.	https://www.ecfr.gov/on/2026-10-01/title-30/section-56.19090	us-gov-public-domain	30 CFR 56.19090; PART 56 - SAFETY AND HEALTH STANDARDS - SURFACE METAL AND NONMETAL MINES; Subpart R - Personnel Hoisting; eCFR as of 2026-10-01
cfr30-56.19091	56.19091 Signaling instructions to hoist operator.	https://www.ecfr.gov/on/2026-10-01/title-30/section-56.19091	us-gov-public-domain	30 CFR 56.19091; PART 56 - SAFETY AND HEALTH STANDARDS - SURFACE METAL AND NONMETAL MINES; Subpart R - Personnel Hoisting; eCFR as of 2026-10-01
cfr30-56.19092	56.19092 Signaling from conveyances.	https://www.ecfr.gov/on/2026-10-01/title-30/section-56.19092	us-gov-public-domain	30 CFR 56.19092; PART 56 - SAFETY AND HEALTH STANDARDS - SURFACE METAL AND NONMETAL MINES; Subpart R - Personnel Hoisting; eCFR as of 2026-10-01
cfr30-56.19093	56.19093 Standard signal code.	https://www.ecfr.gov/on/2026-10-01/title-30/section-56.19093	us-gov-public-domain	30 CFR 56.19093; PART 56 - SAFETY AND HEALTH STANDARDS - SURFACE METAL AND NONMETAL MINES; Subpart R - Personnel Hoisting; eCFR as of 2026-10-01
cfr30-56.19094	56.19094 Posting signal code.	https://www.ecfr.gov/on/2026-10-01/title-30/section-56.19094	us-gov-public-domain	30 CFR 56.19094; PART 56 - SAFETY AND HEALTH STANDARDS - SURFACE METAL AND NONMETAL MINES; Subpart R - Personnel Hoisting; eCFR as of 2026-10-01
cfr30-56.19095	56.19095 Location of signal devices.	https://www.ecfr.gov/on/2026-10-01/title-30/section-56.19095	us-gov-public-domain	30 CFR 56.19095; PART 56 - SAFETY AND HEALTH STANDARDS - SURFACE METAL AND NONMETAL MINES; Subpart R - Personnel Hoisting; eCFR as of 2026-10-01
cfr30-56.19096	56.19096 Familiarity with signal code.	https://www.ecfr.gov/on/2026-10-01/title-30/section-56.19096	us-gov-public-domain	30 CFR 56.19096; PART 56 - SAFETY AND HEALTH STANDARDS - SURFACE METAL AND NONMETAL MINES; Subpart R - Personnel Hoisting; eCFR as of 2026-10-01
cfr30-56.19100	56.19100 Shaft landing gates.	https://www.ecfr.gov/on/2026-10-01/title-30/section-56.19100	us-gov-public-domain	30 CFR 56.19100; PART 56 - SAFETY AND HEALTH STANDARDS - SURFACE METAL AND NONMETAL MINES; Subpart R - Personnel Hoisting; eCFR as of 2026-10-01
cfr30-56.19101	56.19101 Stopblocks and derail switches.	https://www.ecfr.gov/on/2026-10-01/title-30/section-56.19101	us-gov-public-domain	30 CFR 56.19101; PART 56 - SAFETY AND HEALTH STANDARDS - SURFACE METAL AND NONMETAL MINES; Subpart R - Personnel Hoisting; eCFR as of 2026-10-01
cfr30-56.19102	56.19102 Shaft guides.	https://www.ecfr.gov/on/2026-10-01/title-30/section-56.19102	us-gov-public-domain	30 CFR 56.19102; PART 56 - SAFETY AND HEALTH STANDARDS - SURFACE METAL AND NONMETAL MINES; Subpart R - Personnel Hoisting; eCFR as of 2026-10-01
cfr30-56.19103	56.19103 Dumping facilities and loading pockets.	https://www.ecfr.gov/on/2026-10-01/title-30/section-56.19103	us-gov-public-domain	30 CFR 56.19103; PART 56 - SAFETY AND HEALTH STANDARDS - SURFACE METAL AND NONMETAL MINES; Subpart R - Personnel Hoisting; eCFR as of 2026-10-01
cfr30-56.19104	56.19104 Clearance at shaft stations.	https://www.ecfr.gov/on/2026-10-01/title-30/section-56.19104	us-gov-public-domain	30 CFR 56.19104; PART 56 - SAFETY AND HEALTH STANDARDS - SURFACE METAL AND NONMETAL MINES; Subpart R - Personnel Hoisting; eCFR as of 2026-10-01
cfr30-56.19105	56.19105 Landings with more than one shaft entrance.	https://www.ecfr.gov/on/2026-10-01/title-30/section-56.19105	us-gov-public-domain	30 CFR 56.19105; PART 56 - SAFETY AND HEALTH STANDARDS - SURFACE METAL AND NONMETAL MINES; Subpart R - Personnel Hoisting; eCFR as of 2026-10-01
cfr30-56.19106	56.19106 Shaft sets.	https://www.ecfr.gov/on/2026-10-01/title-30/section-56.19106	us-gov-public-domain	30 CFR 56.19106; PART 56 - SAFETY AND HEALTH STANDARDS - SURFACE METAL AND NONMETAL MINES; Subpart R - Personnel Hoisting; eCFR as of 2026-10-01
cfr30-56.19107	56.19107 Precautions for work in compartment affected by hoisting operation.	https://www.ecfr.gov/on/2026-10-01/title-30/section-56.19107	us-gov-public-domain	30 CFR 56.19107; PART 56 - SAFETY AND HEALTH STANDARDS - SURFACE METAL AND NONMETAL MINES; Subpart R - Personnel Hoisting; eCFR as of 2026-10-01
cfr30-56.19108	56.19108 Posting warning signs during shaft work.	https://www.ecfr.gov/on/2026-10-01/title-30/section-56.19108	us-gov-public-domain	30 CFR 56.19108; PART 56 - SAFETY AND HEALTH STANDARDS - SURFACE METAL AND NONMETAL MINES; Subpart R - Personnel Hoisting; eCFR as of 2026-10-01
cfr30-56.19109	56.19109 Shaft inspection and repair.	https://www.ecfr.gov/on/2026-10-01/title-30/section-56.19109	us-gov-public-domain	30 CFR 56.19109; PART 56 - SAFETY AND HEALTH STANDARDS - SURFACE METAL AND NONMETAL MINES; Subpart R - Personnel Hoisting; eCFR as of 2026-10-01
cfr30-56.19110	56.19110 Overhead protection for shaft deepening work.	https://www.ecfr.gov/on/2026-10-01/title-30/section-56.19110	us-gov-public-domain	30 CFR 56.19110; PART 56 - SAFETY AND HEALTH STANDARDS - SURFACE METAL AND NONMETAL MINES; Subpart R - Personnel Hoisting; eCFR as of 2026-10-01
cfr30-56.19111	56.19111 Shaft-sinking ladders.	https://www.ecfr.gov/on/2026-10-01/title-30/section-56.19111	us-gov-public-domain	30 CFR 56.19111; PART 56 - SAFETY AND HEALTH STANDARDS - SURFACE METAL AND NONMETAL MINES; Subpart R - Personnel Hoisting; eCFR as of 2026-10-01
cfr30-56.19120	56.19120 Procedures for inspection, testing, and maintenance.	https://www.ecfr.gov/on/2026-10-01/title-30/section-56.19120	us-gov-public-domain	30 CFR 56.19120; PART 56 - SAFETY AND HEALTH STANDARDS - SURFACE METAL AND NONMETAL MINES; Subpart R - Personnel Hoisting; eCFR as of 2026-10-01
cfr30-56.19121	56.19121 Recordkeeping.	https://www.ecfr.gov/on/2026-10-01/title-30/section-56.19121	us-gov-public-domain	30 CFR 56.19121; PART 56 - SAFETY AND HEALTH STANDARDS - SURFACE METAL AND NONMETAL MINES; Subpart R - Personnel Hoisting; eCFR as of 2026-10-01
cfr30-56.19122	56.19122 Replacement parts.	https://www.ecfr.gov/on/2026-10-01/title-30/section-56.19122	us-gov-public-domain	30 CFR 56.19122; PART 56 - SAFETY AND HEALTH STANDARDS - SURFACE METAL AND NONMETAL MINES; Subpart R - Personnel Hoisting; eCFR as of 2026-10-01
cfr30-56.19129	56.19129 Examinations and tests at beginning of shift.	https://www.ecfr.gov/on/2026-10-01/title-30/section-56.19129	us-gov-public-domain	30 CFR 56.19129; PART 56 - SAFETY AND HEALTH STANDARDS - SURFACE METAL AND NONMETAL MINES; Subpart R - Personnel Hoisting; eCFR as of 2026-10-01
cfr30-56.19130	56.19130 Conveyance shaft test.	https://www.ecfr.gov/on/2026-10-01/title-30/section-56.19130	us-gov-public-domain	30 CFR 56.19130; PART 56 - SAFETY AND HEALTH STANDARDS - SURFACE METAL AND NONMETAL MINES; Subpart R - Personnel Hoisting; eCFR as of 2026-10-01
cfr30-56.19131	56.19131 Hoist conveyance connections.	https://www.ecfr.gov/on/2026-10-01/title-30/section-56.19131	us-gov-public-domain	30 CFR 56.19131; PART 56 - SAFETY AND HEALTH STANDARDS - SURFACE METAL AND NONMETAL MINES; Subpart R - Personnel Hoisting; eCFR as of 2026-10-01
cfr30-56.19132	56.19132 Safety catches.	https://www.ecfr.gov/on/2026-10-01/title-30/section-56.19132	us-gov-public-domain	30 CFR 56.19132; PART 56 - SAFETY AND HEALTH STANDARDS - SURFACE METAL AND NONMETAL MINES; Subpart R - Personnel Hoisting; eCFR as of 2026-10-01
cfr30-56.19133	56.19133 Shaft.	https://www.ecfr.gov/on/2026-10-01/title-30/section-56.19133	us-gov-public-domain	30 CFR 56.19133; PART 56 - SAFETY AND HEALTH STANDARDS - SURFACE METAL AND NONMETAL MINES; Subpart R - Personnel Hoisting; eCFR as of 2026-10-01
cfr30-56.19134	56.19134 Sheaves.	https://www.ecfr.gov/on/2026-10-01/title-30/section-56.19134	us-gov-public-domain	30 CFR 56.19134; PART 56 - SAFETY AND HEALTH STANDARDS - SURFACE METAL AND NONMETAL MINES; Subpart R - Personnel Hoisting; eCFR as of 2026-10-01
cfr30-56.19135	56.19135 Rollers in inclined shafts.	https://www.ecfr.gov/on/2026-10-01/title-30/section-56.19135	us-gov-public-domain	30 CFR 56.19135; PART 56 - SAFETY AND HEALTH STANDARDS - SURFACE METAL AND NONMETAL MINES; Subpart R - Personnel Hoisting; eCFR as of 2026-10-01
cfr30-56.20001	56.20001 Intoxicating beverages and narcotics.	https://www.ecfr.gov/on/2026-10-01/title-30/section-56.20001	us-gov-public-domain	30 CFR 56.20001; PART 56 - SAFETY AND HEALTH STANDARDS - SURFACE METAL AND NONMETAL MINES; Subpart S - Miscellaneous; eCFR as of 2026-10-01
cfr30-56.20002	56.20002 Potable water.	https://www.ecfr.gov/on/2026-10-01/title-30/section-56.20002	us-gov-public-domain	30 CFR 56.20002; PART 56 - SAFETY AND HEALTH STANDARDS - SURFACE METAL AND NONMETAL MINES; Subpart S - Miscellaneous; eCFR as of 2026-10-01
cfr30-56.20003	56.20003 Housekeeping.	https://www.ecfr.gov/on/2026-10-01/title-30/section-56.20003	us-gov-public-domain	30 CFR 56.20003; PART 56 - SAFETY AND HEALTH STANDARDS - SURFACE METAL AND NONMETAL MINES; Subpart S - Miscellaneous; eCFR as of 2026-10-01
cfr30-56.20005	56.20005 Carbon tetrachloride.	https://www.ecfr.gov/on/2026-10-01/title-30/section-56.20005	us-gov-public-domain	30 CFR 56.20005; PART 56 - SAFETY AND HEALTH STANDARDS - SURFACE METAL AND NONMETAL MINES; Subpart S - Miscellaneous; eCFR as of 2026-10-01
cfr30-56.20008	56.20008 Toilet facilities.	https://www.ecfr.gov/on/2026-10-01/title-30/section-56.20008	us-gov-public-domain	30 CFR 56.20008; PART 56 - SAFETY AND HEALTH STANDARDS - SURFACE METAL AND NONMETAL MINES; Subpart S - Miscellaneous; eCFR as of 2026-10-01
cfr30-56.20009	56.20009 Tests for explosive dusts.	https://www.ecfr.gov/on/2026-10-01/title-30/section-56.20009	us-gov-public-domain	30 CFR 56.20009; PART 56 - SAFETY AND HEALTH STANDARDS - SURFACE METAL AND NONMETAL MINES; Subpart S - Miscellaneous; eCFR as of 2026-10-01
cfr30-56.20010	56.20010 Retaining dams.	https://www.ecfr.gov/on/2026-10-01/title-30/section-56.20010	us-gov-public-domain	30 CFR 56.20010; PART 56 - SAFETY AND HEALTH STANDARDS - SURFACE METAL AND NONMETAL MINES; Subpart S - Miscellaneous; eCFR as of 2026-10-01
cfr30-56.20011	56.20011 Barricades and warning signs.	https://www.ecfr.gov/on/2026-10-01/title-30/section-56.20011	us-gov-public-domain	30 CFR 56.20011; PART 56 - SAFETY AND HEALTH STANDARDS - SURFACE METAL AND NONMETAL MINES; Subpart S - Miscellaneous; eCFR as of 2026-10-01
cfr30-56.20013	56.20013 Waste receptacles.	https://www.ecfr.gov/on/2026-10-01/title-30/section-56.20013	us-gov-public-domain	30 CFR 56.20013; PART 56 - SAFETY AND HEALTH STANDARDS - SURFACE METAL AND NONMETAL MINES; Subpart S - Miscellaneous; eCFR as of 2026-10-01
cfr30-56.20014	56.20014 Prohibited areas for food and beverages.	https://www.ecfr.gov/on/2026-10-01/title-30/section-56.20014	us-gov-public-domain	30 CFR 56.20014; PART 56 - SAFETY AND HEALTH STANDARDS - SURFACE METAL AND NONMETAL MINES; Subpart S - Miscellaneous; eCFR as of 2026-10-01
cfr30-56.23000	56.23000 Purpose and scope.	https://www.ecfr.gov/on/2026-10-01/title-30/section-56.23000	us-gov-public-domain	30 CFR 56.23000; PART 56 - SAFETY AND HEALTH STANDARDS - SURFACE METAL AND NONMETAL MINES; Subpart T - Safety Program for Surface Mobile Equipment; eCFR as of 2026-10-01
cfr30-56.23001	56.23001 Definitions.	https://www.ecfr.gov/on/2026-10-01/title-30/section-56.23001	us-gov-public-domain	30 CFR 56.23001; PART 56 - SAFETY AND HEALTH STANDARDS - SURFACE METAL AND NONMETAL MINES; Subpart T - Safety Program for Surface Mobile Equipment; eCFR as of 2026-10-01
cfr30-56.23002	56.23002 Written safety program.	https://www.ecfr.gov/on/2026-10-01/title-30/section-56.23002	us-gov-public-domain	30 CFR 56.23002; PART 56 - SAFETY AND HEALTH STANDARDS - SURFACE METAL AND NONMETAL MINES; Subpart T - Safety Program for Surface Mobile Equipment; eCFR as of 2026-10-01
cfr30-56.23003	56.23003 Requirements for written safety program.	https://www.ecfr.gov/on/2026-10-01/title-30/section-56.23003	us-gov-public-domain	30 CFR 56.23003; PART 56 - SAFETY AND HEALTH STANDARDS - SURFACE METAL AND NONMETAL MINES; Subpart T - Safety Program for Surface Mobile Equipment; eCFR as of 2026-10-01
cfr30-56.23004	56.23004 Record and inspection.	https://www.ecfr.gov/on/2026-10-01/title-30/section-56.23004	us-gov-public-domain	30 CFR 56.23004; PART 56 - SAFETY AND HEALTH STANDARDS - SURFACE METAL AND NONMETAL MINES; Subpart T - Safety Program for Surface Mobile Equipment; eCFR as of 2026-10-01
cfr30-57.1	57.1 Purpose and scope.	https://www.ecfr.gov/on/2026-10-01/title-30/section-57.1	us-gov-public-domain	30 CFR 57.1; PART 57 - SAFETY AND HEALTH STANDARDS - UNDERGROUND METAL AND NONMETAL MINES; Subpart A - General; eCFR as of 2026-10-01
cfr30-57.2	57.2 Definitions.	https://www.ecfr.gov/on/2026-10-01/title-30/section-57.2	us-gov-public-domain	30 CFR 57.2; PART 57 - SAFETY AND HEALTH STANDARDS - UNDERGROUND METAL AND NONMETAL MINES; Subpart A - General; eCFR as of 2026-10-01
cfr30-57.1000	57.1000 Notification of commencement of operations and closing of mines.	https://www.ecfr.gov/on/2026-10-01/title-30/section-57.1000	us-gov-public-domain	30 CFR 57.1000; PART 57 - SAFETY AND HEALTH STANDARDS - UNDERGROUND METAL AND NONMETAL MINES; Subpart A - General; eCFR as of 2026-10-01
cfr30-57.3000	57.3000 Definitions.	https://www.ecfr.gov/on/2026-10-01/title-30/section-57.3000	us-gov-public-domain	30 CFR 57.3000; PART 57 - SAFETY AND HEALTH STANDARDS - UNDERGROUND METAL AND NONMETAL MINES; Subpart B - Ground Control; eCFR as of 2026-10-01
cfr30-57.3200	57.3200 Correction of hazardous conditions.	https://www.ecfr.gov/on/2026-10-01/title-30/section-57.3200	us-gov-public-domain	30 CFR 57.3200; PART 57 - SAFETY AND HEALTH STANDARDS - UNDERGROUND METAL AND NONMETAL MINES; Subpart B - Ground Control; eCFR as of 2026-10-01
cfr30-57.3201	57.3201 Location for performing scaling.	https://www.ecfr.gov/on/2026-10-01/title-30/section-57.3201	us-gov-public-domain	30 CFR 57.3201; PART 57 - SAFETY AND HEALTH STANDARDS - UNDERGROUND METAL AND NONMETAL MINES; Subpart B - Ground Control; eCFR as of 2026-10-01
cfr30-57.3202	57.3202 Scaling tools.	https://www.ecfr.gov/on/2026-10-01/title-30/section-57.3202	us-gov-public-domain	30 CFR 57.3202; PART 57 - SAFETY AND HEALTH STANDARDS - UNDERGROUND METAL AND NONMETAL MINES; Subpart B - Ground Control; eCFR as of 2026-10-01
cfr30-57.3203	57.3203 Rock fixtures.	https://www.ecfr.gov/on/2026-10-01/title-30/section-57.3203	us-gov-public-domain	30 CFR 57.3203; PART 57 - SAFETY AND HEALTH STANDARDS - UNDERGROUND METAL AND NONMETAL MINES; Subpart B - Ground Control; eCFR as of 2026-10-01; reviewed: US government work, "Copyright protection under this title is not available for any work of the United States Government" (17 U.S.C. 105); the name ASTM only identifies a standard or body that the rule cites, and no text of that standard is reproduced
cfr30-57.3360	57.3360 Ground support use.	https://www.ecfr.gov/on/2026-10-01/title-30/section-57.3360	us-gov-public-domain	30 CFR 57.3360; PART 57 - SAFETY AND HEALTH STANDARDS - UNDERGROUND METAL AND NONMETAL MINES; Subpart B - Ground Control; eCFR as of 2026-10-01
cfr30-57.3400	57.3400 Secondary breakage.	https://www.ecfr.gov/on/2026-10-01/title-30/section-57.3400	us-gov-public-domain	30 CFR 57.3400; PART 57 - SAFETY AND HEALTH STANDARDS - UNDERGROUND METAL AND NONMETAL MINES; Subpart B - Ground Control; eCFR as of 2026-10-01
cfr30-57.3401	57.3401 Examination of ground conditions.	https://www.ecfr.gov/on/2026-10-01/title-30/section-57.3401	us-gov-public-domain	30 CFR 57.3401; PART 57 - SAFETY AND HEALTH STANDARDS - UNDERGROUND METAL AND NONMETAL MINES; Subpart B - Ground Control; eCFR as of 2026-10-01
cfr30-57.3430	57.3430 Activity between machinery or equipment and the highwall or bank.	https://www.ecfr.gov/on/2026-10-01/title-30/section-57.3430	us-gov-public-domain	30 CFR 57.3430; PART 57 - SAFETY AND HEALTH STANDARDS - UNDERGROUND METAL AND NONMETAL MINES; Subpart B - Ground Control; eCFR as of 2026-10-01
cfr30-57.3460	57.3460 Maintenance between machinery or equipment and ribs.	https://www.ecfr.gov/on/2026-10-01/title-30/section-57.3460	us-gov-public-domain	30 CFR 57.3460; PART 57 - SAFETY AND HEALTH STANDARDS - UNDERGROUND METAL AND NONMETAL MINES; Subpart B - Ground Control; eCFR as of 2026-10-01
cfr30-57.3461	57.3461 Rock bursts.	https://www.ecfr.gov/on/2026-10-01/title-30/section-57.3461	us-gov-public-domain	30 CFR 57.3461; PART 57 - SAFETY AND HEALTH STANDARDS - UNDERGROUND METAL AND NONMETAL MINES; Subpart B - Ground Control; eCFR as of 2026-10-01
cfr30-57.4000	57.4000 Definitions.	https://www.ecfr.gov/on/2026-10-01/title-30/section-57.4000	us-gov-public-domain	30 CFR 57.4000; PART 57 - SAFETY AND HEALTH STANDARDS - UNDERGROUND METAL AND NONMETAL MINES; Subpart C - Fire Prevention and Control; eCFR as of 2026-10-01
cfr30-57.4011	57.4011 Abandoned electric circuits.	https://www.ecfr.gov/on/2026-10-01/title-30/section-57.4011	us-gov-public-domain	30 CFR 57.4011; PART 57 - SAFETY AND HEALTH STANDARDS - UNDERGROUND METAL AND NONMETAL MINES; Subpart C - Fire Prevention and Control; eCFR as of 2026-10-01
cfr30-57.4057	57.4057 Underground trailing cables.	https://www.ecfr.gov/on/2026-10-01/title-30/section-57.4057	us-gov-public-domain	30 CFR 57.4057; PART 57 - SAFETY AND HEALTH STANDARDS - UNDERGROUND METAL AND NONMETAL MINES; Subpart C - Fire Prevention and Control; eCFR as of 2026-10-01
cfr30-57.4100	57.4100 Smoking and use of open flames.	https://www.ecfr.gov/on/2026-10-01/title-30/section-57.4100	us-gov-public-domain	30 CFR 57.4100; PART 57 - SAFETY AND HEALTH STANDARDS - UNDERGROUND METAL AND NONMETAL MINES; Subpart C - Fire Prevention and Control; eCFR as of 2026-10-01
cfr30-57.4101	57.4101 Warning signs.	https://www.ecfr.gov/on/2026-10-01/title-30/section-57.4101	us-gov-public-domain	30 CFR 57.4101; PART 57 - SAFETY AND HEALTH STANDARDS - UNDERGROUND METAL AND NONMETAL MINES; Subpart C - Fire Prevention and Control; eCFR as of 2026-10-01
cfr30-57.4102	57.4102 Spillage and leakage.	https://www.ecfr.gov/on/2026-10-01/title-30/section-57.4102	us-gov-public-domain	30 CFR 57.4102; PART 57 - SAFETY AND HEALTH STANDARDS - UNDERGROUND METAL AND NONMETAL MINES; Subpart C - Fire Prevention and Control; eCFR as of 2026-10-01
cfr30-57.4103	57.4103 Fueling internal combustion engines.	https://www.ecfr.gov/on/2026-10-01/title-30/section-57.4103	us-gov-public-domain	30 CFR 57.4103; PART 57 - SAFETY AND HEALTH STANDARDS - UNDERGROUND METAL AND NONMETAL MINES; Subpart C - Fire Prevention and Control; eCFR as of 2026-10-01
cfr30-57.4104	57.4104 Combustible waste.	https://www.ecfr.gov/on/2026-10-01/title-30/section-57.4104	us-gov-public-domain	30 CFR 57.4104; PART 57 - SAFETY AND HEALTH STANDARDS - UNDERGROUND METAL AND NONMETAL MINES; Subpart C - Fire Prevention and Control; eCFR as of 2026-10-01
cfr30-57.4130	57.4130 Surface electric substations and liquid storage facilities.	https://www.ecfr.gov/on/2026-10-01/title-30/section-57.4130	us-gov-public-domain	30 CFR 57.4130; PART 57 - SAFETY AND HEALTH STANDARDS - UNDERGROUND METAL AND NONMETAL MINES; Subpart C - Fire Prevention and Control; eCFR as of 2026-10-01
cfr30-57.4131	57.4131 Surface fan installations and mine openings.	https://www.ecfr.gov/on/2026-10-01/title-30/section-57.4131	us-gov-public-domain	30 CFR 57.4131; PART 57 - SAFETY AND HEALTH STANDARDS - UNDERGROUND METAL AND NONMETAL MINES; Subpart C - Fire Prevention and Control; eCFR as of 2026-10-01
cfr30-57.4160	57.4160 Underground electric substations and liquid storage facilities.	https://www.ecfr.gov/on/2026-10-01/title-30/section-57.4160	us-gov-public-domain	30 CFR 57.4160; PART 57 - SAFETY AND HEALTH STANDARDS - UNDERGROUND METAL AND NONMETAL MINES; Subpart C - Fire Prevention and Control; eCFR as of 2026-10-01
cfr30-57.4161	57.4161 Use of fire underground.	https://www.ecfr.gov/on/2026-10-01/title-30/section-57.4161	us-gov-public-domain	30 CFR 57.4161; PART 57 - SAFETY AND HEALTH STANDARDS - UNDERGROUND METAL AND NONMETAL MINES; Subpart C - Fire Prevention and Control; eCFR as of 2026-10-01
cfr30-57.4200	57.4200 General requirements.	https://www.ecfr.gov/on/2026-10-01/title-30/section-57.4200	us-gov-public-domain	30 CFR 57.4200; PART 57 - SAFETY AND HEALTH STANDARDS - UNDERGROUND METAL AND NONMETAL MINES; Subpart C - Fire Prevention and Control; eCFR as of 2026-10-01
cfr30-57.4201	57.4201 Inspection.	https://www.ecfr.gov/on/2026-10-01/title-30/section-57.4201	us-gov-public-domain	30 CFR 57.4201; PART 57 - SAFETY AND HEALTH STANDARDS - UNDERGROUND METAL AND NONMETAL MINES; Subpart C - Fire Prevention and Control; eCFR as of 2026-10-01
cfr30-57.4202	57.4202 Fire hydrants.	https://www.ecfr.gov/on/2026-10-01/title-30/section-57.4202	us-gov-public-domain	30 CFR 57.4202; PART 57 - SAFETY AND HEALTH STANDARDS - UNDERGROUND METAL AND NONMETAL MINES; Subpart C - Fire Prevention and Control; eCFR as of 2026-10-01
cfr30-57.4203	57.4203 Extinguisher recharging or replacement.	https://www.ecfr.gov/on/2026-10-01/title-30/section-57.4203	us-gov-public-domain	30 CFR 57.4203; PART 57 - SAFETY AND HEALTH STANDARDS - UNDERGROUND METAL AND NONMETAL MINES; Subpart C - Fire Prevention and Control; eCFR as of 2026-10-01
cfr30-57.4230	57.4230 Surface self-propelled equipment.	https://www.ecfr.gov/on/2026-10-01/title-30/section-57.4230	us-gov-public-domain	30 CFR 57.4230; PART 57 - SAFETY AND HEALTH STANDARDS - UNDERGROUND METAL AND NONMETAL MINES; Subpart C - Fire Prevention and Control; eCFR as of 2026-10-01
cfr30-57.4260	57.4260 Underground self-propelled equipment.	https://www.ecfr.gov/on/2026-10-01/title-30/section-57.4260	us-gov-public-domain	30 CFR 57.4260; PART 57 - SAFETY AND HEALTH STANDARDS - UNDERGROUND METAL AND NONMETAL MINES; Subpart C - Fire Prevention and Control; eCFR as of 2026-10-01
cfr30-57.4261	57.4261 Shaft-station waterlines.	https://www.ecfr.gov/on/2026-10-01/title-30/section-57.4261	us-gov-public-domain	30 CFR 57.4261; PART 57 - SAFETY AND HEALTH STANDARDS - UNDERGROUND METAL AND NONMETAL MINES; Subpart C - Fire Prevention and Control; eCFR as of 2026-10-01
cfr30-57.4262	57.4262 Underground transformer stations, combustible liquid storage and dispensing areas, pump rooms, compressor rooms, and hoist rooms.	https://www.ecfr.gov/on/2026-10-01/title-30/section-57.4262	us-gov-public-domain	30 CFR 57.4262; PART 57 - SAFETY AND HEALTH STANDARDS - UNDERGROUND METAL AND NONMETAL MINES; Subpart C - Fire Prevention and Control; eCFR as of 2026-10-01
cfr30-57.4263	57.4263 Underground belt conveyors.	https://www.ecfr.gov/on/2026-10-01/title-30/section-57.4263	us-gov-public-domain	30 CFR 57.4263; PART 57 - SAFETY AND HEALTH STANDARDS - UNDERGROUND METAL AND NONMETAL MINES; Subpart C - Fire Prevention and Control; eCFR as of 2026-10-01
cfr30-57.4330	57.4330 Surface firefighting, evacuation, and rescue procedures.	https://www.ecfr.gov/on/2026-10-01/title-30/section-57.4330	us-gov-public-domain	30 CFR 57.4330; PART 57 - SAFETY AND HEALTH STANDARDS - UNDERGROUND METAL AND NONMETAL MINES; Subpart C - Fire Prevention and Control; eCFR as of 2026-10-01
cfr30-57.4331	57.4331 Surface firefighting drills.	https://www.ecfr.gov/on/2026-10-01/title-30/section-57.4331	us-gov-public-domain	30 CFR 57.4331; PART 57 - SAFETY AND HEALTH STANDARDS - UNDERGROUND METAL AND NONMETAL MINES; Subpart C - Fire Prevention and Control; eCFR as of 2026-10-01
cfr30-57.4360	57.4360 Underground alarm systems.	https://www.ecfr.gov/on/2026-10-01/title-30/section-57.4360	us-gov-public-domain	30 CFR 57.4360; PART 57 - SAFETY AND HEALTH STANDARDS - UNDERGROUND METAL AND NONMETAL MINES; Subpart C - Fire Prevention and Control; eCFR as of 2026-10-01
cfr30-57.4361	57.4361 Underground evacuation drills.	https://www.ecfr.gov/on/2026-10-01/title-30/section-57.4361	us-gov-public-domain	30 CFR 57.4361; PART 57 - SAFETY AND HEALTH STANDARDS - UNDERGROUND METAL AND NONMETAL MINES; Subpart C - Fire Prevention and Control; eCFR as of 2026-10-01
cfr30-57.4362	57.4362 Underground rescue and firefighting operations.	https://www.ecfr.gov/on/2026-10-01/title-30/section-57.4362	us-gov-public-domain	30 CFR 57.4362; PART 57 - SAFETY AND HEALTH STANDARDS - UNDERGROUND METAL AND NONMETAL MINES; Subpart C - Fire Prevention and Control; eCFR as of 2026-10-01
cfr30-57.4363	57.4363 Underground evacuation instruction.	https://www.ecfr.gov/on/2026-10-01/title-30/section-57.4363	us-gov-public-domain	30 CFR 57.4363; PART 57 - SAFETY AND HEALTH STANDARDS - UNDERGROUND METAL AND NONMETAL MINES; Subpart C - Fire Prevention and Control; eCFR as of 2026-10-01
cfr30-57.4400	57.4400 Use restrictions.	https://www.ecfr.gov/on/2026-10-01/title-30/section-57.4400	us-gov-public-domain	30 CFR 57.4400; PART 57 - SAFETY AND HEALTH STANDARDS - UNDERGROUND METAL AND NONMETAL MINES; Subpart C - Fire Prevention and Control; eCFR as of 2026-10-01
cfr30-57.4401	57.4401 Storage tank foundations.	https://www.ecfr.gov/on/2026-10-01/title-30/section-57.4401	us-gov-public-domain	30 CFR 57.4401; PART 57 - SAFETY AND HEALTH STANDARDS - UNDERGROUND METAL AND NONMETAL MINES; Subpart C - Fire Prevention and Control; eCFR as of 2026-10-01
cfr30-57.4402	57.4402 Safety can use.	https://www.ecfr.gov/on/2026-10-01/title-30/section-57.4402	us-gov-public-domain	30 CFR 57.4402; PART 57 - SAFETY AND HEALTH STANDARDS - UNDERGROUND METAL AND NONMETAL MINES; Subpart C - Fire Prevention and Control; eCFR as of 2026-10-01
cfr30-57.4430	57.4430 Surface storage facilities.	https://www.ecfr.gov/on/2026-10-01/title-30/section-57.4430	us-gov-public-domain	30 CFR 57.4430; PART 57 - SAFETY AND HEALTH STANDARDS - UNDERGROUND METAL AND NONMETAL MINES; Subpart C - Fire Prevention and Control; eCFR as of 2026-10-01
cfr30-57.4431	57.4431 Surface storage restrictions.	https://www.ecfr.gov/on/2026-10-01/title-30/section-57.4431	us-gov-public-domain	30 CFR 57.4431; PART 57 - SAFETY AND HEALTH STANDARDS - UNDERGROUND METAL AND NONMETAL MINES; Subpart C - Fire Prevention and Control; eCFR as of 2026-10-01
cfr30-57.4460	57.4460 Storage of flammable liquids underground.	https://www.ecfr.gov/on/2026-10-01/title-30/section-57.4460	us-gov-public-domain	30 CFR 57.4460; PART 57 - SAFETY AND HEALTH STANDARDS - UNDERGROUND METAL AND NONMETAL MINES; Subpart C - Fire Prevention and Control; eCFR as of 2026-10-01
cfr30-57.4461	57.4461 Gasoline use restrictions underground.	https://www.ecfr.gov/on/2026-10-01/title-30/section-57.4461	us-gov-public-domain	30 CFR 57.4461; PART 57 - SAFETY AND HEALTH STANDARDS - UNDERGROUND METAL AND NONMETAL MINES; Subpart C - Fire Prevention and Control; eCFR as of 2026-10-01
cfr30-57.4462	57.4462 Storage of combustible liquids underground.	https://www.ecfr.gov/on/2026-10-01/title-30/section-57.4462	us-gov-public-domain	30 CFR 57.4462; PART 57 - SAFETY AND HEALTH STANDARDS - UNDERGROUND METAL AND NONMETAL MINES; Subpart C - Fire Prevention and Control; eCFR as of 2026-10-01
cfr30-57.4463	57.4463 Liquefied petroleum gas use underground.	https://www.ecfr.gov/on/2026-10-01/title-30/section-57.4463	us-gov-public-domain	30 CFR 57.4463; PART 57 - SAFETY AND HEALTH STANDARDS - UNDERGROUND METAL AND NONMETAL MINES; Subpart C - Fire Prevention and Control; eCFR as of 2026-10-01
cfr30-57.4500	57.4500 Heat sources.	https://www.ecfr.gov/on/2026-10-01/title-30/section-57.4500	us-gov-public-domain	30 CFR 57.4500; PART 57 - SAFETY AND HEALTH STANDARDS - UNDERGROUND METAL AND NONMETAL MINES; Subpart C - Fire Prevention and Control; eCFR as of 2026-10-01
cfr30-57.4501	57.4501 Fuel lines.	https://www.ecfr.gov/on/2026-10-01/title-30/section-57.4501	us-gov-public-domain	30 CFR 57.4501; PART 57 - SAFETY AND HEALTH STANDARDS - UNDERGROUND METAL AND NONMETAL MINES; Subpart C - Fire Prevention and Control; eCFR as of 2026-10-01
cfr30-57.4502	57.4502 Battery-charging stations.	https://www.ecfr.gov/on/2026-10-01/title-30/section-57.4502	us-gov-public-domain	30 CFR 57.4502; PART 57 - SAFETY AND HEALTH STANDARDS - UNDERGROUND METAL AND NONMETAL MINES; Subpart C - Fire Prevention and Control; eCFR as of 2026-10-01
cfr30-57.4503	57.4503 Conveyor belt slippage.	https://www.ecfr.gov/on/2026-10-01/title-30/section-57.4503	us-gov-public-domain	30 CFR 57.4503; PART 57 - SAFETY AND HEALTH STANDARDS - UNDERGROUND METAL AND NONMETAL MINES; Subpart C - Fire Prevention and Control; eCFR as of 2026-10-01
cfr30-57.4504	57.4504 Fan installations.	https://www.ecfr.gov/on/2026-10-01/title-30/section-57.4504	us-gov-public-domain	30 CFR 57.4504; PART 57 - SAFETY AND HEALTH STANDARDS - UNDERGROUND METAL AND NONMETAL MINES; Subpart C - Fire Prevention and Control; eCFR as of 2026-10-01
cfr30-57.4505	57.4505 Fuel lines to underground areas.	https://www.ecfr.gov/on/2026-10-01/title-30/section-57.4505	us-gov-public-domain	30 CFR 57.4505; PART 57 - SAFETY AND HEALTH STANDARDS - UNDERGROUND METAL AND NONMETAL MINES; Subpart C - Fire Prevention and Control; eCFR as of 2026-10-01
cfr30-57.4530	57.4530 Exits for surface buildings and structures.	https://www.ecfr.gov/on/2026-10-01/title-30/section-57.4530	us-gov-public-domain	30 CFR 57.4530; PART 57 - SAFETY AND HEALTH STANDARDS - UNDERGROUND METAL AND NONMETAL MINES; Subpart C - Fire Prevention and Control; eCFR as of 2026-10-01
cfr30-57.4531	57.4531 Surface flammable or combustible liquid storage buildings or rooms.	https://www.ecfr.gov/on/2026-10-01/title-30/section-57.4531	us-gov-public-domain	30 CFR 57.4531; PART 57 - SAFETY AND HEALTH STANDARDS - UNDERGROUND METAL AND NONMETAL MINES; Subpart C - Fire Prevention and Control; eCFR as of 2026-10-01
cfr30-57.4533	57.4533 Mine opening vicinity.	https://www.ecfr.gov/on/2026-10-01/title-30/section-57.4533	us-gov-public-domain	30 CFR 57.4533; PART 57 - SAFETY AND HEALTH STANDARDS - UNDERGROUND METAL AND NONMETAL MINES; Subpart C - Fire Prevention and Control; eCFR as of 2026-10-01
cfr30-57.4560	57.4560 Mine entrances.	https://www.ecfr.gov/on/2026-10-01/title-30/section-57.4560	us-gov-public-domain	30 CFR 57.4560; PART 57 - SAFETY AND HEALTH STANDARDS - UNDERGROUND METAL AND NONMETAL MINES; Subpart C - Fire Prevention and Control; eCFR as of 2026-10-01
cfr30-57.4561	57.4561 Stationary diesel equipment underground.	https://www.ecfr.gov/on/2026-10-01/title-30/section-57.4561	us-gov-public-domain	30 CFR 57.4561; PART 57 - SAFETY AND HEALTH STANDARDS - UNDERGROUND METAL AND NONMETAL MINES; Subpart C - Fire Prevention and Control; eCFR as of 2026-10-01
cfr30-57.4600	57.4600 Extinguishing equipment.	https://www.ecfr.gov/on/2026-10-01/title-30/section-57.4600	us-gov-public-domain	30 CFR 57.4600; PART 57 - SAFETY AND HEALTH STANDARDS - UNDERGROUND METAL AND NONMETAL MINES; Subpart C - Fire Prevention and Control; eCFR as of 2026-10-01
cfr30-57.4601	57.4601 Oxygen cylinder storage.	https://www.ecfr.gov/on/2026-10-01/title-30/section-57.4601	us-gov-public-domain	30 CFR 57.4601; PART 57 - SAFETY AND HEALTH STANDARDS - UNDERGROUND METAL AND NONMETAL MINES; Subpart C - Fire Prevention and Control; eCFR as of 2026-10-01
cfr30-57.4602	57.4602 Gauges and regulators.	https://www.ecfr.gov/on/2026-10-01/title-30/section-57.4602	us-gov-public-domain	30 CFR 57.4602; PART 57 - SAFETY AND HEALTH STANDARDS - UNDERGROUND METAL AND NONMETAL MINES; Subpart C - Fire Prevention and Control; eCFR as of 2026-10-01
cfr30-57.4603	57.4603 Closure of valves.	https://www.ecfr.gov/on/2026-10-01/title-30/section-57.4603	us-gov-public-domain	30 CFR 57.4603; PART 57 - SAFETY AND HEALTH STANDARDS - UNDERGROUND METAL AND NONMETAL MINES; Subpart C - Fire Prevention and Control; eCFR as of 2026-10-01
cfr30-57.4604	57.4604 Preparation of pipelines or containers.	https://www.ecfr.gov/on/2026-10-01/title-30/section-57.4604	us-gov-public-domain	30 CFR 57.4604; PART 57 - SAFETY AND HEALTH STANDARDS - UNDERGROUND METAL AND NONMETAL MINES; Subpart C - Fire Prevention and Control; eCFR as of 2026-10-01
cfr30-57.4660	57.4660 Work in shafts, raises, or winzes and other activities involving hazard areas.	https://www.ecfr.gov/on/2026-10-01/title-30/section-57.4660	us-gov-public-domain	30 CFR 57.4660; PART 57 - SAFETY AND HEALTH STANDARDS - UNDERGROUND METAL AND NONMETAL MINES; Subpart C - Fire Prevention and Control; eCFR as of 2026-10-01
cfr30-57.4760	57.4760 Shaft mines.	https://www.ecfr.gov/on/2026-10-01/title-30/section-57.4760	us-gov-public-domain	30 CFR 57.4760; PART 57 - SAFETY AND HEALTH STANDARDS - UNDERGROUND METAL AND NONMETAL MINES; Subpart C - Fire Prevention and Control; eCFR as of 2026-10-01
cfr30-57.4761	57.4761 Underground shops.	https://www.ecfr.gov/on/2026-10-01/title-30/section-57.4761	us-gov-public-domain	30 CFR 57.4761; PART 57 - SAFETY AND HEALTH STANDARDS - UNDERGROUND METAL AND NONMETAL MINES; Subpart C - Fire Prevention and Control; eCFR as of 2026-10-01
cfr30-57.5001	57.5001 Exposure limits for airborne contaminants.	https://www.ecfr.gov/on/2026-10-01/title-30/section-57.5001	us-gov-public-domain	30 CFR 57.5001; PART 57 - SAFETY AND HEALTH STANDARDS - UNDERGROUND METAL AND NONMETAL MINES; Subpart D - Air Quality, Radiation, Physical Agents, and Diesel Particulate Matter; eCFR as of 2026-10-01
cfr30-57.5001t	57.5001T Exposure limits for airborne contaminants.	https://www.ecfr.gov/on/2026-10-01/title-30/section-57.5001T	us-gov-public-domain	30 CFR 57.5001T; PART 57 - SAFETY AND HEALTH STANDARDS - UNDERGROUND METAL AND NONMETAL MINES; Subpart D - Air Quality, Radiation, Physical Agents, and Diesel Particulate Matter; eCFR as of 2026-10-01
cfr30-57.5002	57.5002 Exposure monitoring.	https://www.ecfr.gov/on/2026-10-01/title-30/section-57.5002	us-gov-public-domain	30 CFR 57.5002; PART 57 - SAFETY AND HEALTH STANDARDS - UNDERGROUND METAL AND NONMETAL MINES; Subpart D - Air Quality, Radiation, Physical Agents, and Diesel Particulate Matter; eCFR as of 2026-10-01
cfr30-57.5005	57.5005 Control of exposure to airborne contaminants.	https://www.ecfr.gov/on/2026-10-01/title-30/section-57.5005	us-gov-public-domain	30 CFR 57.5005; PART 57 - SAFETY AND HEALTH STANDARDS - UNDERGROUND METAL AND NONMETAL MINES; Subpart D - Air Quality, Radiation, Physical Agents, and Diesel Particulate Matter; eCFR as of 2026-10-01
cfr30-57.5005t	57.5005T Control of exposure to airborne contaminants.	https://www.ecfr.gov/on/2026-10-01/title-30/section-57.5005T	us-gov-public-domain	30 CFR 57.5005T; PART 57 - SAFETY AND HEALTH STANDARDS - UNDERGROUND METAL AND NONMETAL MINES; Subpart D - Air Quality, Radiation, Physical Agents, and Diesel Particulate Matter; eCFR as of 2026-10-01; reviewed: US government work, "Copyright protection under this title is not available for any work of the United States Government" (17 U.S.C. 105); the name ASTM only identifies a standard or body that the rule cites, and no text of that standard is reproduced
cfr30-57.5006	57.5006 Restricted use of chemicals.	https://www.ecfr.gov/on/2026-10-01/title-30/section-57.5006	us-gov-public-domain	30 CFR 57.5006; PART 57 - SAFETY AND HEALTH STANDARDS - UNDERGROUND METAL AND NONMETAL MINES; Subpart D - Air Quality, Radiation, Physical Agents, and Diesel Particulate Matter; eCFR as of 2026-10-01
cfr30-57.5015	57.5015 Oxygen deficiency.	https://www.ecfr.gov/on/2026-10-01/title-30/section-57.5015	us-gov-public-domain	30 CFR 57.5015; PART 57 - SAFETY AND HEALTH STANDARDS - UNDERGROUND METAL AND NONMETAL MINES; Subpart D - Air Quality, Radiation, Physical Agents, and Diesel Particulate Matter; eCFR as of 2026-10-01
cfr30-57.5037	57.5037 Radon daughter exposure monitoring.	https://www.ecfr.gov/on/2026-10-01/title-30/section-57.5037	us-gov-public-domain	30 CFR 57.5037; PART 57 - SAFETY AND HEALTH STANDARDS - UNDERGROUND METAL AND NONMETAL MINES; Subpart D - Air Quality, Radiation, Physical Agents, and Diesel Particulate Matter; eCFR as of 2026-10-01
cfr30-57.5038	57.5038 Annual exposure limits.	https://www.ecfr.gov/on/2026-10-01/title-30/section-57.5038	us-gov-public-domain	30 CFR 57.5038; PART 57 - SAFETY AND HEALTH STANDARDS - UNDERGROUND METAL AND NONMETAL MINES; Subpart D - Air Quality, Radiation, Physical Agents, and Diesel Particulate Matter; eCFR as of 2026-10-01
cfr30-57.5039	57.5039 Maximum permissible concentration.	https://www.ecfr.gov/on/2026-10-01/title-30/section-57.5039	us-gov-public-domain	30 CFR 57.5039; PART 57 - SAFETY AND HEALTH STANDARDS - UNDERGROUND METAL AND NONMETAL MINES; Subpart D - Air Quality, Radiation, Physical Agents, and Diesel Particulate Matter; eCFR as of 2026-10-01
cfr30-57.5040	57.5040 Exposure records.	https://www.ecfr.gov/on/2026-10-01/title-30/section-57.5040	us-gov-public-domain	30 CFR 57.5040; PART 57 - SAFETY AND HEALTH STANDARDS - UNDERGROUND METAL AND NONMETAL MINES; Subpart D - Air Quality, Radiation, Physical Agents, and Diesel Particulate Matter; eCFR as of 2026-10-01
cfr30-57.5041	57.5041 Smoking prohibition.	https://www.ecfr.gov/on/2026-10-01/title-30/section-57.5041	us-gov-public-domain	30 CFR 57.5041; PART 57 - SAFETY AND HEALTH STANDARDS - UNDERGROUND METAL AND NONMETAL MINES; Subpart D - Air Quality, Radiation, Physical Agents, and Diesel Particulate Matter; eCFR as of 2026-10-01
cfr30-57.5042	57.5042 Revised exposure levels.	https://www.ecfr.gov/on/2026-10-01/title-30/section-57.5042	us-gov-public-domain	30 CFR 57.5042; PART 57 - SAFETY AND HEALTH STANDARDS - UNDERGROUND METAL AND NONMETAL MINES; Subpart D - Air Quality, Radiation, Physical Agents, and Diesel Particulate Matter; eCFR as of 2026-10-01
cfr30-57.5044	57.5044 Respirators.	https://www.ecfr.gov/on/2026-10-01/title-30/section-57.5044	us-gov-public-domain	30 CFR 57.5044; PART 57 - SAFETY AND HEALTH STANDARDS - UNDERGROUND METAL AND NONMETAL MINES; Subpart D - Air Quality, Radiation, Physical Agents, and Diesel Particulate Matter; eCFR as of 2026-10-01
cfr30-57.5045	57.5045 Posting of inactive workings.	https://www.ecfr.gov/on/2026-10-01/title-30/section-57.5045	us-gov-public-domain	30 CFR 57.5045; PART 57 - SAFETY AND HEALTH STANDARDS - UNDERGROUND METAL AND NONMETAL MINES; Subpart D - Air Quality, Radiation, Physical Agents, and Diesel Particulate Matter; eCFR as of 2026-10-01
cfr30-57.5046	57.5046 Protection against radon gas.	https://www.ecfr.gov/on/2026-10-01/title-30/section-57.5046	us-gov-public-domain	30 CFR 57.5046; PART 57 - SAFETY AND HEALTH STANDARDS - UNDERGROUND METAL AND NONMETAL MINES; Subpart D - Air Quality, Radiation, Physical Agents, and Diesel Particulate Matter; eCFR as of 2026-10-01
cfr30-57.5047	57.5047 Gamma radiation surveys.	https://www.ecfr.gov/on/2026-10-01/title-30/section-57.5047	us-gov-public-domain	30 CFR 57.5047; PART 57 - SAFETY AND HEALTH STANDARDS - UNDERGROUND METAL AND NONMETAL MINES; Subpart D - Air Quality, Radiation, Physical Agents, and Diesel Particulate Matter; eCFR as of 2026-10-01
cfr30-57.5060	57.5060 Limit on exposure to diesel particulate matter.	https://www.ecfr.gov/on/2026-10-01/title-30/section-57.5060	us-gov-public-domain	30 CFR 57.5060; PART 57 - SAFETY AND HEALTH STANDARDS - UNDERGROUND METAL AND NONMETAL MINES; Subpart D - Air Quality, Radiation, Physical Agents, and Diesel Particulate Matter; eCFR as of 2026-10-01
cfr30-57.5061	57.5061 Compliance determinations.	https://www.ecfr.gov/on/2026-10-01/title-30/section-57.5061	us-gov-public-domain	30 CFR 57.5061; PART 57 - SAFETY AND HEALTH STANDARDS - UNDERGROUND METAL AND NONMETAL MINES; Subpart D - Air Quality, Radiation, Physical Agents, and Diesel Particulate Matter; eCFR as of 2026-10-01
cfr30-57.5065	57.5065 Fueling practices.	https://www.ecfr.gov/on/2026-10-01/title-30/section-57.5065	us-gov-public-domain	30 CFR 57.5065; PART 57 - SAFETY AND HEALTH STANDARDS - UNDERGROUND METAL AND NONMETAL MINES; Subpart D - Air Quality, Radiation, Physical Agents, and Diesel Particulate Matter; eCFR as of 2026-10-01
cfr30-57.5066	57.5066 Maintenance standards.	https://www.ecfr.gov/on/2026-10-01/title-30/section-57.5066	us-gov-public-domain	30 CFR 57.5066; PART 57 - SAFETY AND HEALTH STANDARDS - UNDERGROUND METAL AND NONMETAL MINES; Subpart D - Air Quality, Radiation, Physical Agents, and Diesel Particulate Matter; eCFR as of 2026-10-01
cfr30-57.5067	57.5067 Engines.	https://www.ecfr.gov/on/2026-10-01/title-30/section-57.5067	us-gov-public-domain	30 CFR 57.5067; PART 57 - SAFETY AND HEALTH STANDARDS - UNDERGROUND METAL AND NONMETAL MINES; Subpart D - Air Quality, Radiation, Physical Agents, and Diesel Particulate Matter; eCFR as of 2026-10-01
cfr30-57.5070	57.5070 Miner training.	https://www.ecfr.gov/on/2026-10-01/title-30/section-57.5070	us-gov-public-domain	30 CFR 57.5070; PART 57 - SAFETY AND HEALTH STANDARDS - UNDERGROUND METAL AND NONMETAL MINES; Subpart D - Air Quality, Radiation, Physical Agents, and Diesel Particulate Matter; eCFR as of 2026-10-01
cfr30-57.5071	57.5071 Exposure monitoring.	https://www.ecfr.gov/on/2026-10-01/title-30/section-57.5071	us-gov-public-domain	30 CFR 57.5071; PART 57 - SAFETY AND HEALTH STANDARDS - UNDERGROUND METAL AND NONMETAL MINES; Subpart D - Air Quality, Radiation, Physical Agents, and Diesel Particulate Matter; eCFR as of 2026-10-01
cfr30-57.5075	57.5075 Diesel particulate records.	https://www.ecfr.gov/on/2026-10-01/title-30/section-57.5075	us-gov-public-domain	30 CFR 57.5075; PART 57 - SAFETY AND HEALTH STANDARDS - UNDERGROUND METAL AND NONMETAL MINES; Subpart D - Air Quality, Radiation, Physical Agents, and Diesel Particulate Matter; eCFR as of 2026-10-01
cfr30-57.6000	57.6000 Definitions.	https://www.ecfr.gov/on/2026-10-01/title-30/section-57.6000	us-gov-public-domain	30 CFR 57.6000; PART 57 - SAFETY AND HEALTH STANDARDS - UNDERGROUND METAL AND NONMETAL MINES; Subpart E - Explosives; eCFR as of 2026-10-01
cfr30-57.6100	57.6100 Separation of stored explosive material.	https://www.ecfr.gov/on/2026-10-01/title-30/section-57.6100	us-gov-public-domain	30 CFR 57.6100; PART 57 - SAFETY AND HEALTH STANDARDS - UNDERGROUND METAL AND NONMETAL MINES; Subpart E - Explosives; eCFR as of 2026-10-01
cfr30-57.6101	57.6101 Areas around explosive material storage facilities.	https://www.ecfr.gov/on/2026-10-01/title-30/section-57.6101	us-gov-public-domain	30 CFR 57.6101; PART 57 - SAFETY AND HEALTH STANDARDS - UNDERGROUND METAL AND NONMETAL MINES; Subpart E - Explosives; eCFR as of 2026-10-01
cfr30-57.6102	57.6102 Explosive material storage practices.	https://www.ecfr.gov/on/2026-10-01/title-30/section-57.6102	us-gov-public-domain	30 CFR 57.6102; PART 57 - SAFETY AND HEALTH STANDARDS - UNDERGROUND METAL AND NONMETAL MINES; Subpart E - Explosives; eCFR as of 2026-10-01
cfr30-57.6130	57.6130 Explosive material storage facilities.	https://www.ecfr.gov/on/2026-10-01/title-30/section-57.6130	us-gov-public-domain	30 CFR 57.6130; PART 57 - SAFETY AND HEALTH STANDARDS - UNDERGROUND METAL AND NONMETAL MINES; Subpart E - Explosives; eCFR as of 2026-10-01
cfr30-57.6131	57.6131 Location of explosive material storage facilities.	https://www.ecfr.gov/on/2026-10-01/title-30/section-57.6131	us-gov-public-domain	30 CFR 57.6131; PART 57 - SAFETY AND HEALTH STANDARDS - UNDERGROUND METAL AND NONMETAL MINES; Subpart E - Explosives; eCFR as of 2026-10-01
cfr30-57.6132	57.6132 Magazine requirements.	https://www.ecfr.gov/on/2026-10-01/title-30/section-57.6132	us-gov-public-domain	30 CFR 57.6132; PART 57 - SAFETY AND HEALTH STANDARDS - UNDERGROUND METAL AND NONMETAL MINES; Subpart E - Explosives; eCFR as of 2026-10-01
cfr30-57.6133	57.6133 Powder chests.	https://www.ecfr.gov/on/2026-10-01/title-30/section-57.6133	us-gov-public-domain	30 CFR 57.6133; PART 57 - SAFETY AND HEALTH STANDARDS - UNDERGROUND METAL AND NONMETAL MINES; Subpart E - Explosives; eCFR as of 2026-10-01
cfr30-57.6160	57.6160 Main facilities.	https://www.ecfr.gov/on/2026-10-01/title-30/section-57.6160	us-gov-public-domain	30 CFR 57.6160; PART 57 - SAFETY AND HEALTH STANDARDS - UNDERGROUND METAL AND NONMETAL MINES; Subpart E - Explosives; eCFR as of 2026-10-01
cfr30-57.6161	57.6161 Auxiliary facilities.	https://www.ecfr.gov/on/2026-10-01/title-30/section-57.6161	us-gov-public-domain	30 CFR 57.6161; PART 57 - SAFETY AND HEALTH STANDARDS - UNDERGROUND METAL AND NONMETAL MINES; Subpart E - Explosives; eCFR as of 2026-10-01
cfr30-57.6200	57.6200 Delivery to storage or blast site areas.	https://www.ecfr.gov/on/2026-10-01/title-30/section-57.6200	us-gov-public-domain	30 CFR 57.6200; PART 57 - SAFETY AND HEALTH STANDARDS - UNDERGROUND METAL AND NONMETAL MINES; Subpart E - Explosives; eCFR as of 2026-10-01
cfr30-57.6201	57.6201 Separation of transported explosive material.	https://www.ecfr.gov/on/2026-10-01/title-30/section-57.6201	us-gov-public-domain	30 CFR 57.6201; PART 57 - SAFETY AND HEALTH STANDARDS - UNDERGROUND METAL AND NONMETAL MINES; Subpart E - Explosives; eCFR as of 2026-10-01
cfr30-57.6202	57.6202 Vehicles.	https://www.ecfr.gov/on/2026-10-01/title-30/section-57.6202	us-gov-public-domain	30 CFR 57.6202; PART 57 - SAFETY AND HEALTH STANDARDS - UNDERGROUND METAL AND NONMETAL MINES; Subpart E - Explosives; eCFR as of 2026-10-01
cfr30-57.6203	57.6203 Locomotives.	https://www.ecfr.gov/on/2026-10-01/title-30/section-57.6203	us-gov-public-domain	30 CFR 57.6203; PART 57 - SAFETY AND HEALTH STANDARDS - UNDERGROUND METAL AND NONMETAL MINES; Subpart E - Explosives; eCFR as of 2026-10-01
cfr30-57.6204	57.6204 Hoists.	https://www.ecfr.gov/on/2026-10-01/title-30/section-57.6204	us-gov-public-domain	30 CFR 57.6204; PART 57 - SAFETY AND HEALTH STANDARDS - UNDERGROUND METAL AND NONMETAL MINES; Subpart E - Explosives; eCFR as of 2026-10-01
cfr30-57.6205	57.6205 Conveying explosives by hand.	https://www.ecfr.gov/on/2026-10-01/title-30/section-57.6205	us-gov-public-domain	30 CFR 57.6205; PART 57 - SAFETY AND HEALTH STANDARDS - UNDERGROUND METAL AND NONMETAL MINES; Subpart E - Explosives; eCFR as of 2026-10-01
cfr30-57.6300	57.6300 Control of blasting operations.	https://www.ecfr.gov/on/2026-10-01/title-30/section-57.6300	us-gov-public-domain	30 CFR 57.6300; PART 57 - SAFETY AND HEALTH STANDARDS - UNDERGROUND METAL AND NONMETAL MINES; Subpart E - Explosives; eCFR as of 2026-10-01
cfr30-57.6301	57.6301 Blasthole obstruction check.	https://www.ecfr.gov/on/2026-10-01/title-30/section-57.6301	us-gov-public-domain	30 CFR 57.6301; PART 57 - SAFETY AND HEALTH STANDARDS - UNDERGROUND METAL AND NONMETAL MINES; Subpart E - Explosives; eCFR as of 2026-10-01
cfr30-57.6302	57.6302 Separation of explosive material.	https://www.ecfr.gov/on/2026-10-01/title-30/section-57.6302	us-gov-public-domain	30 CFR 57.6302; PART 57 - SAFETY AND HEALTH STANDARDS - UNDERGROUND METAL AND NONMETAL MINES; Subpart E - Explosives; eCFR as of 2026-10-01
cfr30-57.6303	57.6303 Initiation preparation.	https://www.ecfr.gov/on/2026-10-01/title-30/section-57.6303	us-gov-public-domain	30 CFR 57.6303; PART 57 - SAFETY AND HEALTH STANDARDS - UNDERGROUND METAL AND NONMETAL MINES; Subpart E - Explosives; eCFR as of 2026-10-01
cfr30-57.6304	57.6304 Primer protection.	https://www.ecfr.gov/on/2026-10-01/title-30/section-57.6304	us-gov-public-domain	30 CFR 57.6304; PART 57 - SAFETY AND HEALTH STANDARDS - UNDERGROUND METAL AND NONMETAL MINES; Subpart E - Explosives; eCFR as of 2026-10-01
cfr30-57.6305	57.6305 Unused explosive material.	https://www.ecfr.gov/on/2026-10-01/title-30/section-57.6305	us-gov-public-domain	30 CFR 57.6305; PART 57 - SAFETY AND HEALTH STANDARDS - UNDERGROUND METAL AND NONMETAL MINES; Subpart E - Explosives; eCFR as of 2026-10-01
cfr30-57.6306	57.6306 Loading, blasting, and security.	https://www.ecfr.gov/on/2026-10-01/title-30/section-57.6306	us-gov-public-domain	30 CFR 57.6306; PART 57 - SAFETY AND HEALTH STANDARDS - UNDERGROUND METAL AND NONMETAL MINES; Subpart E - Explosives; eCFR as of 2026-10-01
cfr30-57.6307	57.6307 Drill stem loading.	https://www.ecfr.gov/on/2026-10-01/title-30/section-57.6307	us-gov-public-domain	30 CFR 57.6307; PART 57 - SAFETY AND HEALTH STANDARDS - UNDERGROUND METAL AND NONMETAL MINES; Subpart E - Explosives; eCFR as of 2026-10-01
cfr30-57.6308	57.6308 Initiation systems.	https://www.ecfr.gov/on/2026-10-01/title-30/section-57.6308	us-gov-public-domain	30 CFR 57.6308; PART 57 - SAFETY AND HEALTH STANDARDS - UNDERGROUND METAL AND NONMETAL MINES; Subpart E - Explosives; eCFR as of 2026-10-01
cfr30-57.6309	57.6309 Fuel oil requirements for ANFO.	https://www.ecfr.gov/on/2026-10-01/title-30/section-57.6309	us-gov-public-domain	30 CFR 57.6309; PART 57 - SAFETY AND HEALTH STANDARDS - UNDERGROUND METAL AND NONMETAL MINES; Subpart E - Explosives; eCFR as of 2026-10-01
cfr30-57.6310	57.6310 Misfire waiting period.	https://www.ecfr.gov/on/2026-10-01/title-30/section-57.6310	us-gov-public-domain	30 CFR 57.6310; PART 57 - SAFETY AND HEALTH STANDARDS - UNDERGROUND METAL AND NONMETAL MINES; Subpart E - Explosives; eCFR as of 2026-10-01
cfr30-57.6311	57.6311 Handling of misfires.	https://www.ecfr.gov/on/2026-10-01/title-30/section-57.6311	us-gov-public-domain	30 CFR 57.6311; PART 57 - SAFETY AND HEALTH STANDARDS - UNDERGROUND METAL AND NONMETAL MINES; Subpart E - Explosives; eCFR as of 2026-10-01
cfr30-57.6312	57.6312 Secondary blasting.	https://www.ecfr.gov/on/2026-10-01/title-30/section-57.6312	us-gov-public-domain	30 CFR 57.6312; PART 57 - SAFETY AND HEALTH STANDARDS - UNDERGROUND METAL AND NONMETAL MINES; Subpart E - Explosives; eCFR as of 2026-10-01
cfr30-57.6400	57.6400 Compatibility of electric detonators.	https://www.ecfr.gov/on/2026-10-01/title-30/section-57.6400	us-gov-public-domain	30 CFR 57.6400; PART 57 - SAFETY AND HEALTH STANDARDS - UNDERGROUND METAL AND NONMETAL MINES; Subpart E - Explosives; eCFR as of 2026-10-01
cfr30-57.6401	57.6401 Shunting.	https://www.ecfr.gov/on/2026-10-01/title-30/section-57.6401	us-gov-public-domain	30 CFR 57.6401; PART 57 - SAFETY AND HEALTH STANDARDS - UNDERGROUND METAL AND NONMETAL MINES; Subpart E - Explosives; eCFR as of 2026-10-01
cfr30-57.6402	57.6402 Deenergized circuits near detonators.	https://www.ecfr.gov/on/2026-10-01/title-30/section-57.6402	us-gov-public-domain	30 CFR 57.6402; PART 57 - SAFETY AND HEALTH STANDARDS - UNDERGROUND METAL AND NONMETAL MINES; Subpart E - Explosives; eCFR as of 2026-10-01
cfr30-57.6403	57.6403 Branch circuits.	https://www.ecfr.gov/on/2026-10-01/title-30/section-57.6403	us-gov-public-domain	30 CFR 57.6403; PART 57 - SAFETY AND HEALTH STANDARDS - UNDERGROUND METAL AND NONMETAL MINES; Subpart E - Explosives; eCFR as of 2026-10-01
cfr30-57.6404	57.6404 Separation of blasting circuits from power source.	https://www.ecfr.gov/on/2026-10-01/title-30/section-57.6404	us-gov-public-domain	30 CFR 57.6404; PART 57 - SAFETY AND HEALTH STANDARDS - UNDERGROUND METAL AND NONMETAL MINES; Subpart E - Explosives; eCFR as of 2026-10-01
cfr30-57.6405	57.6405 Firing devices.	https://www.ecfr.gov/on/2026-10-01/title-30/section-57.6405	us-gov-public-domain	30 CFR 57.6405; PART 57 - SAFETY AND HEALTH STANDARDS - UNDERGROUND METAL AND NONMETAL MINES; Subpart E - Explosives; eCFR as of 2026-10-01
cfr30-57.6406	57.6406 Duration of current flow.	https://www.ecfr.gov/on/2026-10-01/title-30/section-57.6406	us-gov-public-domain	30 CFR 57.6406; PART 57 - SAFETY AND HEALTH STANDARDS - UNDERGROUND METAL AND NONMETAL MINES; Subpart E - Explosives; eCFR as of 2026-10-01
cfr30-57.6407	57.6407 Circuit testing.	https://www.ecfr.gov/on/2026-10-01/title-30/section-57.6407	us-gov-public-domain	30 CFR 57.6407; PART 57 - SAFETY AND HEALTH STANDARDS - UNDERGROUND METAL AND NONMETAL MINES; Subpart E - Explosives; eCFR as of 2026-10-01
cfr30-57.6500	57.6500 Damaged initiating material.	https://www.ecfr.gov/on/2026-10-01/title-30/section-57.6500	us-gov-public-domain	30 CFR 57.6500; PART 57 - SAFETY AND HEALTH STANDARDS - UNDERGROUND METAL AND NONMETAL MINES; Subpart E - Explosives; eCFR as of 2026-10-01
cfr30-57.6501	57.6501 Nonelectric initiation systems.	https://www.ecfr.gov/on/2026-10-01/title-30/section-57.6501	us-gov-public-domain	30 CFR 57.6501; PART 57 - SAFETY AND HEALTH STANDARDS - UNDERGROUND METAL AND NONMETAL MINES; Subpart E - Explosives; eCFR as of 2026-10-01
cfr30-57.6502	57.6502 Safety fuse.	https://www.ecfr.gov/on/2026-10-01/title-30/section-57.6502	us-gov-public-domain	30 CFR 57.6502; PART 57 - SAFETY AND HEALTH STANDARDS - UNDERGROUND METAL AND NONMETAL MINES; Subpart E - Explosives; eCFR as of 2026-10-01
cfr30-57.6600	57.6600 Loading practices.	https://www.ecfr.gov/on/2026-10-01/title-30/section-57.6600	us-gov-public-domain	30 CFR 57.6600; PART 57 - SAFETY AND HEALTH STANDARDS - UNDERGROUND METAL AND NONMETAL MINES; Subpart E - Explosives; eCFR as of 2026-10-01
cfr30-57.6601	57.6601 Grounding.	https://www.ecfr.gov/on/2026-10-01/title-30/section-57.6601	us-gov-public-domain	30 CFR 57.6601; PART 57 - SAFETY AND HEALTH STANDARDS - UNDERGROUND METAL AND NONMETAL MINES; Subpart E - Explosives; eCFR as of 2026-10-01
cfr30-57.6602	57.6602 Static electricity dissipation during loading.	https://www.ecfr.gov/on/2026-10-01/title-30/section-57.6602	us-gov-public-domain	30 CFR 57.6602; PART 57 - SAFETY AND HEALTH STANDARDS - UNDERGROUND METAL AND NONMETAL MINES; Subpart E - Explosives; eCFR as of 2026-10-01
cfr30-57.6603	57.6603 Air gap.	https://www.ecfr.gov/on/2026-10-01/title-30/section-57.6603	us-gov-public-domain	30 CFR 57.6603; PART 57 - SAFETY AND HEALTH STANDARDS - UNDERGROUND METAL AND NONMETAL MINES; Subpart E - Explosives; eCFR as of 2026-10-01
cfr30-57.6604	57.6604 Precautions during storms.	https://www.ecfr.gov/on/2026-10-01/title-30/section-57.6604	us-gov-public-domain	30 CFR 57.6604; PART 57 - SAFETY AND HEALTH STANDARDS - UNDERGROUND METAL AND NONMETAL MINES; Subpart E - Explosives; eCFR as of 2026-10-01
cfr30-57.6605	57.6605 Isolation of blasting circuits.	https://www.ecfr.gov/on/2026-10-01/title-30/section-57.6605	us-gov-public-domain	30 CFR 57.6605; PART 57 - SAFETY AND HEALTH STANDARDS - UNDERGROUND METAL AND NONMETAL MINES; Subpart E - Explosives; eCFR as of 2026-10-01
cfr30-57.6700	57.6700 Nonsparking tools.	https://www.ecfr.gov/on/2026-10-01/title-30/section-57.6700	us-gov-public-domain	30 CFR 57.6700; PART 57 - SAFETY AND HEALTH STANDARDS - UNDERGROUND METAL AND NONMETAL MINES; Subpart E - Explosives; eCFR as of 2026-10-01
cfr30-57.6701	57.6701 Tamping and loading pole requirements.	https://www.ecfr.gov/on/2026-10-01/title-30/section-57.6701	us-gov-public-domain	30 CFR 57.6701; PART 57 - SAFETY AND HEALTH STANDARDS - UNDERGROUND METAL AND NONMETAL MINES; Subpart E - Explosives; eCFR as of 2026-10-01
cfr30-57.6800	57.6800 Storage facilities.	https://www.ecfr.gov/on/2026-10-01/title-30/section-57.6800	us-gov-public-domain	30 CFR 57.6800; PART 57 - SAFETY AND HEALTH STANDARDS - UNDERGROUND METAL AND NONMETAL MINES; Subpart E - Explosives; eCFR as of 2026-10-01
cfr30-57.6801	57.6801 Vehicle repair.	https://www.ecfr.gov/on/2026-10-01/title-30/section-57.6801	us-gov-public-domain	30 CFR 57.6801; PART 57 - SAFETY AND HEALTH STANDARDS - UNDERGROUND METAL AND NONMETAL MINES; Subpart E - Explosives; eCFR as of 2026-10-01
cfr30-57.6802	57.6802 Bulk delivery vehicles.	https://www.ecfr.gov/on/2026-10-01/title-30/section-57.6802	us-gov-public-domain	30 CFR 57.6802; PART 57 - SAFETY AND HEALTH STANDARDS - UNDERGROUND METAL AND NONMETAL MINES; Subpart E - Explosives; eCFR as of 2026-10-01
cfr30-57.6803	57.6803 Blasting lines.	https://www.ecfr.gov/on/2026-10-01/title-30/section-57.6803	us-gov-public-domain	30 CFR 57.6803; PART 57 - SAFETY AND HEALTH STANDARDS - UNDERGROUND METAL AND NONMETAL MINES; Subpart E - Explosives; eCFR as of 2026-10-01
cfr30-57.6900	57.6900 Damaged or deteriorated explosive material.	https://www.ecfr.gov/on/2026-10-01/title-30/section-57.6900	us-gov-public-domain	30 CFR 57.6900; PART 57 - SAFETY AND HEALTH STANDARDS - UNDERGROUND METAL AND NONMETAL MINES; Subpart E - Explosives; eCFR as of 2026-10-01
cfr30-57.6901	57.6901 Black powder.	https://www.ecfr.gov/on/2026-10-01/title-30/section-57.6901	us-gov-public-domain	30 CFR 57.6901; PART 57 - SAFETY AND HEALTH STANDARDS - UNDERGROUND METAL AND NONMETAL MINES; Subpart E - Explosives; eCFR as of 2026-10-01
cfr30-57.6902	57.6902 Excessive temperatures.	https://www.ecfr.gov/on/2026-10-01/title-30/section-57.6902	us-gov-public-domain	30 CFR 57.6902; PART 57 - SAFETY AND HEALTH STANDARDS - UNDERGROUND METAL AND NONMETAL MINES; Subpart E - Explosives; eCFR as of 2026-10-01
cfr30-57.6903	57.6903 Burning explosive material.	https://www.ecfr.gov/on/2026-10-01/title-30/section-57.6903	us-gov-public-domain	30 CFR 57.6903; PART 57 - SAFETY AND HEALTH STANDARDS - UNDERGROUND METAL AND NONMETAL MINES; Subpart E - Explosives; eCFR as of 2026-10-01
cfr30-57.6904	57.6904 Smoking and open flames.	https://www.ecfr.gov/on/2026-10-01/title-30/section-57.6904	us-gov-public-domain	30 CFR 57.6904; PART 57 - SAFETY AND HEALTH STANDARDS - UNDERGROUND METAL AND NONMETAL MINES; Subpart E - Explosives; eCFR as of 2026-10-01
cfr30-57.6905	57.6905 Protection of explosive material.	https://www.ecfr.gov/on/2026-10-01/title-30/section-57.6905	us-gov-public-domain	30 CFR 57.6905; PART 57 - SAFETY AND HEALTH STANDARDS - UNDERGROUND METAL AND NONMETAL MINES; Subpart E - Explosives; eCFR as of 2026-10-01
cfr30-57.6960	57.6960 Mixing of explosive material.	https://www.ecfr.gov/on/2026-10-01/title-30/section-57.6960	us-gov-public-domain	30 CFR 57.6960; PART 57 - SAFETY AND HEALTH STANDARDS - UNDERGROUND METAL AND NONMETAL MINES; Subpart E - Explosives; eCFR as of 2026-10-01
cfr30-57.7002	57.7002 Equipment defects.	https://www.ecfr.gov/on/2026-10-01/title-30/section-57.7002	us-gov-public-domain	30 CFR 57.7002; PART 57 - SAFETY AND HEALTH STANDARDS - UNDERGROUND METAL AND NONMETAL MINES; Subpart F - Drilling and Rotary Jet Piercing; eCFR as of 2026-10-01
cfr30-57.7003	57.7003 Drill area inspection.	https://www.ecfr.gov/on/2026-10-01/title-30/section-57.7003	us-gov-public-domain	30 CFR 57.7003; PART 57 - SAFETY AND HEALTH STANDARDS - UNDERGROUND METAL AND NONMETAL MINES; Subpart F - Drilling and Rotary Jet Piercing; eCFR as of 2026-10-01
cfr30-57.7004	57.7004 Drill mast.	https://www.ecfr.gov/on/2026-10-01/title-30/section-57.7004	us-gov-public-domain	30 CFR 57.7004; PART 57 - SAFETY AND HEALTH STANDARDS - UNDERGROUND METAL AND NONMETAL MINES; Subpart F - Drilling and Rotary Jet Piercing; eCFR as of 2026-10-01
cfr30-57.7005	57.7005 Augers and drill stems.	https://www.ecfr.gov/on/2026-10-01/title-30/section-57.7005	us-gov-public-domain	30 CFR 57.7005; PART 57 - SAFETY AND HEALTH STANDARDS - UNDERGROUND METAL AND NONMETAL MINES; Subpart F - Drilling and Rotary Jet Piercing; eCFR as of 2026-10-01
cfr30-57.7008	57.7008 Moving the drill.	https://www.ecfr.gov/on/2026-10-01/title-30/section-57.7008	us-gov-public-domain	30 CFR 57.7008; PART 57 - SAFETY AND HEALTH STANDARDS - UNDERGROUND METAL AND NONMETAL MINES; Subpart F - Drilling and Rotary Jet Piercing; eCFR as of 2026-10-01
cfr30-57.7009	57.7009 Drill helpers.	https://www.ecfr.gov/on/2026-10-01/title-30/section-57.7009	us-gov-public-domain	30 CFR 57.7009; PART 57 - SAFETY AND HEALTH STANDARDS - UNDERGROUND METAL AND NONMETAL MINES; Subpart F - Drilling and Rotary Jet Piercing; eCFR as of 2026-10-01
cfr30-57.7010	57.7010 Power failures.	https://www.ecfr.gov/on/2026-10-01/title-30/section-57.7010	us-gov-public-domain	30 CFR 57.7010; PART 57 - SAFETY AND HEALTH STANDARDS - UNDERGROUND METAL AND NONMETAL MINES; Subpart F - Drilling and Rotary Jet Piercing; eCFR as of 2026-10-01
cfr30-57.7011	57.7011 Straightening crossed cables.	https://www.ecfr.gov/on/2026-10-01/title-30/section-57.7011	us-gov-public-domain	30 CFR 57.7011; PART 57 - SAFETY AND HEALTH STANDARDS - UNDERGROUND METAL AND NONMETAL MINES; Subpart F - Drilling and Rotary Jet Piercing; eCFR as of 2026-10-01
cfr30-57.7012	57.7012 Tending drills in operation.	https://www.ecfr.gov/on/2026-10-01/title-30/section-57.7012	us-gov-public-domain	30 CFR 57.7012; PART 57 - SAFETY AND HEALTH STANDARDS - UNDERGROUND METAL AND NONMETAL MINES; Subpart F - Drilling and Rotary Jet Piercing; eCFR as of 2026-10-01
cfr30-57.7013	57.7013 Covering or guarding drill holes.	https://www.ecfr.gov/on/2026-10-01/title-30/section-57.7013	us-gov-public-domain	30 CFR 57.7013; PART 57 - SAFETY AND HEALTH STANDARDS - UNDERGROUND METAL AND NONMETAL MINES; Subpart F - Drilling and Rotary Jet Piercing; eCFR as of 2026-10-01
cfr30-57.7018	57.7018 Hand clearance.	https://www.ecfr.gov/on/2026-10-01/title-30/section-57.7018	us-gov-public-domain	30 CFR 57.7018; PART 57 - SAFETY AND HEALTH STANDARDS - UNDERGROUND METAL AND NONMETAL MINES; Subpart F - Drilling and Rotary Jet Piercing; eCFR as of 2026-10-01
cfr30-57.7028	57.7028 Hand clearance.	https://www.ecfr.gov/on/2026-10-01/title-30/section-57.7028	us-gov-public-domain	30 CFR 57.7028; PART 57 - SAFETY AND HEALTH STANDARDS - UNDERGROUND METAL AND NONMETAL MINES; Subpart F - Drilling and Rotary Jet Piercing; eCFR as of 2026-10-01
cfr30-57.7032	57.7032 Anchoring.	https://www.ecfr.gov/on/2026-10-01/title-30/section-57.7032	us-gov-public-domain	30 CFR 57.7032; PART 57 - SAFETY AND HEALTH STANDARDS - UNDERGROUND METAL AND NONMETAL MINES; Subpart F - Drilling and Rotary Jet Piercing; eCFR as of 2026-10-01
cfr30-57.7050	57.7050 Tool and drill steel racks.	https://www.ecfr.gov/on/2026-10-01/title-30/section-57.7050	us-gov-public-domain	30 CFR 57.7050; PART 57 - SAFETY AND HEALTH STANDARDS - UNDERGROUND METAL AND NONMETAL MINES; Subpart F - Drilling and Rotary Jet Piercing; eCFR as of 2026-10-01
cfr30-57.7051	57.7051 Loose objects on the mast or drill platform.	https://www.ecfr.gov/on/2026-10-01/title-30/section-57.7051	us-gov-public-domain	30 CFR 57.7051; PART 57 - SAFETY AND HEALTH STANDARDS - UNDERGROUND METAL AND NONMETAL MINES; Subpart F - Drilling and Rotary Jet Piercing; eCFR as of 2026-10-01
cfr30-57.7052	57.7052 Drilling positions.	https://www.ecfr.gov/on/2026-10-01/title-30/section-57.7052	us-gov-public-domain	30 CFR 57.7052; PART 57 - SAFETY AND HEALTH STANDARDS - UNDERGROUND METAL AND NONMETAL MINES; Subpart F - Drilling and Rotary Jet Piercing; eCFR as of 2026-10-01
cfr30-57.7053	57.7053 Moving hand-held drills.	https://www.ecfr.gov/on/2026-10-01/title-30/section-57.7053	us-gov-public-domain	30 CFR 57.7053; PART 57 - SAFETY AND HEALTH STANDARDS - UNDERGROUND METAL AND NONMETAL MINES; Subpart F - Drilling and Rotary Jet Piercing; eCFR as of 2026-10-01
cfr30-57.7054	57.7054 Starting or moving drill equipment.	https://www.ecfr.gov/on/2026-10-01/title-30/section-57.7054	us-gov-public-domain	30 CFR 57.7054; PART 57 - SAFETY AND HEALTH STANDARDS - UNDERGROUND METAL AND NONMETAL MINES; Subpart F - Drilling and Rotary Jet Piercing; eCFR as of 2026-10-01
cfr30-57.7055	57.7055 Intersecting holes.	https://www.ecfr.gov/on/2026-10-01/title-30/section-57.7055	us-gov-public-domain	30 CFR 57.7055; PART 57 - SAFETY AND HEALTH STANDARDS - UNDERGROUND METAL AND NONMETAL MINES; Subpart F - Drilling and Rotary Jet Piercing; eCFR as of 2026-10-01
cfr30-57.7056	57.7056 Collaring in bootlegs.	https://www.ecfr.gov/on/2026-10-01/title-30/section-57.7056	us-gov-public-domain	30 CFR 57.7056; PART 57 - SAFETY AND HEALTH STANDARDS - UNDERGROUND METAL AND NONMETAL MINES; Subpart F - Drilling and Rotary Jet Piercing; eCFR as of 2026-10-01
cfr30-57.7801	57.7801 Jet drills.	https://www.ecfr.gov/on/2026-10-01/title-30/section-57.7801	us-gov-public-domain	30 CFR 57.7801; PART 57 - SAFETY AND HEALTH STANDARDS - UNDERGROUND METAL AND NONMETAL MINES; Subpart F - Drilling and Rotary Jet Piercing; eCFR as of 2026-10-01
cfr30-57.7802	57.7802 Oxygen hose lines.	https://www.ecfr.gov/on/2026-10-01/title-30/section-57.7802	us-gov-public-domain	30 CFR 57.7802; PART 57 - SAFETY AND HEALTH STANDARDS - UNDERGROUND METAL AND NONMETAL MINES; Subpart F - Drilling and Rotary Jet Piercing; eCFR as of 2026-10-01
cfr30-57.7803	57.7803 Lighting the burner.	https://www.ecfr.gov/on/2026-10-01/title-30/section-57.7803	us-gov-public-domain	30 CFR 57.7803; PART 57 - SAFETY AND HEALTH STANDARDS - UNDERGROUND METAL AND NONMETAL MINES; Subpart F - Drilling and Rotary Jet Piercing; eCFR as of 2026-10-01
cfr30-57.7804	57.7804 Refueling.	https://www.ecfr.gov/on/2026-10-01/title-30/section-57.7804	us-gov-public-domain	30 CFR 57.7804; PART 57 - SAFETY AND HEALTH STANDARDS - UNDERGROUND METAL AND NONMETAL MINES; Subpart F - Drilling and Rotary Jet Piercing; eCFR as of 2026-10-01
cfr30-57.7805	57.7805 Smoking and open flames.	https://www.ecfr.gov/on/2026-10-01/title-30/section-57.7805	us-gov-public-domain	30 CFR 57.7805; PART 57 - SAFETY AND HEALTH STANDARDS - UNDERGROUND METAL AND NONMETAL MINES; Subpart F - Drilling and Rotary Jet Piercing; eCFR as of 2026-10-01
cfr30-57.7806	57.7806 Oxygen intake coupling.	https://www.ecfr.gov/on/2026-10-01/title-30/section-57.7806	us-gov-public-domain	30 CFR 57.7806; PART 57 - SAFETY AND HEALTH STANDARDS - UNDERGROUND METAL AND NONMETAL MINES; Subpart F - Drilling and Rotary Jet Piercing; eCFR as of 2026-10-01
cfr30-57.7807	57.7807 Flushing the combustion chamber.	https://www.ecfr.gov/on/2026-10-01/title-30/section-57.7807	us-gov-public-domain	30 CFR 57.7807; PART 57 - SAFETY AND HEALTH STANDARDS - UNDERGROUND METAL AND NONMETAL MINES; Subpart F - Drilling and Rotary Jet Piercing; eCFR as of 2026-10-01
cfr30-57.8518	57.8518 Main and booster fans.	https://www.ecfr.gov/on/2026-10-01/title-30/section-57.8518	us-gov-public-domain	30 CFR 57.8518; PART 57 - SAFETY AND HEALTH STANDARDS - UNDERGROUND METAL AND NONMETAL MINES; Subpart G - Ventilation; eCFR as of 2026-10-01
cfr30-57.8519	57.8519 Underground main fan controls.	https://www.ecfr.gov/on/2026-10-01/title-30/section-57.8519	us-gov-public-domain	30 CFR 57.8519; PART 57 - SAFETY AND HEALTH STANDARDS - UNDERGROUND METAL AND NONMETAL MINES; Subpart G - Ventilation; eCFR as of 2026-10-01
cfr30-57.8520	57.8520 Ventilation plan.	https://www.ecfr.gov/on/2026-10-01/title-30/section-57.8520	us-gov-public-domain	30 CFR 57.8520; PART 57 - SAFETY AND HEALTH STANDARDS - UNDERGROUND METAL AND NONMETAL MINES; Subpart G - Ventilation; eCFR as of 2026-10-01
cfr30-57.8525	57.8525 Main fan maintenance.	https://www.ecfr.gov/on/2026-10-01/title-30/section-57.8525	us-gov-public-domain	30 CFR 57.8525; PART 57 - SAFETY AND HEALTH STANDARDS - UNDERGROUND METAL AND NONMETAL MINES; Subpart G - Ventilation; eCFR as of 2026-10-01
cfr30-57.8527	57.8527 Oxygen-deficiency testing.	https://www.ecfr.gov/on/2026-10-01/title-30/section-57.8527	us-gov-public-domain	30 CFR 57.8527; PART 57 - SAFETY AND HEALTH STANDARDS - UNDERGROUND METAL AND NONMETAL MINES; Subpart G - Ventilation; eCFR as of 2026-10-01
cfr30-57.8528	57.8528 Unventilated areas.	https://www.ecfr.gov/on/2026-10-01/title-30/section-57.8528	us-gov-public-domain	30 CFR 57.8528; PART 57 - SAFETY AND HEALTH STANDARDS - UNDERGROUND METAL AND NONMETAL MINES; Subpart G - Ventilation; eCFR as of 2026-10-01
cfr30-57.8529	57.8529 Auxiliary fan systems.	https://www.ecfr.gov/on/2026-10-01/title-30/section-57.8529	us-gov-public-domain	30 CFR 57.8529; PART 57 - SAFETY AND HEALTH STANDARDS - UNDERGROUND METAL AND NONMETAL MINES; Subpart G - Ventilation; eCFR as of 2026-10-01
cfr30-57.8531	57.8531 Construction and maintenance of ventilation doors.	https://www.ecfr.gov/on/2026-10-01/title-30/section-57.8531	us-gov-public-domain	30 CFR 57.8531; PART 57 - SAFETY AND HEALTH STANDARDS - UNDERGROUND METAL AND NONMETAL MINES; Subpart G - Ventilation; eCFR as of 2026-10-01
cfr30-57.8532	57.8532 Opening and closing ventilation doors.	https://www.ecfr.gov/on/2026-10-01/title-30/section-57.8532	us-gov-public-domain	30 CFR 57.8532; PART 57 - SAFETY AND HEALTH STANDARDS - UNDERGROUND METAL AND NONMETAL MINES; Subpart G - Ventilation; eCFR as of 2026-10-01
cfr30-57.8534	57.8534 Shutdown or failure of auxiliary fans.	https://www.ecfr.gov/on/2026-10-01/title-30/section-57.8534	us-gov-public-domain	30 CFR 57.8534; PART 57 - SAFETY AND HEALTH STANDARDS - UNDERGROUND METAL AND NONMETAL MINES; Subpart G - Ventilation; eCFR as of 2026-10-01
cfr30-57.8535	57.8535 Seals.	https://www.ecfr.gov/on/2026-10-01/title-30/section-57.8535	us-gov-public-domain	30 CFR 57.8535; PART 57 - SAFETY AND HEALTH STANDARDS - UNDERGROUND METAL AND NONMETAL MINES; Subpart G - Ventilation; eCFR as of 2026-10-01
cfr30-57.9100	57.9100 Traffic control.	https://www.ecfr.gov/on/2026-10-01/title-30/section-57.9100	us-gov-public-domain	30 CFR 57.9100; PART 57 - SAFETY AND HEALTH STANDARDS - UNDERGROUND METAL AND NONMETAL MINES; Subpart H - Loading, Hauling, and Dumping; eCFR as of 2026-10-01
cfr30-57.9101	57.9101 Operating speeds and control of equipment.	https://www.ecfr.gov/on/2026-10-01/title-30/section-57.9101	us-gov-public-domain	30 CFR 57.9101; PART 57 - SAFETY AND HEALTH STANDARDS - UNDERGROUND METAL AND NONMETAL MINES; Subpart H - Loading, Hauling, and Dumping; eCFR as of 2026-10-01
cfr30-57.9102	57.9102 Movement of independently operating rail equipment.	https://www.ecfr.gov/on/2026-10-01/title-30/section-57.9102	us-gov-public-domain	30 CFR 57.9102; PART 57 - SAFETY AND HEALTH STANDARDS - UNDERGROUND METAL AND NONMETAL MINES; Subpart H - Loading, Hauling, and Dumping; eCFR as of 2026-10-01
cfr30-57.9103	57.9103 Clearance on adjacent tracks.	https://www.ecfr.gov/on/2026-10-01/title-30/section-57.9103	us-gov-public-domain	30 CFR 57.9103; PART 57 - SAFETY AND HEALTH STANDARDS - UNDERGROUND METAL AND NONMETAL MINES; Subpart H - Loading, Hauling, and Dumping; eCFR as of 2026-10-01
cfr30-57.9104	57.9104 Railroad crossings.	https://www.ecfr.gov/on/2026-10-01/title-30/section-57.9104	us-gov-public-domain	30 CFR 57.9104; PART 57 - SAFETY AND HEALTH STANDARDS - UNDERGROUND METAL AND NONMETAL MINES; Subpart H - Loading, Hauling, and Dumping; eCFR as of 2026-10-01
cfr30-57.9160	57.9160 Train movement during shift changes.	https://www.ecfr.gov/on/2026-10-01/title-30/section-57.9160	us-gov-public-domain	30 CFR 57.9160; PART 57 - SAFETY AND HEALTH STANDARDS - UNDERGROUND METAL AND NONMETAL MINES; Subpart H - Loading, Hauling, and Dumping; eCFR as of 2026-10-01
cfr30-57.9200	57.9200 Transporting persons.	https://www.ecfr.gov/on/2026-10-01/title-30/section-57.9200	us-gov-public-domain	30 CFR 57.9200; PART 57 - SAFETY AND HEALTH STANDARDS - UNDERGROUND METAL AND NONMETAL MINES; Subpart H - Loading, Hauling, and Dumping; eCFR as of 2026-10-01
cfr30-57.9201	57.9201 Loading, hauling, and unloading of equipment or supplies.	https://www.ecfr.gov/on/2026-10-01/title-30/section-57.9201	us-gov-public-domain	30 CFR 57.9201; PART 57 - SAFETY AND HEALTH STANDARDS - UNDERGROUND METAL AND NONMETAL MINES; Subpart H - Loading, Hauling, and Dumping; eCFR as of 2026-10-01
cfr30-57.9202	57.9202 Loading and hauling large rocks.	https://www.ecfr.gov/on/2026-10-01/title-30/section-57.9202	us-gov-public-domain	30 CFR 57.9202; PART 57 - SAFETY AND HEALTH STANDARDS - UNDERGROUND METAL AND NONMETAL MINES; Subpart H - Loading, Hauling, and Dumping; eCFR as of 2026-10-01
cfr30-57.9260	57.9260 Supplies, materials, and tools on mantrips.	https://www.ecfr.gov/on/2026-10-01/title-30/section-57.9260	us-gov-public-domain	30 CFR 57.9260; PART 57 - SAFETY AND HEALTH STANDARDS - UNDERGROUND METAL AND NONMETAL MINES; Subpart H - Loading, Hauling, and Dumping; eCFR as of 2026-10-01
cfr30-57.9261	57.9261 Transporting tools and materials on locomotives.	https://www.ecfr.gov/on/2026-10-01/title-30/section-57.9261	us-gov-public-domain	30 CFR 57.9261; PART 57 - SAFETY AND HEALTH STANDARDS - UNDERGROUND METAL AND NONMETAL MINES; Subpart H - Loading, Hauling, and Dumping; eCFR as of 2026-10-01
cfr30-57.9300	57.9300 Berms or guardrails.	https://www.ecfr.gov/on/2026-10-01/title-30/section-57.9300	us-gov-public-domain	30 CFR 57.9300; PART 57 - SAFETY AND HEALTH STANDARDS - UNDERGROUND METAL AND NONMETAL MINES; Subpart H - Loading, Hauling, and Dumping; eCFR as of 2026-10-01
cfr30-57.9301	57.9301 Dump site restraints.	https://www.ecfr.gov/on/2026-10-01/title-30/section-57.9301	us-gov-public-domain	30 CFR 57.9301; PART 57 - SAFETY AND HEALTH STANDARDS - UNDERGROUND METAL AND NONMETAL MINES; Subpart H - Loading, Hauling, and Dumping; eCFR as of 2026-10-01
cfr30-57.9302	57.9302 Protection against moving or runaway railroad equipment.	https://www.ecfr.gov/on/2026-10-01/title-30/section-57.9302	us-gov-public-domain	30 CFR 57.9302; PART 57 - SAFETY AND HEALTH STANDARDS - UNDERGROUND METAL AND NONMETAL MINES; Subpart H - Loading, Hauling, and Dumping; eCFR as of 2026-10-01
cfr30-57.9303	57.9303 Construction of ramps and dumping facilities.	https://www.ecfr.gov/on/2026-10-01/title-30/section-57.9303	us-gov-public-domain	30 CFR 57.9303; PART 57 - SAFETY AND HEALTH STANDARDS - UNDERGROUND METAL AND NONMETAL MINES; Subpart H - Loading, Hauling, and Dumping; eCFR as of 2026-10-01
cfr30-57.9304	57.9304 Unstable ground.	https://www.ecfr.gov/on/2026-10-01/title-30/section-57.9304	us-gov-public-domain	30 CFR 57.9304; PART 57 - SAFETY AND HEALTH STANDARDS - UNDERGROUND METAL AND NONMETAL MINES; Subpart H - Loading, Hauling, and Dumping; eCFR as of 2026-10-01
cfr30-57.9305	57.9305 Truck spotters.	https://www.ecfr.gov/on/2026-10-01/title-30/section-57.9305	us-gov-public-domain	30 CFR 57.9305; PART 57 - SAFETY AND HEALTH STANDARDS - UNDERGROUND METAL AND NONMETAL MINES; Subpart H - Loading, Hauling, and Dumping; eCFR as of 2026-10-01
cfr30-57.9306	57.9306 Warning devices for restricted clearances.	https://www.ecfr.gov/on/2026-10-01/title-30/section-57.9306	us-gov-public-domain	30 CFR 57.9306; PART 57 - SAFETY AND HEALTH STANDARDS - UNDERGROUND METAL AND NONMETAL MINES; Subpart H - Loading, Hauling, and Dumping; eCFR as of 2026-10-01
cfr30-57.9307	57.9307 Design, installation, and maintenance of railroads.	https://www.ecfr.gov/on/2026-10-01/title-30/section-57.9307	us-gov-public-domain	30 CFR 57.9307; PART 57 - SAFETY AND HEALTH STANDARDS - UNDERGROUND METAL AND NONMETAL MINES; Subpart H - Loading, Hauling, and Dumping; eCFR as of 2026-10-01
cfr30-57.9308	57.9308 Switch throws.	https://www.ecfr.gov/on/2026-10-01/title-30/section-57.9308	us-gov-public-domain	30 CFR 57.9308; PART 57 - SAFETY AND HEALTH STANDARDS - UNDERGROUND METAL AND NONMETAL MINES; Subpart H - Loading, Hauling, and Dumping; eCFR as of 2026-10-01
cfr30-57.9309	57.9309 Chute design.	https://www.ecfr.gov/on/2026-10-01/title-30/section-57.9309	us-gov-public-domain	30 CFR 57.9309; PART 57 - SAFETY AND HEALTH STANDARDS - UNDERGROUND METAL AND NONMETAL MINES; Subpart H - Loading, Hauling, and Dumping; eCFR as of 2026-10-01
cfr30-57.9310	57.9310 Chute hazards.	https://www.ecfr.gov/on/2026-10-01/title-30/section-57.9310	us-gov-public-domain	30 CFR 57.9310; PART 57 - SAFETY AND HEALTH STANDARDS - UNDERGROUND METAL AND NONMETAL MINES; Subpart H - Loading, Hauling, and Dumping; eCFR as of 2026-10-01
cfr30-57.9311	57.9311 Anchoring stationary sizing devices.	https://www.ecfr.gov/on/2026-10-01/title-30/section-57.9311	us-gov-public-domain	30 CFR 57.9311; PART 57 - SAFETY AND HEALTH STANDARDS - UNDERGROUND METAL AND NONMETAL MINES; Subpart H - Loading, Hauling, and Dumping; eCFR as of 2026-10-01
cfr30-57.9312	57.9312 Working around drawholes.	https://www.ecfr.gov/on/2026-10-01/title-30/section-57.9312	us-gov-public-domain	30 CFR 57.9312; PART 57 - SAFETY AND HEALTH STANDARDS - UNDERGROUND METAL AND NONMETAL MINES; Subpart H - Loading, Hauling, and Dumping; eCFR as of 2026-10-01
cfr30-57.9313	57.9313 Roadway maintenance.	https://www.ecfr.gov/on/2026-10-01/title-30/section-57.9313	us-gov-public-domain	30 CFR 57.9313; PART 57 - SAFETY AND HEALTH STANDARDS - UNDERGROUND METAL AND NONMETAL MINES; Subpart H - Loading, Hauling, and Dumping; eCFR as of 2026-10-01
cfr30-57.9314	57.9314 Trimming stockpile and muckpile faces.	https://www.ecfr.gov/on/2026-10-01/title-30/section-57.9314	us-gov-public-domain	30 CFR 57.9314; PART 57 - SAFETY AND HEALTH STANDARDS - UNDERGROUND METAL AND NONMETAL MINES; Subpart H - Loading, Hauling, and Dumping; eCFR as of 2026-10-01
cfr30-57.9315	57.9315 Dust control.	https://www.ecfr.gov/on/2026-10-01/title-30/section-57.9315	us-gov-public-domain	30 CFR 57.9315; PART 57 - SAFETY AND HEALTH STANDARDS - UNDERGROUND METAL AND NONMETAL MINES; Subpart H - Loading, Hauling, and Dumping; eCFR as of 2026-10-01
cfr30-57.9316	57.9316 Notifying the equipment operator.	https://www.ecfr.gov/on/2026-10-01/title-30/section-57.9316	us-gov-public-domain	30 CFR 57.9316; PART 57 - SAFETY AND HEALTH STANDARDS - UNDERGROUND METAL AND NONMETAL MINES; Subpart H - Loading, Hauling, and Dumping; eCFR as of 2026-10-01
cfr30-57.9317	57.9317 Suspended loads.	https://www.ecfr.gov/on/2026-10-01/title-30/section-57.9317	us-gov-public-domain	30 CFR 57.9317; PART 57 - SAFETY AND HEALTH STANDARDS - UNDERGROUND METAL AND NONMETAL MINES; Subpart H - Loading, Hauling, and Dumping; eCFR as of 2026-10-01
cfr30-57.9318	57.9318 Getting on or off moving equipment.	https://www.ecfr.gov/on/2026-10-01/title-30/section-57.9318	us-gov-public-domain	30 CFR 57.9318; PART 57 - SAFETY AND HEALTH STANDARDS - UNDERGROUND METAL AND NONMETAL MINES; Subpart H - Loading, Hauling, and Dumping; eCFR as of 2026-10-01
cfr30-57.9319	57.9319 Going over, under, or between railcars.	https://www.ecfr.gov/on/2026-10-01/title-30/section-57.9319	us-gov-public-domain	30 CFR 57.9319; PART 57 - SAFETY AND HEALTH STANDARDS - UNDERGROUND METAL AND NONMETAL MINES; Subpart H - Loading, Hauling, and Dumping; eCFR as of 2026-10-01
cfr30-57.9330	57.9330 Clearance for surface equipment.	https://www.ecfr.gov/on/2026-10-01/title-30/section-57.9330	us-gov-public-domain	30 CFR 57.9330; PART 57 - SAFETY AND HEALTH STANDARDS - UNDERGROUND METAL AND NONMETAL MINES; Subpart H - Loading, Hauling, and Dumping; eCFR as of 2026-10-01
cfr30-57.9360	57.9360 Shelter holes.	https://www.ecfr.gov/on/2026-10-01/title-30/section-57.9360	us-gov-public-domain	30 CFR 57.9360; PART 57 - SAFETY AND HEALTH STANDARDS - UNDERGROUND METAL AND NONMETAL MINES; Subpart H - Loading, Hauling, and Dumping; eCFR as of 2026-10-01
cfr30-57.9361	57.9361 Drawholes.	https://www.ecfr.gov/on/2026-10-01/title-30/section-57.9361	us-gov-public-domain	30 CFR 57.9361; PART 57 - SAFETY AND HEALTH STANDARDS - UNDERGROUND METAL AND NONMETAL MINES; Subpart H - Loading, Hauling, and Dumping; eCFR as of 2026-10-01
cfr30-57.9362	57.9362 Protection of signalmen.	https://www.ecfr.gov/on/2026-10-01/title-30/section-57.9362	us-gov-public-domain	30 CFR 57.9362; PART 57 - SAFETY AND HEALTH STANDARDS - UNDERGROUND METAL AND NONMETAL MINES; Subpart H - Loading, Hauling, and Dumping; eCFR as of 2026-10-01
cfr30-57.10001	57.10001 Filling buckets.	https://www.ecfr.gov/on/2026-10-01/title-30/section-57.10001	us-gov-public-domain	30 CFR 57.10001; PART 57 - SAFETY AND HEALTH STANDARDS - UNDERGROUND METAL AND NONMETAL MINES; Subpart I - Aerial Tramways; eCFR as of 2026-10-01
cfr30-57.10002	57.10002 Inspection and maintenance.	https://www.ecfr.gov/on/2026-10-01/title-30/section-57.10002	us-gov-public-domain	30 CFR 57.10002; PART 57 - SAFETY AND HEALTH STANDARDS - UNDERGROUND METAL AND NONMETAL MINES; Subpart I - Aerial Tramways; eCFR as of 2026-10-01
cfr30-57.10003	57.10003 Correction of defects.	https://www.ecfr.gov/on/2026-10-01/title-30/section-57.10003	us-gov-public-domain	30 CFR 57.10003; PART 57 - SAFETY AND HEALTH STANDARDS - UNDERGROUND METAL AND NONMETAL MINES; Subpart I - Aerial Tramways; eCFR as of 2026-10-01
cfr30-57.10004	57.10004 Brakes.	https://www.ecfr.gov/on/2026-10-01/title-30/section-57.10004	us-gov-public-domain	30 CFR 57.10004; PART 57 - SAFETY AND HEALTH STANDARDS - UNDERGROUND METAL AND NONMETAL MINES; Subpart I - Aerial Tramways; eCFR as of 2026-10-01
cfr30-57.10005	57.10005 Track cable connections.	https://www.ecfr.gov/on/2026-10-01/title-30/section-57.10005	us-gov-public-domain	30 CFR 57.10005; PART 57 - SAFETY AND HEALTH STANDARDS - UNDERGROUND METAL AND NONMETAL MINES; Subpart I - Aerial Tramways; eCFR as of 2026-10-01
cfr30-57.10006	57.10006 Tower guards.	https://www.ecfr.gov/on/2026-10-01/title-30/section-57.10006	us-gov-public-domain	30 CFR 57.10006; PART 57 - SAFETY AND HEALTH STANDARDS - UNDERGROUND METAL AND NONMETAL MINES; Subpart I - Aerial Tramways; eCFR as of 2026-10-01
cfr30-57.10007	57.10007 Falling object protection.	https://www.ecfr.gov/on/2026-10-01/title-30/section-57.10007	us-gov-public-domain	30 CFR 57.10007; PART 57 - SAFETY AND HEALTH STANDARDS - UNDERGROUND METAL AND NONMETAL MINES; Subpart I - Aerial Tramways; eCFR as of 2026-10-01
cfr30-57.10008	57.10008 Riding tramways.	https://www.ecfr.gov/on/2026-10-01/title-30/section-57.10008	us-gov-public-domain	30 CFR 57.10008; PART 57 - SAFETY AND HEALTH STANDARDS - UNDERGROUND METAL AND NONMETAL MINES; Subpart I - Aerial Tramways; eCFR as of 2026-10-01
cfr30-57.10009	57.10009 Riding loaded buckets.	https://www.ecfr.gov/on/2026-10-01/title-30/section-57.10009	us-gov-public-domain	30 CFR 57.10009; PART 57 - SAFETY AND HEALTH STANDARDS - UNDERGROUND METAL AND NONMETAL MINES; Subpart I - Aerial Tramways; eCFR as of 2026-10-01
cfr30-57.10010	57.10010 Starting precautions.	https://www.ecfr.gov/on/2026-10-01/title-30/section-57.10010	us-gov-public-domain	30 CFR 57.10010; PART 57 - SAFETY AND HEALTH STANDARDS - UNDERGROUND METAL AND NONMETAL MINES; Subpart I - Aerial Tramways; eCFR as of 2026-10-01
cfr30-57.11001	57.11001 Safe access.	https://www.ecfr.gov/on/2026-10-01/title-30/section-57.11001	us-gov-public-domain	30 CFR 57.11001; PART 57 - SAFETY AND HEALTH STANDARDS - UNDERGROUND METAL AND NONMETAL MINES; Subpart J - Travelways and Escapeways; eCFR as of 2026-10-01
cfr30-57.11002	57.11002 Handrails and toeboards.	https://www.ecfr.gov/on/2026-10-01/title-30/section-57.11002	us-gov-public-domain	30 CFR 57.11002; PART 57 - SAFETY AND HEALTH STANDARDS - UNDERGROUND METAL AND NONMETAL MINES; Subpart J - Travelways and Escapeways; eCFR as of 2026-10-01
cfr30-57.11003	57.11003 Construction and maintenance of ladders.	https://www.ecfr.gov/on/2026-10-01/title-30/section-57.11003	us-gov-public-domain	30 CFR 57.11003; PART 57 - SAFETY AND HEALTH STANDARDS - UNDERGROUND METAL AND NONMETAL MINES; Subpart J - Travelways and Escapeways; eCFR as of 2026-10-01
cfr30-57.11004	57.11004 Portable rigid ladders.	https://www.ecfr.gov/on/2026-10-01/title-30/section-57.11004	us-gov-public-domain	30 CFR 57.11004; PART 57 - SAFETY AND HEALTH STANDARDS - UNDERGROUND METAL AND NONMETAL MINES; Subpart J - Travelways and Escapeways; eCFR as of 2026-10-01
cfr30-57.11005	57.11005 Fixed ladder anchorage and toe clearance.	https://www.ecfr.gov/on/2026-10-01/title-30/section-57.11005	us-gov-public-domain	30 CFR 57.11005; PART 57 - SAFETY AND HEALTH STANDARDS - UNDERGROUND METAL AND NONMETAL MINES; Subpart J - Travelways and Escapeways; eCFR as of 2026-10-01
cfr30-57.11006	57.11006 Fixed ladder landings.	https://www.ecfr.gov/on/2026-10-01/title-30/section-57.11006	us-gov-public-domain	30 CFR 57.11006; PART 57 - SAFETY AND HEALTH STANDARDS - UNDERGROUND METAL AND NONMETAL MINES; Subpart J - Travelways and Escapeways; eCFR as of 2026-10-01
cfr30-57.11007	57.11007 Wooden components of ladders.	https://www.ecfr.gov/on/2026-10-01/title-30/section-57.11007	us-gov-public-domain	30 CFR 57.11007; PART 57 - SAFETY AND HEALTH STANDARDS - UNDERGROUND METAL AND NONMETAL MINES; Subpart J - Travelways and Escapeways; eCFR as of 2026-10-01
cfr30-57.11008	57.11008 Restricted clearance.	https://www.ecfr.gov/on/2026-10-01/title-30/section-57.11008	us-gov-public-domain	30 CFR 57.11008; PART 57 - SAFETY AND HEALTH STANDARDS - UNDERGROUND METAL AND NONMETAL MINES; Subpart J - Travelways and Escapeways; eCFR as of 2026-10-01
cfr30-57.11009	57.11009 Walkways along conveyors.	https://www.ecfr.gov/on/2026-10-01/title-30/section-57.11009	us-gov-public-domain	30 CFR 57.11009; PART 57 - SAFETY AND HEALTH STANDARDS - UNDERGROUND METAL AND NONMETAL MINES; Subpart J - Travelways and Escapeways; eCFR as of 2026-10-01
cfr30-57.11010	57.11010 Stairstep clearance.	https://www.ecfr.gov/on/2026-10-01/title-30/section-57.11010	us-gov-public-domain	30 CFR 57.11010; PART 57 - SAFETY AND HEALTH STANDARDS - UNDERGROUND METAL AND NONMETAL MINES; Subpart J - Travelways and Escapeways; eCFR as of 2026-10-01
cfr30-57.11011	57.11011 Use of ladders.	https://www.ecfr.gov/on/2026-10-01/title-30/section-57.11011	us-gov-public-domain	30 CFR 57.11011; PART 57 - SAFETY AND HEALTH STANDARDS - UNDERGROUND METAL AND NONMETAL MINES; Subpart J - Travelways and Escapeways; eCFR as of 2026-10-01
cfr30-57.11012	57.11012 Protection for openings around travelways.	https://www.ecfr.gov/on/2026-10-01/title-30/section-57.11012	us-gov-public-domain	30 CFR 57.11012; PART 57 - SAFETY AND HEALTH STANDARDS - UNDERGROUND METAL AND NONMETAL MINES; Subpart J - Travelways and Escapeways; eCFR as of 2026-10-01
cfr30-57.11013	57.11013 Conveyor crossovers.	https://www.ecfr.gov/on/2026-10-01/title-30/section-57.11013	us-gov-public-domain	30 CFR 57.11013; PART 57 - SAFETY AND HEALTH STANDARDS - UNDERGROUND METAL AND NONMETAL MINES; Subpart J - Travelways and Escapeways; eCFR as of 2026-10-01
cfr30-57.11014	57.11014 Crossing moving conveyors.	https://www.ecfr.gov/on/2026-10-01/title-30/section-57.11014	us-gov-public-domain	30 CFR 57.11014; PART 57 - SAFETY AND HEALTH STANDARDS - UNDERGROUND METAL AND NONMETAL MINES; Subpart J - Travelways and Escapeways; eCFR as of 2026-10-01
cfr30-57.11016	57.11016 Snow and ice on walkways and travelways.	https://www.ecfr.gov/on/2026-10-01/title-30/section-57.11016	us-gov-public-domain	30 CFR 57.11016; PART 57 - SAFETY AND HEALTH STANDARDS - UNDERGROUND METAL AND NONMETAL MINES; Subpart J - Travelways and Escapeways; eCFR as of 2026-10-01
cfr30-57.11017	57.11017 Inclined fixed ladders.	https://www.ecfr.gov/on/2026-10-01/title-30/section-57.11017	us-gov-public-domain	30 CFR 57.11017; PART 57 - SAFETY AND HEALTH STANDARDS - UNDERGROUND METAL AND NONMETAL MINES; Subpart J - Travelways and Escapeways; eCFR as of 2026-10-01
cfr30-57.11025	57.11025 Railed landings, backguards, and other protection for fixed ladders.	https://www.ecfr.gov/on/2026-10-01/title-30/section-57.11025	us-gov-public-domain	30 CFR 57.11025; PART 57 - SAFETY AND HEALTH STANDARDS - UNDERGROUND METAL AND NONMETAL MINES; Subpart J - Travelways and Escapeways; eCFR as of 2026-10-01
cfr30-57.11026	57.11026 Protection for inclined fixed ladders.	https://www.ecfr.gov/on/2026-10-01/title-30/section-57.11026	us-gov-public-domain	30 CFR 57.11026; PART 57 - SAFETY AND HEALTH STANDARDS - UNDERGROUND METAL AND NONMETAL MINES; Subpart J - Travelways and Escapeways; eCFR as of 2026-10-01
cfr30-57.11027	57.11027 Scaffolds and working platforms.	https://www.ecfr.gov/on/2026-10-01/title-30/section-57.11027	us-gov-public-domain	30 CFR 57.11027; PART 57 - SAFETY AND HEALTH STANDARDS - UNDERGROUND METAL AND NONMETAL MINES; Subpart J - Travelways and Escapeways; eCFR as of 2026-10-01
cfr30-57.11036	57.11036 Ladderway trap doors and guards.	https://www.ecfr.gov/on/2026-10-01/title-30/section-57.11036	us-gov-public-domain	30 CFR 57.11036; PART 57 - SAFETY AND HEALTH STANDARDS - UNDERGROUND METAL AND NONMETAL MINES; Subpart J - Travelways and Escapeways; eCFR as of 2026-10-01
cfr30-57.11037	57.11037 Ladderway openings.	https://www.ecfr.gov/on/2026-10-01/title-30/section-57.11037	us-gov-public-domain	30 CFR 57.11037; PART 57 - SAFETY AND HEALTH STANDARDS - UNDERGROUND METAL AND NONMETAL MINES; Subpart J - Travelways and Escapeways; eCFR as of 2026-10-01
cfr30-57.11038	57.11038 Entering a manway.	https://www.ecfr.gov/on/2026-10-01/title-30/section-57.11038	us-gov-public-domain	30 CFR 57.11038; PART 57 - SAFETY AND HEALTH STANDARDS - UNDERGROUND METAL AND NONMETAL MINES; Subpart J - Travelways and Escapeways; eCFR as of 2026-10-01
cfr30-57.11040	57.11040 Inclined travelways.	https://www.ecfr.gov/on/2026-10-01/title-30/section-57.11040	us-gov-public-domain	30 CFR 57.11040; PART 57 - SAFETY AND HEALTH STANDARDS - UNDERGROUND METAL AND NONMETAL MINES; Subpart J - Travelways and Escapeways; eCFR as of 2026-10-01
cfr30-57.11041	57.11041 Landings for inclined ladderways.	https://www.ecfr.gov/on/2026-10-01/title-30/section-57.11041	us-gov-public-domain	30 CFR 57.11041; PART 57 - SAFETY AND HEALTH STANDARDS - UNDERGROUND METAL AND NONMETAL MINES; Subpart J - Travelways and Escapeways; eCFR as of 2026-10-01
cfr30-57.11050	57.11050 Escapeways and refuges.	https://www.ecfr.gov/on/2026-10-01/title-30/section-57.11050	us-gov-public-domain	30 CFR 57.11050; PART 57 - SAFETY AND HEALTH STANDARDS - UNDERGROUND METAL AND NONMETAL MINES; Subpart J - Travelways and Escapeways; eCFR as of 2026-10-01
cfr30-57.11051	57.11051 Escape routes.	https://www.ecfr.gov/on/2026-10-01/title-30/section-57.11051	us-gov-public-domain	30 CFR 57.11051; PART 57 - SAFETY AND HEALTH STANDARDS - UNDERGROUND METAL AND NONMETAL MINES; Subpart J - Travelways and Escapeways; eCFR as of 2026-10-01
cfr30-57.11052	57.11052 Refuge areas.	https://www.ecfr.gov/on/2026-10-01/title-30/section-57.11052	us-gov-public-domain	30 CFR 57.11052; PART 57 - SAFETY AND HEALTH STANDARDS - UNDERGROUND METAL AND NONMETAL MINES; Subpart J - Travelways and Escapeways; eCFR as of 2026-10-01
cfr30-57.11053	57.11053 Escape and evacuation plans.	https://www.ecfr.gov/on/2026-10-01/title-30/section-57.11053	us-gov-public-domain	30 CFR 57.11053; PART 57 - SAFETY AND HEALTH STANDARDS - UNDERGROUND METAL AND NONMETAL MINES; Subpart J - Travelways and Escapeways; eCFR as of 2026-10-01
cfr30-57.11054	57.11054 Communication with refuge chambers.	https://www.ecfr.gov/on/2026-10-01/title-30/section-57.11054	us-gov-public-domain	30 CFR 57.11054; PART 57 - SAFETY AND HEALTH STANDARDS - UNDERGROUND METAL AND NONMETAL MINES; Subpart J - Travelways and Escapeways; eCFR as of 2026-10-01
cfr30-57.11055	57.11055 Inclined escapeways.	https://www.ecfr.gov/on/2026-10-01/title-30/section-57.11055	us-gov-public-domain	30 CFR 57.11055; PART 57 - SAFETY AND HEALTH STANDARDS - UNDERGROUND METAL AND NONMETAL MINES; Subpart J - Travelways and Escapeways; eCFR as of 2026-10-01
cfr30-57.11056	57.11056 Emergency hoists.	https://www.ecfr.gov/on/2026-10-01/title-30/section-57.11056	us-gov-public-domain	30 CFR 57.11056; PART 57 - SAFETY AND HEALTH STANDARDS - UNDERGROUND METAL AND NONMETAL MINES; Subpart J - Travelways and Escapeways; eCFR as of 2026-10-01
cfr30-57.11058	57.11058 Check-in, check-out system.	https://www.ecfr.gov/on/2026-10-01/title-30/section-57.11058	us-gov-public-domain	30 CFR 57.11058; PART 57 - SAFETY AND HEALTH STANDARDS - UNDERGROUND METAL AND NONMETAL MINES; Subpart J - Travelways and Escapeways; eCFR as of 2026-10-01
cfr30-57.11059	57.11059 Respirable atmosphere for hoist operators underground.	https://www.ecfr.gov/on/2026-10-01/title-30/section-57.11059	us-gov-public-domain	30 CFR 57.11059; PART 57 - SAFETY AND HEALTH STANDARDS - UNDERGROUND METAL AND NONMETAL MINES; Subpart J - Travelways and Escapeways; eCFR as of 2026-10-01
cfr30-57.12001	57.12001 Circuit overload protection.	https://www.ecfr.gov/on/2026-10-01/title-30/section-57.12001	us-gov-public-domain	30 CFR 57.12001; PART 57 - SAFETY AND HEALTH STANDARDS - UNDERGROUND METAL AND NONMETAL MINES; Subpart K - Electricity; eCFR as of 2026-10-01
cfr30-57.12002	57.12002 Controls and switches.	https://www.ecfr.gov/on/2026-10-01/title-30/section-57.12002	us-gov-public-domain	30 CFR 57.12002; PART 57 - SAFETY AND HEALTH STANDARDS - UNDERGROUND METAL AND NONMETAL MINES; Subpart K - Electricity; eCFR as of 2026-10-01
cfr30-57.12003	57.12003 Trailing cable overload protection.	https://www.ecfr.gov/on/2026-10-01/title-30/section-57.12003	us-gov-public-domain	30 CFR 57.12003; PART 57 - SAFETY AND HEALTH STANDARDS - UNDERGROUND METAL AND NONMETAL MINES; Subpart K - Electricity; eCFR as of 2026-10-01
cfr30-57.12004	57.12004 Electrical conductors.	https://www.ecfr.gov/on/2026-10-01/title-30/section-57.12004	us-gov-public-domain	30 CFR 57.12004; PART 57 - SAFETY AND HEALTH STANDARDS - UNDERGROUND METAL AND NONMETAL MINES; Subpart K - Electricity; eCFR as of 2026-10-01
cfr30-57.12005	57.12005 Protection of power conductors from mobile equipment.	https://www.ecfr.gov/on/2026-10-01/title-30/section-57.12005	us-gov-public-domain	30 CFR 57.12005; PART 57 - SAFETY AND HEALTH STANDARDS - UNDERGROUND METAL AND NONMETAL MINES; Subpart K - Electricity; eCFR as of 2026-10-01
cfr30-57.12006	57.12006 Distribution boxes.	https://www.ecfr.gov/on/2026-10-01/title-30/section-57.12006	us-gov-public-domain	30 CFR 57.12006; PART 57 - SAFETY AND HEALTH STANDARDS - UNDERGROUND METAL AND NONMETAL MINES; Subpart K - Electricity; eCFR as of 2026-10-01
cfr30-57.12007	57.12007 Junction box connection procedures.	https://www.ecfr.gov/on/2026-10-01/title-30/section-57.12007	us-gov-public-domain	30 CFR 57.12007; PART 57 - SAFETY AND HEALTH STANDARDS - UNDERGROUND METAL AND NONMETAL MINES; Subpart K - Electricity; eCFR as of 2026-10-01
cfr30-57.12008	57.12008 Insulation and fittings for power wires and cables.	https://www.ecfr.gov/on/2026-10-01/title-30/section-57.12008	us-gov-public-domain	30 CFR 57.12008; PART 57 - SAFETY AND HEALTH STANDARDS - UNDERGROUND METAL AND NONMETAL MINES; Subpart K - Electricity; eCFR as of 2026-10-01
cfr30-57.12010	57.12010 Isolation or insulation of communication conductors.	https://www.ecfr.gov/on/2026-10-01/title-30/section-57.12010	us-gov-public-domain	30 CFR 57.12010; PART 57 - SAFETY AND HEALTH STANDARDS - UNDERGROUND METAL AND NONMETAL MINES; Subpart K - Electricity; eCFR as of 2026-10-01
cfr30-57.12011	57.12011 High-potential electrical conductors.	https://www.ecfr.gov/on/2026-10-01/title-30/section-57.12011	us-gov-public-domain	30 CFR 57.12011; PART 57 - SAFETY AND HEALTH STANDARDS - UNDERGROUND METAL AND NONMETAL MINES; Subpart K - Electricity; eCFR as of 2026-10-01
cfr30-57.12012	57.12012 Bare signal wires.	https://www.ecfr.gov/on/2026-10-01/title-30/section-57.12012	us-gov-public-domain	30 CFR 57.12012; PART 57 - SAFETY AND HEALTH STANDARDS - UNDERGROUND METAL AND NONMETAL MINES; Subpart K - Electricity; eCFR as of 2026-10-01
cfr30-57.12013	57.12013 Splices and repairs of power cables.	https://www.ecfr.gov/on/2026-10-01/title-30/section-57.12013	us-gov-public-domain	30 CFR 57.12013; PART 57 - SAFETY AND HEALTH STANDARDS - UNDERGROUND METAL AND NONMETAL MINES; Subpart K - Electricity; eCFR as of 2026-10-01
cfr30-57.12014	57.12014 Handling energized power cables.	https://www.ecfr.gov/on/2026-10-01/title-30/section-57.12014	us-gov-public-domain	30 CFR 57.12014; PART 57 - SAFETY AND HEALTH STANDARDS - UNDERGROUND METAL AND NONMETAL MINES; Subpart K - Electricity; eCFR as of 2026-10-01
cfr30-57.12016	57.12016 Work on electrically-powered equipment.	https://www.ecfr.gov/on/2026-10-01/title-30/section-57.12016	us-gov-public-domain	30 CFR 57.12016; PART 57 - SAFETY AND HEALTH STANDARDS - UNDERGROUND METAL AND NONMETAL MINES; Subpart K - Electricity; eCFR as of 2026-10-01
cfr30-57.12017	57.12017 Work on power circuits.	https://www.ecfr.gov/on/2026-10-01/title-30/section-57.12017	us-gov-public-domain	30 CFR 57.12017; PART 57 - SAFETY AND HEALTH STANDARDS - UNDERGROUND METAL AND NONMETAL MINES; Subpart K - Electricity; eCFR as of 2026-10-01
cfr30-57.12018	57.12018 Identification of power switches.	https://www.ecfr.gov/on/2026-10-01/title-30/section-57.12018	us-gov-public-domain	30 CFR 57.12018; PART 57 - SAFETY AND HEALTH STANDARDS - UNDERGROUND METAL AND NONMETAL MINES; Subpart K - Electricity; eCFR as of 2026-10-01
cfr30-57.12019	57.12019 Access to stationary electrical equipment or switchgear.	https://www.ecfr.gov/on/2026-10-01/title-30/section-57.12019	us-gov-public-domain	30 CFR 57.12019; PART 57 - SAFETY AND HEALTH STANDARDS - UNDERGROUND METAL AND NONMETAL MINES; Subpart K - Electricity; eCFR as of 2026-10-01
cfr30-57.12020	57.12020 Protection of persons at switchgear.	https://www.ecfr.gov/on/2026-10-01/title-30/section-57.12020	us-gov-public-domain	30 CFR 57.12020; PART 57 - SAFETY AND HEALTH STANDARDS - UNDERGROUND METAL AND NONMETAL MINES; Subpart K - Electricity; eCFR as of 2026-10-01
cfr30-57.12021	57.12021 Danger signs.	https://www.ecfr.gov/on/2026-10-01/title-30/section-57.12021	us-gov-public-domain	30 CFR 57.12021; PART 57 - SAFETY AND HEALTH STANDARDS - UNDERGROUND METAL AND NONMETAL MINES; Subpart K - Electricity; eCFR as of 2026-10-01
cfr30-57.12022	57.12022 Authorized persons at major electrical installations.	https://www.ecfr.gov/on/2026-10-01/title-30/section-57.12022	us-gov-public-domain	30 CFR 57.12022; PART 57 - SAFETY AND HEALTH STANDARDS - UNDERGROUND METAL AND NONMETAL MINES; Subpart K - Electricity; eCFR as of 2026-10-01
cfr30-57.12023	57.12023 Guarding electrical connections and resistor grids.	https://www.ecfr.gov/on/2026-10-01/title-30/section-57.12023	us-gov-public-domain	30 CFR 57.12023; PART 57 - SAFETY AND HEALTH STANDARDS - UNDERGROUND METAL AND NONMETAL MINES; Subpart K - Electricity; eCFR as of 2026-10-01
cfr30-57.12025	57.12025 Grounding circuit enclosures.	https://www.ecfr.gov/on/2026-10-01/title-30/section-57.12025	us-gov-public-domain	30 CFR 57.12025; PART 57 - SAFETY AND HEALTH STANDARDS - UNDERGROUND METAL AND NONMETAL MINES; Subpart K - Electricity; eCFR as of 2026-10-01
cfr30-57.12026	57.12026 Grounding transformer and switchgear enclosures.	https://www.ecfr.gov/on/2026-10-01/title-30/section-57.12026	us-gov-public-domain	30 CFR 57.12026; PART 57 - SAFETY AND HEALTH STANDARDS - UNDERGROUND METAL AND NONMETAL MINES; Subpart K - Electricity; eCFR as of 2026-10-01
cfr30-57.12027	57.12027 Grounding mobile equipment.	https://www.ecfr.gov/on/2026-10-01/title-30/section-57.12027	us-gov-public-domain	30 CFR 57.12027; PART 57 - SAFETY AND HEALTH STANDARDS - UNDERGROUND METAL AND NONMETAL MINES; Subpart K - Electricity; eCFR as of 2026-10-01
cfr30-57.12028	57.12028 Testing grounding systems.	https://www.ecfr.gov/on/2026-10-01/title-30/section-57.12028	us-gov-public-domain	30 CFR 57.12028; PART 57 - SAFETY AND HEALTH STANDARDS - UNDERGROUND METAL AND NONMETAL MINES; Subpart K - Electricity; eCFR as of 2026-10-01
cfr30-57.12030	57.12030 Correction of dangerous conditions.	https://www.ecfr.gov/on/2026-10-01/title-30/section-57.12030	us-gov-public-domain	30 CFR 57.12030; PART 57 - SAFETY AND HEALTH STANDARDS - UNDERGROUND METAL AND NONMETAL MINES; Subpart K - Electricity; eCFR as of 2026-10-01
cfr30-57.12032	57.12032 Inspection and cover plates.	https://www.ecfr.gov/on/2026-10-01/title-30/section-57.12032	us-gov-public-domain	30 CFR 57.12032; PART 57 - SAFETY AND HEALTH STANDARDS - UNDERGROUND METAL AND NONMETAL MINES; Subpart K - Electricity; eCFR as of 2026-10-01
cfr30-57.12033	57.12033 Hand-held electric tools.	https://www.ecfr.gov/on/2026-10-01/title-30/section-57.12033	us-gov-public-domain	30 CFR 57.12033; PART 57 - SAFETY AND HEALTH STANDARDS - UNDERGROUND METAL AND NONMETAL MINES; Subpart K - Electricity; eCFR as of 2026-10-01
cfr30-57.12034	57.12034 Guarding around lights.	https://www.ecfr.gov/on/2026-10-01/title-30/section-57.12034	us-gov-public-domain	30 CFR 57.12034; PART 57 - SAFETY AND HEALTH STANDARDS - UNDERGROUND METAL AND NONMETAL MINES; Subpart K - Electricity; eCFR as of 2026-10-01
cfr30-57.12035	57.12035 Weatherproof lamp sockets.	https://www.ecfr.gov/on/2026-10-01/title-30/section-57.12035	us-gov-public-domain	30 CFR 57.12035; PART 57 - SAFETY AND HEALTH STANDARDS - UNDERGROUND METAL AND NONMETAL MINES; Subpart K - Electricity; eCFR as of 2026-10-01
cfr30-57.12036	57.12036 Fuse removal or replacement.	https://www.ecfr.gov/on/2026-10-01/title-30/section-57.12036	us-gov-public-domain	30 CFR 57.12036; PART 57 - SAFETY AND HEALTH STANDARDS - UNDERGROUND METAL AND NONMETAL MINES; Subpart K - Electricity; eCFR as of 2026-10-01
cfr30-57.12037	57.12037 Fuses in high-potential circuits.	https://www.ecfr.gov/on/2026-10-01/title-30/section-57.12037	us-gov-public-domain	30 CFR 57.12037; PART 57 - SAFETY AND HEALTH STANDARDS - UNDERGROUND METAL AND NONMETAL MINES; Subpart K - Electricity; eCFR as of 2026-10-01
cfr30-57.12038	57.12038 Attachment of trailing cables.	https://www.ecfr.gov/on/2026-10-01/title-30/section-57.12038	us-gov-public-domain	30 CFR 57.12038; PART 57 - SAFETY AND HEALTH STANDARDS - UNDERGROUND METAL AND NONMETAL MINES; Subpart K - Electricity; eCFR as of 2026-10-01
cfr30-57.12039	57.12039 Protection of surplus trailing cables.	https://www.ecfr.gov/on/2026-10-01/title-30/section-57.12039	us-gov-public-domain	30 CFR 57.12039; PART 57 - SAFETY AND HEALTH STANDARDS - UNDERGROUND METAL AND NONMETAL MINES; Subpart K - Electricity; eCFR as of 2026-10-01
cfr30-57.12040	57.12040 Installation of operating controls.	https://www.ecfr.gov/on/2026-10-01/title-30/section-57.12040	us-gov-public-domain	30 CFR 57.12040; PART 57 - SAFETY AND HEALTH STANDARDS - UNDERGROUND METAL AND NONMETAL MINES; Subpart K - Electricity; eCFR as of 2026-10-01
cfr30-57.12041	57.12041 Design of switches and starting boxes.	https://www.ecfr.gov/on/2026-10-01/title-30/section-57.12041	us-gov-public-domain	30 CFR 57.12041; PART 57 - SAFETY AND HEALTH STANDARDS - UNDERGROUND METAL AND NONMETAL MINES; Subpart K - Electricity; eCFR as of 2026-10-01
cfr30-57.12042	57.12042 Track bonding.	https://www.ecfr.gov/on/2026-10-01/title-30/section-57.12042	us-gov-public-domain	30 CFR 57.12042; PART 57 - SAFETY AND HEALTH STANDARDS - UNDERGROUND METAL AND NONMETAL MINES; Subpart K - Electricity; eCFR as of 2026-10-01
cfr30-57.12045	57.12045 Overhead powerlines.	https://www.ecfr.gov/on/2026-10-01/title-30/section-57.12045	us-gov-public-domain	30 CFR 57.12045; PART 57 - SAFETY AND HEALTH STANDARDS - UNDERGROUND METAL AND NONMETAL MINES; Subpart K - Electricity; eCFR as of 2026-10-01
cfr30-57.12047	57.12047 Guy wires.	https://www.ecfr.gov/on/2026-10-01/title-30/section-57.12047	us-gov-public-domain	30 CFR 57.12047; PART 57 - SAFETY AND HEALTH STANDARDS - UNDERGROUND METAL AND NONMETAL MINES; Subpart K - Electricity; eCFR as of 2026-10-01
cfr30-57.12048	57.12048 Communication conductors on power poles.	https://www.ecfr.gov/on/2026-10-01/title-30/section-57.12048	us-gov-public-domain	30 CFR 57.12048; PART 57 - SAFETY AND HEALTH STANDARDS - UNDERGROUND METAL AND NONMETAL MINES; Subpart K - Electricity; eCFR as of 2026-10-01
cfr30-57.12050	57.12050 Installation of trolley wires.	https://www.ecfr.gov/on/2026-10-01/title-30/section-57.12050	us-gov-public-domain	30 CFR 57.12050; PART 57 - SAFETY AND HEALTH STANDARDS - UNDERGROUND METAL AND NONMETAL MINES; Subpart K - Electricity; eCFR as of 2026-10-01
cfr30-57.12053	57.12053 Circuits powered from trolley wires.	https://www.ecfr.gov/on/2026-10-01/title-30/section-57.12053	us-gov-public-domain	30 CFR 57.12053; PART 57 - SAFETY AND HEALTH STANDARDS - UNDERGROUND METAL AND NONMETAL MINES; Subpart K - Electricity; eCFR as of 2026-10-01
cfr30-57.12065	57.12065 Short circuit and lightning protection.	https://www.ecfr.gov/on/2026-10-01/title-30/section-57.12065	us-gov-public-domain	30 CFR 57.12065; PART 57 - SAFETY AND HEALTH STANDARDS - UNDERGROUND METAL AND NONMETAL MINES; Subpart K - Electricity; eCFR as of 2026-10-01
cfr30-57.12066	57.12066 Guarding trolley wires and bare powerlines.	https://www.ecfr.gov/on/2026-10-01/title-30/section-57.12066	us-gov-public-domain	30 CFR 57.12066; PART 57 - SAFETY AND HEALTH STANDARDS - UNDERGROUND METAL AND NONMETAL MINES; Subpart K - Electricity; eCFR as of 2026-10-01
cfr30-57.12067	57.12067 Installation of transformers.	https://www.ecfr.gov/on/2026-10-01/title-30/section-57.12067	us-gov-public-domain	30 CFR 57.12067; PART 57 - SAFETY AND HEALTH STANDARDS - UNDERGROUND METAL AND NONMETAL MINES; Subpart K - Electricity; eCFR as of 2026-10-01
cfr30-57.12068	57.12068 Locking transformer enclosures.	https://www.ecfr.gov/on/2026-10-01/title-30/section-57.12068	us-gov-public-domain	30 CFR 57.12068; PART 57 - SAFETY AND HEALTH STANDARDS - UNDERGROUND METAL AND NONMETAL MINES; Subpart K - Electricity; eCFR as of 2026-10-01
cfr30-57.12069	57.12069 Lightning protection for telephone wires and ungrounded conductors.	https://www.ecfr.gov/on/2026-10-01/title-30/section-57.12069	us-gov-public-domain	30 CFR 57.12069; PART 57 - SAFETY AND HEALTH STANDARDS - UNDERGROUND METAL AND NONMETAL MINES; Subpart K - Electricity; eCFR as of 2026-10-01
cfr30-57.12071	57.12071 Movement or operation of equipment near high-voltage powerlines.	https://www.ecfr.gov/on/2026-10-01/title-30/section-57.12071	us-gov-public-domain	30 CFR 57.12071; PART 57 - SAFETY AND HEALTH STANDARDS - UNDERGROUND METAL AND NONMETAL MINES; Subpart K - Electricity; eCFR as of 2026-10-01
cfr30-57.12080	57.12080 Bare conductor guards.	https://www.ecfr.gov/on/2026-10-01/title-30/section-57.12080	us-gov-public-domain	30 CFR 57.12080; PART 57 - SAFETY AND HEALTH STANDARDS - UNDERGROUND METAL AND NONMETAL MINES; Subpart K - Electricity; eCFR as of 2026-10-01
cfr30-57.12081	57.12081 Bonding metal pipelines to ground return circuits.	https://www.ecfr.gov/on/2026-10-01/title-30/section-57.12081	us-gov-public-domain	30 CFR 57.12081; PART 57 - SAFETY AND HEALTH STANDARDS - UNDERGROUND METAL AND NONMETAL MINES; Subpart K - Electricity; eCFR as of 2026-10-01
cfr30-57.12082	57.12082 Isolation of powerlines.	https://www.ecfr.gov/on/2026-10-01/title-30/section-57.12082	us-gov-public-domain	30 CFR 57.12082; PART 57 - SAFETY AND HEALTH STANDARDS - UNDERGROUND METAL AND NONMETAL MINES; Subpart K - Electricity; eCFR as of 2026-10-01
cfr30-57.12083	57.12083 Support of power cables in shafts and boreholes.	https://www.ecfr.gov/on/2026-10-01/title-30/section-57.12083	us-gov-public-domain	30 CFR 57.12083; PART 57 - SAFETY AND HEALTH STANDARDS - UNDERGROUND METAL AND NONMETAL MINES; Subpart K - Electricity; eCFR as of 2026-10-01
cfr30-57.12084	57.12084 Branch circuit disconnecting devices.	https://www.ecfr.gov/on/2026-10-01/title-30/section-57.12084	us-gov-public-domain	30 CFR 57.12084; PART 57 - SAFETY AND HEALTH STANDARDS - UNDERGROUND METAL AND NONMETAL MINES; Subpart K - Electricity; eCFR as of 2026-10-01
cfr30-57.12085	57.12085 Transformer stations.	https://www.ecfr.gov/on/2026-10-01/title-30/section-57.12085	us-gov-public-domain	30 CFR 57.12085; PART 57 - SAFETY AND HEALTH STANDARDS - UNDERGROUND METAL AND NONMETAL MINES; Subpart K - Electricity; eCFR as of 2026-10-01
cfr30-57.12086	57.12086 Location of trolley wire.	https://www.ecfr.gov/on/2026-10-01/title-30/section-57.12086	us-gov-public-domain	30 CFR 57.12086; PART 57 - SAFETY AND HEALTH STANDARDS - UNDERGROUND METAL AND NONMETAL MINES; Subpart K - Electricity; eCFR as of 2026-10-01
cfr30-57.12088	57.12088 Splicing trailing cables.	https://www.ecfr.gov/on/2026-10-01/title-30/section-57.12088	us-gov-public-domain	30 CFR 57.12088; PART 57 - SAFETY AND HEALTH STANDARDS - UNDERGROUND METAL AND NONMETAL MINES; Subpart K - Electricity; eCFR as of 2026-10-01
cfr30-57.13001	57.13001 General requirements for boilers and pressure vessels.	https://www.ecfr.gov/on/2026-10-01/title-30/section-57.13001	us-gov-public-domain	30 CFR 57.13001; PART 57 - SAFETY AND HEALTH STANDARDS - UNDERGROUND METAL AND NONMETAL MINES; Subpart L - Compressed Air and Boilers; eCFR as of 2026-10-01
cfr30-57.13010	57.13010 Reciprocating-type air compressors.	https://www.ecfr.gov/on/2026-10-01/title-30/section-57.13010	us-gov-public-domain	30 CFR 57.13010; PART 57 - SAFETY AND HEALTH STANDARDS - UNDERGROUND METAL AND NONMETAL MINES; Subpart L - Compressed Air and Boilers; eCFR as of 2026-10-01
cfr30-57.13011	57.13011 Air receiver tanks.	https://www.ecfr.gov/on/2026-10-01/title-30/section-57.13011	us-gov-public-domain	30 CFR 57.13011; PART 57 - SAFETY AND HEALTH STANDARDS - UNDERGROUND METAL AND NONMETAL MINES; Subpart L - Compressed Air and Boilers; eCFR as of 2026-10-01
cfr30-57.13012	57.13012 Compressor air intakes.	https://www.ecfr.gov/on/2026-10-01/title-30/section-57.13012	us-gov-public-domain	30 CFR 57.13012; PART 57 - SAFETY AND HEALTH STANDARDS - UNDERGROUND METAL AND NONMETAL MINES; Subpart L - Compressed Air and Boilers; eCFR as of 2026-10-01
cfr30-57.13015	57.13015 Inspection of compressed-air receivers and other unfired pressure vessels.	https://www.ecfr.gov/on/2026-10-01/title-30/section-57.13015	us-gov-public-domain	30 CFR 57.13015; PART 57 - SAFETY AND HEALTH STANDARDS - UNDERGROUND METAL AND NONMETAL MINES; Subpart L - Compressed Air and Boilers; eCFR as of 2026-10-01
cfr30-57.13017	57.13017 Compressor discharge pipes.	https://www.ecfr.gov/on/2026-10-01/title-30/section-57.13017	us-gov-public-domain	30 CFR 57.13017; PART 57 - SAFETY AND HEALTH STANDARDS - UNDERGROUND METAL AND NONMETAL MINES; Subpart L - Compressed Air and Boilers; eCFR as of 2026-10-01
cfr30-57.13019	57.13019 Pressure system repairs.	https://www.ecfr.gov/on/2026-10-01/title-30/section-57.13019	us-gov-public-domain	30 CFR 57.13019; PART 57 - SAFETY AND HEALTH STANDARDS - UNDERGROUND METAL AND NONMETAL MINES; Subpart L - Compressed Air and Boilers; eCFR as of 2026-10-01
cfr30-57.13020	57.13020 Use of compressed air.	https://www.ecfr.gov/on/2026-10-01/title-30/section-57.13020	us-gov-public-domain	30 CFR 57.13020; PART 57 - SAFETY AND HEALTH STANDARDS - UNDERGROUND METAL AND NONMETAL MINES; Subpart L - Compressed Air and Boilers; eCFR as of 2026-10-01
cfr30-57.13021	57.13021 High-pressure hose connections.	https://www.ecfr.gov/on/2026-10-01/title-30/section-57.13021	us-gov-public-domain	30 CFR 57.13021; PART 57 - SAFETY AND HEALTH STANDARDS - UNDERGROUND METAL AND NONMETAL MINES; Subpart L - Compressed Air and Boilers; eCFR as of 2026-10-01
cfr30-57.13030	57.13030 Boilers.	https://www.ecfr.gov/on/2026-10-01/title-30/section-57.13030	us-gov-public-domain	30 CFR 57.13030; PART 57 - SAFETY AND HEALTH STANDARDS - UNDERGROUND METAL AND NONMETAL MINES; Subpart L - Compressed Air and Boilers; eCFR as of 2026-10-01
cfr30-57.14000	57.14000 Definitions.	https://www.ecfr.gov/on/2026-10-01/title-30/section-57.14000	us-gov-public-domain	30 CFR 57.14000; PART 57 - SAFETY AND HEALTH STANDARDS - UNDERGROUND METAL AND NONMETAL MINES; Subpart M - Machinery and Equipment; eCFR as of 2026-10-01
cfr30-57.14100	57.14100 Safety defects; examination, correction and records.	https://www.ecfr.gov/on/2026-10-01/title-30/section-57.14100	us-gov-public-domain	30 CFR 57.14100; PART 57 - SAFETY AND HEALTH STANDARDS - UNDERGROUND METAL AND NONMETAL MINES; Subpart M - Machinery and Equipment; eCFR as of 2026-10-01
cfr30-57.14101	57.14101 Brakes.	https://www.ecfr.gov/on/2026-10-01/title-30/section-57.14101	us-gov-public-domain	30 CFR 57.14101; PART 57 - SAFETY AND HEALTH STANDARDS - UNDERGROUND METAL AND NONMETAL MINES; Subpart M - Machinery and Equipment; eCFR as of 2026-10-01
cfr30-57.14102	57.14102 Brakes for rail equipment.	https://www.ecfr.gov/on/2026-10-01/title-30/section-57.14102	us-gov-public-domain	30 CFR 57.14102; PART 57 - SAFETY AND HEALTH STANDARDS - UNDERGROUND METAL AND NONMETAL MINES; Subpart M - Machinery and Equipment; eCFR as of 2026-10-01
cfr30-57.14103	57.14103 Operators' stations.	https://www.ecfr.gov/on/2026-10-01/title-30/section-57.14103	us-gov-public-domain	30 CFR 57.14103; PART 57 - SAFETY AND HEALTH STANDARDS - UNDERGROUND METAL AND NONMETAL MINES; Subpart M - Machinery and Equipment; eCFR as of 2026-10-01
cfr30-57.14104	57.14104 Tire repairs.	https://www.ecfr.gov/on/2026-10-01/title-30/section-57.14104	us-gov-public-domain	30 CFR 57.14104; PART 57 - SAFETY AND HEALTH STANDARDS - UNDERGROUND METAL AND NONMETAL MINES; Subpart M - Machinery and Equipment; eCFR as of 2026-10-01
cfr30-57.14105	57.14105 Procedures during repairs or maintenance.	https://www.ecfr.gov/on/2026-10-01/title-30/section-57.14105	us-gov-public-domain	30 CFR 57.14105; PART 57 - SAFETY AND HEALTH STANDARDS - UNDERGROUND METAL AND NONMETAL MINES; Subpart M - Machinery and Equipment; eCFR as of 2026-10-01
cfr30-57.14106	57.14106 Falling object protection.	https://www.ecfr.gov/on/2026-10-01/title-30/section-57.14106	us-gov-public-domain	30 CFR 57.14106; PART 57 - SAFETY AND HEALTH STANDARDS - UNDERGROUND METAL AND NONMETAL MINES; Subpart M - Machinery and Equipment; eCFR as of 2026-10-01
cfr30-57.14107	57.14107 Moving machine parts.	https://www.ecfr.gov/on/2026-10-01/title-30/section-57.14107	us-gov-public-domain	30 CFR 57.14107; PART 57 - SAFETY AND HEALTH STANDARDS - UNDERGROUND METAL AND NONMETAL MINES; Subpart M - Machinery and Equipment; eCFR as of 2026-10-01
cfr30-57.14108	57.14108 Overhead drive belts.	https://www.ecfr.gov/on/2026-10-01/title-30/section-57.14108	us-gov-public-domain	30 CFR 57.14108; PART 57 - SAFETY AND HEALTH STANDARDS - UNDERGROUND METAL AND NONMETAL MINES; Subpart M - Machinery and Equipment; eCFR as of 2026-10-01
cfr30-57.14109	57.14109 Unguarded conveyors with adjacent travelways.	https://www.ecfr.gov/on/2026-10-01/title-30/section-57.14109	us-gov-public-domain	30 CFR 57.14109; PART 57 - SAFETY AND HEALTH STANDARDS - UNDERGROUND METAL AND NONMETAL MINES; Subpart M - Machinery and Equipment; eCFR as of 2026-10-01
cfr30-57.14110	57.14110 Flying or falling materials.	https://www.ecfr.gov/on/2026-10-01/title-30/section-57.14110	us-gov-public-domain	30 CFR 57.14110; PART 57 - SAFETY AND HEALTH STANDARDS - UNDERGROUND METAL AND NONMETAL MINES; Subpart M - Machinery and Equipment; eCFR as of 2026-10-01
cfr30-57.14111	57.14111 Slusher, backlash guards and securing.	https://www.ecfr.gov/on/2026-10-01/title-30/section-57.14111	us-gov-public-domain	30 CFR 57.14111; PART 57 - SAFETY AND HEALTH STANDARDS - UNDERGROUND METAL AND NONMETAL MINES; Subpart M - Machinery and Equipment; eCFR as of 2026-10-01
cfr30-57.14112	57.14112 Construction and maintenance of guards.	https://www.ecfr.gov/on/2026-10-01/title-30/section-57.14112	us-gov-public-domain	30 CFR 57.14112; PART 57 - SAFETY AND HEALTH STANDARDS - UNDERGROUND METAL AND NONMETAL MINES; Subpart M - Machinery and Equipment; eCFR as of 2026-10-01
cfr30-57.14113	57.14113 Inclined conveyors: backstops or brakes.	https://www.ecfr.gov/on/2026-10-01/title-30/section-57.14113	us-gov-public-domain	30 CFR 57.14113; PART 57 - SAFETY AND HEALTH STANDARDS - UNDERGROUND METAL AND NONMETAL MINES; Subpart M - Machinery and Equipment; eCFR as of 2026-10-01
cfr30-57.14114	57.14114 Air valves for pneumatic equipment.	https://www.ecfr.gov/on/2026-10-01/title-30/section-57.14114	us-gov-public-domain	30 CFR 57.14114; PART 57 - SAFETY AND HEALTH STANDARDS - UNDERGROUND METAL AND NONMETAL MINES; Subpart M - Machinery and Equipment; eCFR as of 2026-10-01
cfr30-57.14115	57.14115 Stationary grinding machines.	https://www.ecfr.gov/on/2026-10-01/title-30/section-57.14115	us-gov-public-domain	30 CFR 57.14115; PART 57 - SAFETY AND HEALTH STANDARDS - UNDERGROUND METAL AND NONMETAL MINES; Subpart M - Machinery and Equipment; eCFR as of 2026-10-01
cfr30-57.14116	57.14116 Hand-held power tools.	https://www.ecfr.gov/on/2026-10-01/title-30/section-57.14116	us-gov-public-domain	30 CFR 57.14116; PART 57 - SAFETY AND HEALTH STANDARDS - UNDERGROUND METAL AND NONMETAL MINES; Subpart M - Machinery and Equipment; eCFR as of 2026-10-01
cfr30-57.14130	57.14130 Roll-over protective structures (ROPS) and seat belts for surface equipment.	https://www.ecfr.gov/on/2026-10-01/title-30/section-57.14130	us-gov-public-domain	30 CFR 57.14130; PART 57 - SAFETY AND HEALTH STANDARDS - UNDERGROUND METAL AND NONMETAL MINES; Subpart M - Machinery and Equipment; eCFR as of 2026-10-01
cfr30-57.14131	57.14131 Seat belts for surface haulage trucks.	https://www.ecfr.gov/on/2026-10-01/title-30/section-57.14131	us-gov-public-domain	30 CFR 57.14131; PART 57 - SAFETY AND HEALTH STANDARDS - UNDERGROUND METAL AND NONMETAL MINES; Subpart M - Machinery and Equipment; eCFR as of 2026-10-01
cfr30-57.14132	57.14132 Horns and backup alarms for surface equipment.	https://www.ecfr.gov/on/2026-10-01/title-30/section-57.14132	us-gov-public-domain	30 CFR 57.14132; PART 57 - SAFETY AND HEALTH STANDARDS - UNDERGROUND METAL AND NONMETAL MINES; Subpart M - Machinery and Equipment; eCFR as of 2026-10-01
cfr30-57.14160	57.14160 Mantrip trolley wire hazards underground.	https://www.ecfr.gov/on/2026-10-01/title-30/section-57.14160	us-gov-public-domain	30 CFR 57.14160; PART 57 - SAFETY AND HEALTH STANDARDS - UNDERGROUND METAL AND NONMETAL MINES; Subpart M - Machinery and Equipment; eCFR as of 2026-10-01
cfr30-57.14161	57.14161 Makeshift couplings.	https://www.ecfr.gov/on/2026-10-01/title-30/section-57.14161	us-gov-public-domain	30 CFR 57.14161; PART 57 - SAFETY AND HEALTH STANDARDS - UNDERGROUND METAL AND NONMETAL MINES; Subpart M - Machinery and Equipment; eCFR as of 2026-10-01
cfr30-57.14162	57.14162 Trip lights.	https://www.ecfr.gov/on/2026-10-01/title-30/section-57.14162	us-gov-public-domain	30 CFR 57.14162; PART 57 - SAFETY AND HEALTH STANDARDS - UNDERGROUND METAL AND NONMETAL MINES; Subpart M - Machinery and Equipment; eCFR as of 2026-10-01
cfr30-57.14200	57.14200 Warnings prior to starting or moving equipment.	https://www.ecfr.gov/on/2026-10-01/title-30/section-57.14200	us-gov-public-domain	30 CFR 57.14200; PART 57 - SAFETY AND HEALTH STANDARDS - UNDERGROUND METAL AND NONMETAL MINES; Subpart M - Machinery and Equipment; eCFR as of 2026-10-01
cfr30-57.14201	57.14201 Conveyor start-up warnings.	https://www.ecfr.gov/on/2026-10-01/title-30/section-57.14201	us-gov-public-domain	30 CFR 57.14201; PART 57 - SAFETY AND HEALTH STANDARDS - UNDERGROUND METAL AND NONMETAL MINES; Subpart M - Machinery and Equipment; eCFR as of 2026-10-01
cfr30-57.14202	57.14202 Manual cleaning of conveyor pulleys.	https://www.ecfr.gov/on/2026-10-01/title-30/section-57.14202	us-gov-public-domain	30 CFR 57.14202; PART 57 - SAFETY AND HEALTH STANDARDS - UNDERGROUND METAL AND NONMETAL MINES; Subpart M - Machinery and Equipment; eCFR as of 2026-10-01
cfr30-57.14203	57.14203 Application of belt dressing.	https://www.ecfr.gov/on/2026-10-01/title-30/section-57.14203	us-gov-public-domain	30 CFR 57.14203; PART 57 - SAFETY AND HEALTH STANDARDS - UNDERGROUND METAL AND NONMETAL MINES; Subpart M - Machinery and Equipment; eCFR as of 2026-10-01
cfr30-57.14204	57.14204 Machinery lubrication.	https://www.ecfr.gov/on/2026-10-01/title-30/section-57.14204	us-gov-public-domain	30 CFR 57.14204; PART 57 - SAFETY AND HEALTH STANDARDS - UNDERGROUND METAL AND NONMETAL MINES; Subpart M - Machinery and Equipment; eCFR as of 2026-10-01
cfr30-57.14205	57.14205 Machinery, equipment, and tools.	https://www.ecfr.gov/on/2026-10-01/title-30/section-57.14205	us-gov-public-domain	30 CFR 57.14205; PART 57 - SAFETY AND HEALTH STANDARDS - UNDERGROUND METAL AND NONMETAL MINES; Subpart M - Machinery and Equipment; eCFR as of 2026-10-01
cfr30-57.14206	57.14206 Securing movable parts.	https://www.ecfr.gov/on/2026-10-01/title-30/section-57.14206	us-gov-public-domain	30 CFR 57.14206; PART 57 - SAFETY AND HEALTH STANDARDS - UNDERGROUND METAL AND NONMETAL MINES; Subpart M - Machinery and Equipment; eCFR as of 2026-10-01
cfr30-57.14207	57.14207 Parking procedures for unattended equipment.	https://www.ecfr.gov/on/2026-10-01/title-30/section-57.14207	us-gov-public-domain	30 CFR 57.14207; PART 57 - SAFETY AND HEALTH STANDARDS - UNDERGROUND METAL AND NONMETAL MINES; Subpart M - Machinery and Equipment; eCFR as of 2026-10-01
cfr30-57.14208	57.14208 Warning devices.	https://www.ecfr.gov/on/2026-10-01/title-30/section-57.14208	us-gov-public-domain	30 CFR 57.14208; PART 57 - SAFETY AND HEALTH STANDARDS - UNDERGROUND METAL AND NONMETAL MINES; Subpart M - Machinery and Equipment; eCFR as of 2026-10-01
cfr30-57.14209	57.14209 Safety procedures for towing.	https://www.ecfr.gov/on/2026-10-01/title-30/section-57.14209	us-gov-public-domain	30 CFR 57.14209; PART 57 - SAFETY AND HEALTH STANDARDS - UNDERGROUND METAL AND NONMETAL MINES; Subpart M - Machinery and Equipment; eCFR as of 2026-10-01
cfr30-57.14210	57.14210 Movement of dippers, buckets, loading booms, or suspended loads.	https://www.ecfr.gov/on/2026-10-01/title-30/section-57.14210	us-gov-public-domain	30 CFR 57.14210; PART 57 - SAFETY AND HEALTH STANDARDS - UNDERGROUND METAL AND NONMETAL MINES; Subpart M - Machinery and Equipment; eCFR as of 2026-10-01
cfr30-57.14211	57.14211 Blocking equipment in a raised position.	https://www.ecfr.gov/on/2026-10-01/title-30/section-57.14211	us-gov-public-domain	30 CFR 57.14211; PART 57 - SAFETY AND HEALTH STANDARDS - UNDERGROUND METAL AND NONMETAL MINES; Subpart M - Machinery and Equipment; eCFR as of 2026-10-01
cfr30-57.14212	57.14212 Chains, ropes, and drive belts.	https://www.ecfr.gov/on/2026-10-01/title-30/section-57.14212	us-gov-public-domain	30 CFR 57.14212; PART 57 - SAFETY AND HEALTH STANDARDS - UNDERGROUND METAL AND NONMETAL MINES; Subpart M - Machinery and Equipment; eCFR as of 2026-10-01
cfr30-57.14213	57.14213 Ventilation and shielding for welding.	https://www.ecfr.gov/on/2026-10-01/title-30/section-57.14213	us-gov-public-domain	30 CFR 57.14213; PART 57 - SAFETY AND HEALTH STANDARDS - UNDERGROUND METAL AND NONMETAL MINES; Subpart M - Machinery and Equipment; eCFR as of 2026-10-01
cfr30-57.14214	57.14214 Train warnings.	https://www.ecfr.gov/on/2026-10-01/title-30/section-57.14214	us-gov-public-domain	30 CFR 57.14214; PART 57 - SAFETY AND HEALTH STANDARDS - UNDERGROUND METAL AND NONMETAL MINES; Subpart M - Machinery and Equipment; eCFR as of 2026-10-01
cfr30-57.14215	57.14215 Coupling or uncoupling cars.	https://www.ecfr.gov/on/2026-10-01/title-30/section-57.14215	us-gov-public-domain	30 CFR 57.14215; PART 57 - SAFETY AND HEALTH STANDARDS - UNDERGROUND METAL AND NONMETAL MINES; Subpart M - Machinery and Equipment; eCFR as of 2026-10-01
cfr30-57.14216	57.14216 Backpoling.	https://www.ecfr.gov/on/2026-10-01/title-30/section-57.14216	us-gov-public-domain	30 CFR 57.14216; PART 57 - SAFETY AND HEALTH STANDARDS - UNDERGROUND METAL AND NONMETAL MINES; Subpart M - Machinery and Equipment; eCFR as of 2026-10-01
cfr30-57.14217	57.14217 Securing parked railcars.	https://www.ecfr.gov/on/2026-10-01/title-30/section-57.14217	us-gov-public-domain	30 CFR 57.14217; PART 57 - SAFETY AND HEALTH STANDARDS - UNDERGROUND METAL AND NONMETAL MINES; Subpart M - Machinery and Equipment; eCFR as of 2026-10-01
cfr30-57.14218	57.14218 Movement of equipment on adjacent tracks.	https://www.ecfr.gov/on/2026-10-01/title-30/section-57.14218	us-gov-public-domain	30 CFR 57.14218; PART 57 - SAFETY AND HEALTH STANDARDS - UNDERGROUND METAL AND NONMETAL MINES; Subpart M - Machinery and Equipment; eCFR as of 2026-10-01
cfr30-57.14219	57.14219 Brakeman signals.	https://www.ecfr.gov/on/2026-10-01/title-30/section-57.14219	us-gov-public-domain	30 CFR 57.14219; PART 57 - SAFETY AND HEALTH STANDARDS - UNDERGROUND METAL AND NONMETAL MINES; Subpart M - Machinery and Equipment; eCFR as of 2026-10-01
cfr30-57.15001	57.15001 First aid materials.	https://www.ecfr.gov/on/2026-10-01/title-30/section-57.15001	us-gov-public-domain	30 CFR 57.15001; PART 57 - SAFETY AND HEALTH STANDARDS - UNDERGROUND METAL AND NONMETAL MINES; Subpart N - Personal Protection; eCFR as of 2026-10-01
cfr30-57.15002	57.15002 Hard hats.	https://www.ecfr.gov/on/2026-10-01/title-30/section-57.15002	us-gov-public-domain	30 CFR 57.15002; PART 57 - SAFETY AND HEALTH STANDARDS - UNDERGROUND METAL AND NONMETAL MINES; Subpart N - Personal Protection; eCFR as of 2026-10-01
cfr30-57.15003	57.15003 Protective footwear.	https://www.ecfr.gov/on/2026-10-01/title-30/section-57.15003	us-gov-public-domain	30 CFR 57.15003; PART 57 - SAFETY AND HEALTH STANDARDS - UNDERGROUND METAL AND NONMETAL MINES; Subpart N - Personal Protection; eCFR as of 2026-10-01
cfr30-57.15004	57.15004 Eye protection.	https://www.ecfr.gov/on/2026-10-01/title-30/section-57.15004	us-gov-public-domain	30 CFR 57.15004; PART 57 - SAFETY AND HEALTH STANDARDS - UNDERGROUND METAL AND NONMETAL MINES; Subpart N - Personal Protection; eCFR as of 2026-10-01
cfr30-57.15005	57.15005 Safety belts and lines.	https://www.ecfr.gov/on/2026-10-01/title-30/section-57.15005	us-gov-public-domain	30 CFR 57.15005; PART 57 - SAFETY AND HEALTH STANDARDS - UNDERGROUND METAL AND NONMETAL MINES; Subpart N - Personal Protection; eCFR as of 2026-10-01
cfr30-57.15006	57.15006 Protective equipment and clothing for hazards and irritants.	https://www.ecfr.gov/on/2026-10-01/title-30/section-57.15006	us-gov-public-domain	30 CFR 57.15006; PART 57 - SAFETY AND HEALTH STANDARDS - UNDERGROUND METAL AND NONMETAL MINES; Subpart N - Personal Protection; eCFR as of 2026-10-01
cfr30-57.15007	57.15007 Protective equipment or clothing for welding, cutting, or working with molten metal.	https://www.ecfr.gov/on/2026-10-01/title-30/section-57.15007	us-gov-public-domain	30 CFR 57.15007; PART 57 - SAFETY AND HEALTH STANDARDS - UNDERGROUND METAL AND NONMETAL MINES; Subpart N - Personal Protection; eCFR as of 2026-10-01
cfr30-57.15014	57.15014 Eye protection when operating grinding wheels.	https://www.ecfr.gov/on/2026-10-01/title-30/section-57.15014	us-gov-public-domain	30 CFR 57.15014; PART 57 - SAFETY AND HEALTH STANDARDS - UNDERGROUND METAL AND NONMETAL MINES; Subpart N - Personal Protection; eCFR as of 2026-10-01
cfr30-57.15020	57.15020 Life jackets and belts.	https://www.ecfr.gov/on/2026-10-01/title-30/section-57.15020	us-gov-public-domain	30 CFR 57.15020; PART 57 - SAFETY AND HEALTH STANDARDS - UNDERGROUND METAL AND NONMETAL MINES; Subpart N - Personal Protection; eCFR as of 2026-10-01
cfr30-57.15030	57.15030 Provision and maintenance of self-rescue devices.	https://www.ecfr.gov/on/2026-10-01/title-30/section-57.15030	us-gov-public-domain	30 CFR 57.15030; PART 57 - SAFETY AND HEALTH STANDARDS - UNDERGROUND METAL AND NONMETAL MINES; Subpart N - Personal Protection; eCFR as of 2026-10-01
cfr30-57.15031	57.15031 Location of self-rescue devices.	https://www.ecfr.gov/on/2026-10-01/title-30/section-57.15031	us-gov-public-domain	30 CFR 57.15031; PART 57 - SAFETY AND HEALTH STANDARDS - UNDERGROUND METAL AND NONMETAL MINES; Subpart N - Personal Protection; eCFR as of 2026-10-01
cfr30-57.16001	57.16001 Stacking and storage of materials.	https://www.ecfr.gov/on/2026-10-01/title-30/section-57.16001	us-gov-public-domain	30 CFR 57.16001; PART 57 - SAFETY AND HEALTH STANDARDS - UNDERGROUND METAL AND NONMETAL MINES; Subpart O - Materials Storage and Handling; eCFR as of 2026-10-01
cfr30-57.16002	57.16002 Bins, hoppers, silos, tanks, and surge piles.	https://www.ecfr.gov/on/2026-10-01/title-30/section-57.16002	us-gov-public-domain	30 CFR 57.16002; PART 57 - SAFETY AND HEALTH STANDARDS - UNDERGROUND METAL AND NONMETAL MINES; Subpart O - Materials Storage and Handling; eCFR as of 2026-10-01
cfr30-57.16003	57.16003 Storage of hazardous materials.	https://www.ecfr.gov/on/2026-10-01/title-30/section-57.16003	us-gov-public-domain	30 CFR 57.16003; PART 57 - SAFETY AND HEALTH STANDARDS - UNDERGROUND METAL AND NONMETAL MINES; Subpart O - Materials Storage and Handling; eCFR as of 2026-10-01
cfr30-57.16004	57.16004 Containers for hazardous materials.	https://www.ecfr.gov/on/2026-10-01/title-30/section-57.16004	us-gov-public-domain	30 CFR 57.16004; PART 57 - SAFETY AND HEALTH STANDARDS - UNDERGROUND METAL AND NONMETAL MINES; Subpart O - Materials Storage and Handling; eCFR as of 2026-10-01
cfr30-57.16005	57.16005 Securing gas cylinders.	https://www.ecfr.gov/on/2026-10-01/title-30/section-57.16005	us-gov-public-domain	30 CFR 57.16005; PART 57 - SAFETY AND HEALTH STANDARDS - UNDERGROUND METAL AND NONMETAL MINES; Subpart O - Materials Storage and Handling; eCFR as of 2026-10-01
cfr30-57.16006	57.16006 Protection of gas cylinder valves.	https://www.ecfr.gov/on/2026-10-01/title-30/section-57.16006	us-gov-public-domain	30 CFR 57.16006; PART 57 - SAFETY AND HEALTH STANDARDS - UNDERGROUND METAL AND NONMETAL MINES; Subpart O - Materials Storage and Handling; eCFR as of 2026-10-01
cfr30-57.16007	57.16007 Taglines, hitches, and slings.	https://www.ecfr.gov/on/2026-10-01/title-30/section-57.16007	us-gov-public-domain	30 CFR 57.16007; PART 57 - SAFETY AND HEALTH STANDARDS - UNDERGROUND METAL AND NONMETAL MINES; Subpart O - Materials Storage and Handling; eCFR as of 2026-10-01
cfr30-57.16009	57.16009 Suspended loads.	https://www.ecfr.gov/on/2026-10-01/title-30/section-57.16009	us-gov-public-domain	30 CFR 57.16009; PART 57 - SAFETY AND HEALTH STANDARDS - UNDERGROUND METAL AND NONMETAL MINES; Subpart O - Materials Storage and Handling; eCFR as of 2026-10-01
cfr30-57.16010	57.16010 Dropping materials from overhead.	https://www.ecfr.gov/on/2026-10-01/title-30/section-57.16010	us-gov-public-domain	30 CFR 57.16010; PART 57 - SAFETY AND HEALTH STANDARDS - UNDERGROUND METAL AND NONMETAL MINES; Subpart O - Materials Storage and Handling; eCFR as of 2026-10-01
cfr30-57.16011	57.16011 Riding hoisted loads or on the hoist hook.	https://www.ecfr.gov/on/2026-10-01/title-30/section-57.16011	us-gov-public-domain	30 CFR 57.16011; PART 57 - SAFETY AND HEALTH STANDARDS - UNDERGROUND METAL AND NONMETAL MINES; Subpart O - Materials Storage and Handling; eCFR as of 2026-10-01
cfr30-57.16012	57.16012 Storage of incompatible substances.	https://www.ecfr.gov/on/2026-10-01/title-30/section-57.16012	us-gov-public-domain	30 CFR 57.16012; PART 57 - SAFETY AND HEALTH STANDARDS - UNDERGROUND METAL AND NONMETAL MINES; Subpart O - Materials Storage and Handling; eCFR as of 2026-10-01
cfr30-57.16013	57.16013 Working with molten metal.	https://www.ecfr.gov/on/2026-10-01/title-30/section-57.16013	us-gov-public-domain	30 CFR 57.16013; PART 57 - SAFETY AND HEALTH STANDARDS - UNDERGROUND METAL AND NONMETAL MINES; Subpart O - Materials Storage and Handling; eCFR as of 2026-10-01
cfr30-57.16014	57.16014 Operator-carrying overhead cranes.	https://www.ecfr.gov/on/2026-10-01/title-30/section-57.16014	us-gov-public-domain	30 CFR 57.16014; PART 57 - SAFETY AND HEALTH STANDARDS - UNDERGROUND METAL AND NONMETAL MINES; Subpart O - Materials Storage and Handling; eCFR as of 2026-10-01
cfr30-57.16015	57.16015 Work or travel on overhead crane bridges.	https://www.ecfr.gov/on/2026-10-01/title-30/section-57.16015	us-gov-public-domain	30 CFR 57.16015; PART 57 - SAFETY AND HEALTH STANDARDS - UNDERGROUND METAL AND NONMETAL MINES; Subpart O - Materials Storage and Handling; eCFR as of 2026-10-01
cfr30-57.16016	57.16016 Lift trucks.	https://www.ecfr.gov/on/2026-10-01/title-30/section-57.16016	us-gov-public-domain	30 CFR 57.16016; PART 57 - SAFETY AND HEALTH STANDARDS - UNDERGROUND METAL AND NONMETAL MINES; Subpart O - Materials Storage and Handling; eCFR as of 2026-10-01
cfr30-57.16017	57.16017 Hoisting heavy equipment or material.	https://www.ecfr.gov/on/2026-10-01/title-30/section-57.16017	us-gov-public-domain	30 CFR 57.16017; PART 57 - SAFETY AND HEALTH STANDARDS - UNDERGROUND METAL AND NONMETAL MINES; Subpart O - Materials Storage and Handling; eCFR as of 2026-10-01
cfr30-57.17001	57.17001 Illumination of surface working areas.	https://www.ecfr.gov/on/2026-10-01/title-30/section-57.17001	us-gov-public-domain	30 CFR 57.17001; PART 57 - SAFETY AND HEALTH STANDARDS - UNDERGROUND METAL AND NONMETAL MINES; Subpart P - Illumination; eCFR as of 2026-10-01
cfr30-57.17010	57.17010 Electric lamps.	https://www.ecfr.gov/on/2026-10-01/title-30/section-57.17010	us-gov-public-domain	30 CFR 57.17010; PART 57 - SAFETY AND HEALTH STANDARDS - UNDERGROUND METAL AND NONMETAL MINES; Subpart P - Illumination; eCFR as of 2026-10-01
cfr30-57.18002	57.18002 Examination of working places.	https://www.ecfr.gov/on/2026-10-01/title-30/section-57.18002	us-gov-public-domain	30 CFR 57.18002; PART 57 - SAFETY AND HEALTH STANDARDS - UNDERGROUND METAL AND NONMETAL MINES; Subpart Q - Safety Programs; eCFR as of 2026-10-01
cfr30-57.18006	57.18006 New employees.	https://www.ecfr.gov/on/2026-10-01/title-30/section-57.18006	us-gov-public-domain	30 CFR 57.18006; PART 57 - SAFETY AND HEALTH STANDARDS - UNDERGROUND METAL AND NONMETAL MINES; Subpart Q - Safety Programs; eCFR as of 2026-10-01
cfr30-57.18009	57.18009 Designation of person in charge.	https://www.ecfr.gov/on/2026-10-01/title-30/section-57.18009	us-gov-public-domain	30 CFR 57.18009; PART 57 - SAFETY AND HEALTH STANDARDS - UNDERGROUND METAL AND NONMETAL MINES; Subpart Q - Safety Programs; eCFR as of 2026-10-01
cfr30-57.18010	57.18010 First aid.	https://www.ecfr.gov/on/2026-10-01/title-30/section-57.18010	us-gov-public-domain	30 CFR 57.18010; PART 57 - SAFETY AND HEALTH STANDARDS - UNDERGROUND METAL AND NONMETAL MINES; Subpart Q - Safety Programs; eCFR as of 2026-10-01
cfr30-57.18012	57.18012 Emergency telephone numbers.	https://www.ecfr.gov/on/2026-10-01/title-30/section-57.18012	us-gov-public-domain	30 CFR 57.18012; PART 57 - SAFETY AND HEALTH STANDARDS - UNDERGROUND METAL AND NONMETAL MINES; Subpart Q - Safety Programs; eCFR as of 2026-10-01
cfr30-57.18013	57.18013 Emergency communications system.	https://www.ecfr.gov/on/2026-10-01/title-30/section-57.18013	us-gov-public-domain	30 CFR 57.18013; PART 57 - SAFETY AND HEALTH STANDARDS - UNDERGROUND METAL AND NONMETAL MINES; Subpart Q - Safety Programs; eCFR as of 2026-10-01
cfr30-57.18014	57.18014 Emergency medical assistance and transportation.	https://www.ecfr.gov/on/2026-10-01/title-30/section-57.18014	us-gov-public-domain	30 CFR 57.18014; PART 57 - SAFETY AND HEALTH STANDARDS - UNDERGROUND METAL AND NONMETAL MINES; Subpart Q - Safety Programs; eCFR as of 2026-10-01
cfr30-57.18020	57.18020 Working alone.	https://www.ecfr.gov/on/2026-10-01/title-30/section-57.18020	us-gov-public-domain	30 CFR 57.18020; PART 57 - SAFETY AND HEALTH STANDARDS - UNDERGROUND METAL AND NONMETAL MINES; Subpart Q - Safety Programs; eCFR as of 2026-10-01
cfr30-57.18025	57.18025 Working alone.	https://www.ecfr.gov/on/2026-10-01/title-30/section-57.18025	us-gov-public-domain	30 CFR 57.18025; PART 57 - SAFETY AND HEALTH STANDARDS - UNDERGROUND METAL AND NONMETAL MINES; Subpart Q - Safety Programs; eCFR as of 2026-10-01
cfr30-57.18028	57.18028 Mine emergency and self-rescuer training.	https://www.ecfr.gov/on/2026-10-01/title-30/section-57.18028	us-gov-public-domain	30 CFR 57.18028; PART 57 - SAFETY AND HEALTH STANDARDS - UNDERGROUND METAL AND NONMETAL MINES; Subpart Q - Safety Programs; eCFR as of 2026-10-01
cfr30-57.19000	57.19000 Application.	https://www.ecfr.gov/on/2026-10-01/title-30/section-57.19000	us-gov-public-domain	30 CFR 57.19000; PART 57 - SAFETY AND HEALTH STANDARDS - UNDERGROUND METAL AND NONMETAL MINES; Subpart R - Personnel Hoisting; eCFR as of 2026-10-01
cfr30-57.19001	57.19001 Rated capacities.	https://www.ecfr.gov/on/2026-10-01/title-30/section-57.19001	us-gov-public-domain	30 CFR 57.19001; PART 57 - SAFETY AND HEALTH STANDARDS - UNDERGROUND METAL AND NONMETAL MINES; Subpart R - Personnel Hoisting; eCFR as of 2026-10-01
cfr30-57.19002	57.19002 Anchoring.	https://www.ecfr.gov/on/2026-10-01/title-30/section-57.19002	us-gov-public-domain	30 CFR 57.19002; PART 57 - SAFETY AND HEALTH STANDARDS - UNDERGROUND METAL AND NONMETAL MINES; Subpart R - Personnel Hoisting; eCFR as of 2026-10-01
cfr30-57.19003	57.19003 Driving mechanism connections.	https://www.ecfr.gov/on/2026-10-01/title-30/section-57.19003	us-gov-public-domain	30 CFR 57.19003; PART 57 - SAFETY AND HEALTH STANDARDS - UNDERGROUND METAL AND NONMETAL MINES; Subpart R - Personnel Hoisting; eCFR as of 2026-10-01
cfr30-57.19004	57.19004 Brakes.	https://www.ecfr.gov/on/2026-10-01/title-30/section-57.19004	us-gov-public-domain	30 CFR 57.19004; PART 57 - SAFETY AND HEALTH STANDARDS - UNDERGROUND METAL AND NONMETAL MINES; Subpart R - Personnel Hoisting; eCFR as of 2026-10-01
cfr30-57.19005	57.19005 Locking mechanism for clutch.	https://www.ecfr.gov/on/2026-10-01/title-30/section-57.19005	us-gov-public-domain	30 CFR 57.19005; PART 57 - SAFETY AND HEALTH STANDARDS - UNDERGROUND METAL AND NONMETAL MINES; Subpart R - Personnel Hoisting; eCFR as of 2026-10-01
cfr30-57.19006	57.19006 Automatic hoist braking devices.	https://www.ecfr.gov/on/2026-10-01/title-30/section-57.19006	us-gov-public-domain	30 CFR 57.19006; PART 57 - SAFETY AND HEALTH STANDARDS - UNDERGROUND METAL AND NONMETAL MINES; Subpart R - Personnel Hoisting; eCFR as of 2026-10-01
cfr30-57.19007	57.19007 Overtravel and overspeed devices.	https://www.ecfr.gov/on/2026-10-01/title-30/section-57.19007	us-gov-public-domain	30 CFR 57.19007; PART 57 - SAFETY AND HEALTH STANDARDS - UNDERGROUND METAL AND NONMETAL MINES; Subpart R - Personnel Hoisting; eCFR as of 2026-10-01
cfr30-57.19008	57.19008 Friction hoist synchronizing mechanisms.	https://www.ecfr.gov/on/2026-10-01/title-30/section-57.19008	us-gov-public-domain	30 CFR 57.19008; PART 57 - SAFETY AND HEALTH STANDARDS - UNDERGROUND METAL AND NONMETAL MINES; Subpart R - Personnel Hoisting; eCFR as of 2026-10-01
cfr30-57.19009	57.19009 Position indicator.	https://www.ecfr.gov/on/2026-10-01/title-30/section-57.19009	us-gov-public-domain	30 CFR 57.19009; PART 57 - SAFETY AND HEALTH STANDARDS - UNDERGROUND METAL AND NONMETAL MINES; Subpart R - Personnel Hoisting; eCFR as of 2026-10-01
cfr30-57.19010	57.19010 Location of hoist controls.	https://www.ecfr.gov/on/2026-10-01/title-30/section-57.19010	us-gov-public-domain	30 CFR 57.19010; PART 57 - SAFETY AND HEALTH STANDARDS - UNDERGROUND METAL AND NONMETAL MINES; Subpart R - Personnel Hoisting; eCFR as of 2026-10-01
cfr30-57.19011	57.19011 Drum flanges.	https://www.ecfr.gov/on/2026-10-01/title-30/section-57.19011	us-gov-public-domain	30 CFR 57.19011; PART 57 - SAFETY AND HEALTH STANDARDS - UNDERGROUND METAL AND NONMETAL MINES; Subpart R - Personnel Hoisting; eCFR as of 2026-10-01
cfr30-57.19012	57.19012 Grooved drums.	https://www.ecfr.gov/on/2026-10-01/title-30/section-57.19012	us-gov-public-domain	30 CFR 57.19012; PART 57 - SAFETY AND HEALTH STANDARDS - UNDERGROUND METAL AND NONMETAL MINES; Subpart R - Personnel Hoisting; eCFR as of 2026-10-01
cfr30-57.19013	57.19013 Diesel- and other fuel-injection-powered hoists.	https://www.ecfr.gov/on/2026-10-01/title-30/section-57.19013	us-gov-public-domain	30 CFR 57.19013; PART 57 - SAFETY AND HEALTH STANDARDS - UNDERGROUND METAL AND NONMETAL MINES; Subpart R - Personnel Hoisting; eCFR as of 2026-10-01
cfr30-57.19014	57.19014 Friction hoist overtravel protection.	https://www.ecfr.gov/on/2026-10-01/title-30/section-57.19014	us-gov-public-domain	30 CFR 57.19014; PART 57 - SAFETY AND HEALTH STANDARDS - UNDERGROUND METAL AND NONMETAL MINES; Subpart R - Personnel Hoisting; eCFR as of 2026-10-01
cfr30-57.19017	57.19017 Emergency braking for electric hoists.	https://www.ecfr.gov/on/2026-10-01/title-30/section-57.19017	us-gov-public-domain	30 CFR 57.19017; PART 57 - SAFETY AND HEALTH STANDARDS - UNDERGROUND METAL AND NONMETAL MINES; Subpart R - Personnel Hoisting; eCFR as of 2026-10-01
cfr30-57.19018	57.19018 Overtravel by-pass switches.	https://www.ecfr.gov/on/2026-10-01/title-30/section-57.19018	us-gov-public-domain	30 CFR 57.19018; PART 57 - SAFETY AND HEALTH STANDARDS - UNDERGROUND METAL AND NONMETAL MINES; Subpart R - Personnel Hoisting; eCFR as of 2026-10-01
cfr30-57.19019	57.19019 Guide ropes.	https://www.ecfr.gov/on/2026-10-01/title-30/section-57.19019	us-gov-public-domain	30 CFR 57.19019; PART 57 - SAFETY AND HEALTH STANDARDS - UNDERGROUND METAL AND NONMETAL MINES; Subpart R - Personnel Hoisting; eCFR as of 2026-10-01
cfr30-57.19021	57.19021 Minimum rope strength.	https://www.ecfr.gov/on/2026-10-01/title-30/section-57.19021	us-gov-public-domain	30 CFR 57.19021; PART 57 - SAFETY AND HEALTH STANDARDS - UNDERGROUND METAL AND NONMETAL MINES; Subpart R - Personnel Hoisting; eCFR as of 2026-10-01
cfr30-57.19022	57.19022 Initial measurement.	https://www.ecfr.gov/on/2026-10-01/title-30/section-57.19022	us-gov-public-domain	30 CFR 57.19022; PART 57 - SAFETY AND HEALTH STANDARDS - UNDERGROUND METAL AND NONMETAL MINES; Subpart R - Personnel Hoisting; eCFR as of 2026-10-01
cfr30-57.19023	57.19023 Examinations.	https://www.ecfr.gov/on/2026-10-01/title-30/section-57.19023	us-gov-public-domain	30 CFR 57.19023; PART 57 - SAFETY AND HEALTH STANDARDS - UNDERGROUND METAL AND NONMETAL MINES; Subpart R - Personnel Hoisting; eCFR as of 2026-10-01
cfr30-57.19024	57.19024 Retirement criteria.	https://www.ecfr.gov/on/2026-10-01/title-30/section-57.19024	us-gov-public-domain	30 CFR 57.19024; PART 57 - SAFETY AND HEALTH STANDARDS - UNDERGROUND METAL AND NONMETAL MINES; Subpart R - Personnel Hoisting; eCFR as of 2026-10-01
cfr30-57.19025	57.19025 Load end attachments.	https://www.ecfr.gov/on/2026-10-01/title-30/section-57.19025	us-gov-public-domain	30 CFR 57.19025; PART 57 - SAFETY AND HEALTH STANDARDS - UNDERGROUND METAL AND NONMETAL MINES; Subpart R - Personnel Hoisting; eCFR as of 2026-10-01
cfr30-57.19026	57.19026 Drum end attachment.	https://www.ecfr.gov/on/2026-10-01/title-30/section-57.19026	us-gov-public-domain	30 CFR 57.19026; PART 57 - SAFETY AND HEALTH STANDARDS - UNDERGROUND METAL AND NONMETAL MINES; Subpart R - Personnel Hoisting; eCFR as of 2026-10-01
cfr30-57.19027	57.19027 End attachment retermination.	https://www.ecfr.gov/on/2026-10-01/title-30/section-57.19027	us-gov-public-domain	30 CFR 57.19027; PART 57 - SAFETY AND HEALTH STANDARDS - UNDERGROUND METAL AND NONMETAL MINES; Subpart R - Personnel Hoisting; eCFR as of 2026-10-01
cfr30-57.19028	57.19028 End attachment replacement.	https://www.ecfr.gov/on/2026-10-01/title-30/section-57.19028	us-gov-public-domain	30 CFR 57.19028; PART 57 - SAFETY AND HEALTH STANDARDS - UNDERGROUND METAL AND NONMETAL MINES; Subpart R - Personnel Hoisting; eCFR as of 2026-10-01
cfr30-57.19030	57.19030 Safety device attachments.	https://www.ecfr.gov/on/2026-10-01/title-30/section-57.19030	us-gov-public-domain	30 CFR 57.19030; PART 57 - SAFETY AND HEALTH STANDARDS - UNDERGROUND METAL AND NONMETAL MINES; Subpart R - Personnel Hoisting; eCFR as of 2026-10-01
cfr30-57.19035	57.19035 Headframe design.	https://www.ecfr.gov/on/2026-10-01/title-30/section-57.19035	us-gov-public-domain	30 CFR 57.19035; PART 57 - SAFETY AND HEALTH STANDARDS - UNDERGROUND METAL AND NONMETAL MINES; Subpart R - Personnel Hoisting; eCFR as of 2026-10-01
cfr30-57.19036	57.19036 Headframe height.	https://www.ecfr.gov/on/2026-10-01/title-30/section-57.19036	us-gov-public-domain	30 CFR 57.19036; PART 57 - SAFETY AND HEALTH STANDARDS - UNDERGROUND METAL AND NONMETAL MINES; Subpart R - Personnel Hoisting; eCFR as of 2026-10-01
cfr30-57.19037	57.19037 Fleet angles.	https://www.ecfr.gov/on/2026-10-01/title-30/section-57.19037	us-gov-public-domain	30 CFR 57.19037; PART 57 - SAFETY AND HEALTH STANDARDS - UNDERGROUND METAL AND NONMETAL MINES; Subpart R - Personnel Hoisting; eCFR as of 2026-10-01
cfr30-57.19038	57.19038 Platforms around elevated head sheaves.	https://www.ecfr.gov/on/2026-10-01/title-30/section-57.19038	us-gov-public-domain	30 CFR 57.19038; PART 57 - SAFETY AND HEALTH STANDARDS - UNDERGROUND METAL AND NONMETAL MINES; Subpart R - Personnel Hoisting; eCFR as of 2026-10-01
cfr30-57.19045	57.19045 Metal bonnets.	https://www.ecfr.gov/on/2026-10-01/title-30/section-57.19045	us-gov-public-domain	30 CFR 57.19045; PART 57 - SAFETY AND HEALTH STANDARDS - UNDERGROUND METAL AND NONMETAL MINES; Subpart R - Personnel Hoisting; eCFR as of 2026-10-01
cfr30-57.19049	57.19049 Hoisting persons in buckets.	https://www.ecfr.gov/on/2026-10-01/title-30/section-57.19049	us-gov-public-domain	30 CFR 57.19049; PART 57 - SAFETY AND HEALTH STANDARDS - UNDERGROUND METAL AND NONMETAL MINES; Subpart R - Personnel Hoisting; eCFR as of 2026-10-01
cfr30-57.19050	57.19050 Bucket requirements.	https://www.ecfr.gov/on/2026-10-01/title-30/section-57.19050	us-gov-public-domain	30 CFR 57.19050; PART 57 - SAFETY AND HEALTH STANDARDS - UNDERGROUND METAL AND NONMETAL MINES; Subpart R - Personnel Hoisting; eCFR as of 2026-10-01
cfr30-57.19054	57.19054 Rope guides.	https://www.ecfr.gov/on/2026-10-01/title-30/section-57.19054	us-gov-public-domain	30 CFR 57.19054; PART 57 - SAFETY AND HEALTH STANDARDS - UNDERGROUND METAL AND NONMETAL MINES; Subpart R - Personnel Hoisting; eCFR as of 2026-10-01
cfr30-57.19055	57.19055 Availability of hoist operator for manual hoists.	https://www.ecfr.gov/on/2026-10-01/title-30/section-57.19055	us-gov-public-domain	30 CFR 57.19055; PART 57 - SAFETY AND HEALTH STANDARDS - UNDERGROUND METAL AND NONMETAL MINES; Subpart R - Personnel Hoisting; eCFR as of 2026-10-01
cfr30-57.19056	57.19056 Availability of hoist operator for automatic hoists.	https://www.ecfr.gov/on/2026-10-01/title-30/section-57.19056	us-gov-public-domain	30 CFR 57.19056; PART 57 - SAFETY AND HEALTH STANDARDS - UNDERGROUND METAL AND NONMETAL MINES; Subpart R - Personnel Hoisting; eCFR as of 2026-10-01
cfr30-57.19057	57.19057 Hoist operator's physical fitness.	https://www.ecfr.gov/on/2026-10-01/title-30/section-57.19057	us-gov-public-domain	30 CFR 57.19057; PART 57 - SAFETY AND HEALTH STANDARDS - UNDERGROUND METAL AND NONMETAL MINES; Subpart R - Personnel Hoisting; eCFR as of 2026-10-01
cfr30-57.19058	57.19058 Experienced hoist operators.	https://www.ecfr.gov/on/2026-10-01/title-30/section-57.19058	us-gov-public-domain	30 CFR 57.19058; PART 57 - SAFETY AND HEALTH STANDARDS - UNDERGROUND METAL AND NONMETAL MINES; Subpart R - Personnel Hoisting; eCFR as of 2026-10-01
cfr30-57.19061	57.19061 Maximum hoisting speeds.	https://www.ecfr.gov/on/2026-10-01/title-30/section-57.19061	us-gov-public-domain	30 CFR 57.19061; PART 57 - SAFETY AND HEALTH STANDARDS - UNDERGROUND METAL AND NONMETAL MINES; Subpart R - Personnel Hoisting; eCFR as of 2026-10-01
cfr30-57.19062	57.19062 Maximum acceleration and deceleration.	https://www.ecfr.gov/on/2026-10-01/title-30/section-57.19062	us-gov-public-domain	30 CFR 57.19062; PART 57 - SAFETY AND HEALTH STANDARDS - UNDERGROUND METAL AND NONMETAL MINES; Subpart R - Personnel Hoisting; eCFR as of 2026-10-01
cfr30-57.19063	57.19063 Persons allowed in hoist room.	https://www.ecfr.gov/on/2026-10-01/title-30/section-57.19063	us-gov-public-domain	30 CFR 57.19063; PART 57 - SAFETY AND HEALTH STANDARDS - UNDERGROUND METAL AND NONMETAL MINES; Subpart R - Personnel Hoisting; eCFR as of 2026-10-01
cfr30-57.19065	57.19065 Lowering conveyances by the brakes.	https://www.ecfr.gov/on/2026-10-01/title-30/section-57.19065	us-gov-public-domain	30 CFR 57.19065; PART 57 - SAFETY AND HEALTH STANDARDS - UNDERGROUND METAL AND NONMETAL MINES; Subpart R - Personnel Hoisting; eCFR as of 2026-10-01
cfr30-57.19066	57.19066 Maximum riders in a conveyance.	https://www.ecfr.gov/on/2026-10-01/title-30/section-57.19066	us-gov-public-domain	30 CFR 57.19066; PART 57 - SAFETY AND HEALTH STANDARDS - UNDERGROUND METAL AND NONMETAL MINES; Subpart R - Personnel Hoisting; eCFR as of 2026-10-01
cfr30-57.19067	57.19067 Trips during shift changes.	https://www.ecfr.gov/on/2026-10-01/title-30/section-57.19067	us-gov-public-domain	30 CFR 57.19067; PART 57 - SAFETY AND HEALTH STANDARDS - UNDERGROUND METAL AND NONMETAL MINES; Subpart R - Personnel Hoisting; eCFR as of 2026-10-01
cfr30-57.19068	57.19068 Orderly conduct in conveyances.	https://www.ecfr.gov/on/2026-10-01/title-30/section-57.19068	us-gov-public-domain	30 CFR 57.19068; PART 57 - SAFETY AND HEALTH STANDARDS - UNDERGROUND METAL AND NONMETAL MINES; Subpart R - Personnel Hoisting; eCFR as of 2026-10-01
cfr30-57.19069	57.19069 Entering and leaving conveyances.	https://www.ecfr.gov/on/2026-10-01/title-30/section-57.19069	us-gov-public-domain	30 CFR 57.19069; PART 57 - SAFETY AND HEALTH STANDARDS - UNDERGROUND METAL AND NONMETAL MINES; Subpart R - Personnel Hoisting; eCFR as of 2026-10-01
cfr30-57.19070	57.19070 Closing cage doors or gates.	https://www.ecfr.gov/on/2026-10-01/title-30/section-57.19070	us-gov-public-domain	30 CFR 57.19070; PART 57 - SAFETY AND HEALTH STANDARDS - UNDERGROUND METAL AND NONMETAL MINES; Subpart R - Personnel Hoisting; eCFR as of 2026-10-01
cfr30-57.19071	57.19071 Riding in skips or buckets.	https://www.ecfr.gov/on/2026-10-01/title-30/section-57.19071	us-gov-public-domain	30 CFR 57.19071; PART 57 - SAFETY AND HEALTH STANDARDS - UNDERGROUND METAL AND NONMETAL MINES; Subpart R - Personnel Hoisting; eCFR as of 2026-10-01
cfr30-57.19072	57.19072 Skips and cages in same compartment.	https://www.ecfr.gov/on/2026-10-01/title-30/section-57.19072	us-gov-public-domain	30 CFR 57.19072; PART 57 - SAFETY AND HEALTH STANDARDS - UNDERGROUND METAL AND NONMETAL MINES; Subpart R - Personnel Hoisting; eCFR as of 2026-10-01
cfr30-57.19073	57.19073 Hoisting during shift changes.	https://www.ecfr.gov/on/2026-10-01/title-30/section-57.19073	us-gov-public-domain	30 CFR 57.19073; PART 57 - SAFETY AND HEALTH STANDARDS - UNDERGROUND METAL AND NONMETAL MINES; Subpart R - Personnel Hoisting; eCFR as of 2026-10-01
cfr30-57.19074	57.19074 Riding the bail, rim, bonnet, or crosshead.	https://www.ecfr.gov/on/2026-10-01/title-30/section-57.19074	us-gov-public-domain	30 CFR 57.19074; PART 57 - SAFETY AND HEALTH STANDARDS - UNDERGROUND METAL AND NONMETAL MINES; Subpart R - Personnel Hoisting; eCFR as of 2026-10-01
cfr30-57.19075	57.19075 Use of open hooks.	https://www.ecfr.gov/on/2026-10-01/title-30/section-57.19075	us-gov-public-domain	30 CFR 57.19075; PART 57 - SAFETY AND HEALTH STANDARDS - UNDERGROUND METAL AND NONMETAL MINES; Subpart R - Personnel Hoisting; eCFR as of 2026-10-01
cfr30-57.19076	57.19076 Maximum speeds for hoisting persons in buckets.	https://www.ecfr.gov/on/2026-10-01/title-30/section-57.19076	us-gov-public-domain	30 CFR 57.19076; PART 57 - SAFETY AND HEALTH STANDARDS - UNDERGROUND METAL AND NONMETAL MINES; Subpart R - Personnel Hoisting; eCFR as of 2026-10-01
cfr30-57.19077	57.19077 Lowering buckets.	https://www.ecfr.gov/on/2026-10-01/title-30/section-57.19077	us-gov-public-domain	30 CFR 57.19077; PART 57 - SAFETY AND HEALTH STANDARDS - UNDERGROUND METAL AND NONMETAL MINES; Subpart R - Personnel Hoisting; eCFR as of 2026-10-01
cfr30-57.19078	57.19078 Hoisting buckets from the shaft bottom.	https://www.ecfr.gov/on/2026-10-01/title-30/section-57.19078	us-gov-public-domain	30 CFR 57.19078; PART 57 - SAFETY AND HEALTH STANDARDS - UNDERGROUND METAL AND NONMETAL MINES; Subpart R - Personnel Hoisting; eCFR as of 2026-10-01
cfr30-57.19079	57.19079 Blocking mine cars.	https://www.ecfr.gov/on/2026-10-01/title-30/section-57.19079	us-gov-public-domain	30 CFR 57.19079; PART 57 - SAFETY AND HEALTH STANDARDS - UNDERGROUND METAL AND NONMETAL MINES; Subpart R - Personnel Hoisting; eCFR as of 2026-10-01
cfr30-57.19080	57.19080 Hoisting tools, timbers, and other materials.	https://www.ecfr.gov/on/2026-10-01/title-30/section-57.19080	us-gov-public-domain	30 CFR 57.19080; PART 57 - SAFETY AND HEALTH STANDARDS - UNDERGROUND METAL AND NONMETAL MINES; Subpart R - Personnel Hoisting; eCFR as of 2026-10-01
cfr30-57.19081	57.19081 Conveyances not in use.	https://www.ecfr.gov/on/2026-10-01/title-30/section-57.19081	us-gov-public-domain	30 CFR 57.19081; PART 57 - SAFETY AND HEALTH STANDARDS - UNDERGROUND METAL AND NONMETAL MINES; Subpart R - Personnel Hoisting; eCFR as of 2026-10-01
cfr30-57.19083	57.19083 Overtravel backout device.	https://www.ecfr.gov/on/2026-10-01/title-30/section-57.19083	us-gov-public-domain	30 CFR 57.19083; PART 57 - SAFETY AND HEALTH STANDARDS - UNDERGROUND METAL AND NONMETAL MINES; Subpart R - Personnel Hoisting; eCFR as of 2026-10-01
cfr30-57.19090	57.19090 Dual signaling systems.	https://www.ecfr.gov/on/2026-10-01/title-30/section-57.19090	us-gov-public-domain	30 CFR 57.19090; PART 57 - SAFETY AND HEALTH STANDARDS - UNDERGROUND METAL AND NONMETAL MINES; Subpart R - Personnel Hoisting; eCFR as of 2026-10-01
cfr30-57.19091	57.19091 Signaling instructions to hoist operator.	https://www.ecfr.gov/on/2026-10-01/title-30/section-57.19091	us-gov-public-domain	30 CFR 57.19091; PART 57 - SAFETY AND HEALTH STANDARDS - UNDERGROUND METAL AND NONMETAL MINES; Subpart R - Personnel Hoisting; eCFR as of 2026-10-01
cfr30-57.19092	57.19092 Signaling from conveyances.	https://www.ecfr.gov/on/2026-10-01/title-30/section-57.19092	us-gov-public-domain	30 CFR 57.19092; PART 57 - SAFETY AND HEALTH STANDARDS - UNDERGROUND METAL AND NONMETAL MINES; Subpart R - Personnel Hoisting; eCFR as of 2026-10-01
cfr30-57.19093	57.19093 Standard signal code.	https://www.ecfr.gov/on/2026-10-01/title-30/section-57.19093	us-gov-public-domain	30 CFR 57.19093; PART 57 - SAFETY AND HEALTH STANDARDS - UNDERGROUND METAL AND NONMETAL MINES; Subpart R - Personnel Hoisting; eCFR as of 2026-10-01
cfr30-57.19094	57.19094 Posting signal code.	https://www.ecfr.gov/on/2026-10-01/title-30/section-57.19094	us-gov-public-domain	30 CFR 57.19094; PART 57 - SAFETY AND HEALTH STANDARDS - UNDERGROUND METAL AND NONMETAL MINES; Subpart R - Personnel Hoisting; eCFR as of 2026-10-01
cfr30-57.19095	57.19095 Location of signal devices.	https://www.ecfr.gov/on/2026-10-01/title-30/section-57.19095	us-gov-public-domain	30 CFR 57.19095; PART 57 - SAFETY AND HEALTH STANDARDS - UNDERGROUND METAL AND NONMETAL MINES; Subpart R - Personnel Hoisting; eCFR as of 2026-10-01
cfr30-57.19096	57.19096 Familiarity with signal code.	https://www.ecfr.gov/on/2026-10-01/title-30/section-57.19096	us-gov-public-domain	30 CFR 57.19096; PART 57 - SAFETY AND HEALTH STANDARDS - UNDERGROUND METAL AND NONMETAL MINES; Subpart R - Personnel Hoisting; eCFR as of 2026-10-01
cfr30-57.19100	57.19100 Shaft landing gates.	https://www.ecfr.gov/on/2026-10-01/title-30/section-57.19100	us-gov-public-domain	30 CFR 57.19100; PART 57 - SAFETY AND HEALTH STANDARDS - UNDERGROUND METAL AND NONMETAL MINES; Subpart R - Personnel Hoisting; eCFR as of 2026-10-01
cfr30-57.19101	57.19101 Stopblocks and derail switches.	https://www.ecfr.gov/on/2026-10-01/title-30/section-57.19101	us-gov-public-domain	30 CFR 57.19101; PART 57 - SAFETY AND HEALTH STANDARDS - UNDERGROUND METAL AND NONMETAL MINES; Subpart R - Personnel Hoisting; eCFR as of 2026-10-01
cfr30-57.19102	57.19102 Shaft guides.	https://www.ecfr.gov/on/2026-10-01/title-30/section-57.19102	us-gov-public-domain	30 CFR 57.19102; PART 57 - SAFETY AND HEALTH STANDARDS - UNDERGROUND METAL AND NONMETAL MINES; Subpart R - Personnel Hoisting; eCFR as of 2026-10-01
cfr30-57.19103	57.19103 Dumping facilities and loading pockets.	https://www.ecfr.gov/on/2026-10-01/title-30/section-57.19103	us-gov-public-domain	30 CFR 57.19103; PART 57 - SAFETY AND HEALTH STANDARDS - UNDERGROUND METAL AND NONMETAL MINES; Subpart R - Personnel Hoisting; eCFR as of 2026-10-01
cfr30-57.19104	57.19104 Clearance at shaft stations.	https://www.ecfr.gov/on/2026-10-01/title-30/section-57.19104	us-gov-public-domain	30 CFR 57.19104; PART 57 - SAFETY AND HEALTH STANDARDS - UNDERGROUND METAL AND NONMETAL MINES; Subpart R - Personnel Hoisting; eCFR as of 2026-10-01
cfr30-57.19105	57.19105 Landings with more than one shaft entrance.	https://www.ecfr.gov/on/2026-10-01/title-30/section-57.19105	us-gov-public-domain	30 CFR 57.19105; PART 57 - SAFETY AND HEALTH STANDARDS - UNDERGROUND METAL AND NONMETAL MINES; Subpart R - Personnel Hoisting; eCFR as of 2026-10-01
cfr30-57.19106	57.19106 Shaft sets.	https://www.ecfr.gov/on/2026-10-01/title-30/section-57.19106	us-gov-public-domain	30 CFR 57.19106; PART 57 - SAFETY AND HEALTH STANDARDS - UNDERGROUND METAL AND NONMETAL MINES; Subpart R - Personnel Hoisting; eCFR as of 2026-10-01
cfr30-57.19107	57.19107 Precautions for work in compartment affected by hoisting operation.	https://www.ecfr.gov/on/2026-10-01/title-30/section-57.19107	us-gov-public-domain	30 CFR 57.19107; PART 57 - SAFETY AND HEALTH STANDARDS - UNDERGROUND METAL AND NONMETAL MINES; Subpart R - Personnel Hoisting; eCFR as of 2026-10-01
cfr30-57.19108	57.19108 Posting warning signs during shaft work.	https://www.ecfr.gov/on/2026-10-01/title-30/section-57.19108	us-gov-public-domain	30 CFR 57.19108; PART 57 - SAFETY AND HEALTH STANDARDS - UNDERGROUND METAL AND NONMETAL MINES; Subpart R - Personnel Hoisting; eCFR as of 2026-10-01
cfr30-57.19109	57.19109 Shaft inspection and repair.	https://www.ecfr.gov/on/2026-10-01/title-30/section-57.19109	us-gov-public-domain	30 CFR 57.19109; PART 57 - SAFETY AND HEALTH STANDARDS - UNDERGROUND METAL AND NONMETAL MINES; Subpart R - Personnel Hoisting; eCFR as of 2026-10-01
cfr30-57.19110	57.19110 Overhead protection for shaft deepening work.	https://www.ecfr.gov/on/2026-10-01/title-30/section-57.19110	us-gov-public-domain	30 CFR 57.19110; PART 57 - SAFETY AND HEALTH STANDARDS - UNDERGROUND METAL AND NONMETAL MINES; Subpart R - Personnel Hoisting; eCFR as of 2026-10-01
cfr30-57.19111	57.19111 Shaft-sinking ladders.	https://www.ecfr.gov/on/2026-10-01/title-30/section-57.19111	us-gov-public-domain	30 CFR 57.19111; PART 57 - SAFETY AND HEALTH STANDARDS - UNDERGROUND METAL AND NONMETAL MINES; Subpart R - Personnel Hoisting; eCFR as of 2026-10-01
cfr30-57.19120	57.19120 Procedures for inspection, testing, and maintenance.	https://www.ecfr.gov/on/2026-10-01/title-30/section-57.19120	us-gov-public-domain	30 CFR 57.19120; PART 57 - SAFETY AND HEALTH STANDARDS - UNDERGROUND METAL AND NONMETAL MINES; Subpart R - Personnel Hoisting; eCFR as of 2026-10-01
cfr30-57.19121	57.19121 Recordkeeping.	https://www.ecfr.gov/on/2026-10-01/title-30/section-57.19121	us-gov-public-domain	30 CFR 57.19121; PART 57 - SAFETY AND HEALTH STANDARDS - UNDERGROUND METAL AND NONMETAL MINES; Subpart R - Personnel Hoisting; eCFR as of 2026-10-01
cfr30-57.19122	57.19122 Replacement parts.	https://www.ecfr.gov/on/2026-10-01/title-30/section-57.19122	us-gov-public-domain	30 CFR 57.19122; PART 57 - SAFETY AND HEALTH STANDARDS - UNDERGROUND METAL AND NONMETAL MINES; Subpart R - Personnel Hoisting; eCFR as of 2026-10-01
cfr30-57.19129	57.19129 Examinations and tests at beginning of shift.	https://www.ecfr.gov/on/2026-10-01/title-30/section-57.19129	us-gov-public-domain	30 CFR 57.19129; PART 57 - SAFETY AND HEALTH STANDARDS - UNDERGROUND METAL AND NONMETAL MINES; Subpart R - Personnel Hoisting; eCFR as of 2026-10-01
cfr30-57.19130	57.19130 Conveyance shaft test.	https://www.ecfr.gov/on/2026-10-01/title-30/section-57.19130	us-gov-public-domain	30 CFR 57.19130; PART 57 - SAFETY AND HEALTH STANDARDS - UNDERGROUND METAL AND NONMETAL MINES; Subpart R - Personnel Hoisting; eCFR as of 2026-10-01
cfr30-57.19131	57.19131 Hoist conveyance connections.	https://www.ecfr.gov/on/2026-10-01/title-30/section-57.19131	us-gov-public-domain	30 CFR 57.19131; PART 57 - SAFETY AND HEALTH STANDARDS - UNDERGROUND METAL AND NONMETAL MINES; Subpart R - Personnel Hoisting; eCFR as of 2026-10-01
cfr30-57.19132	57.19132 Safety catches.	https://www.ecfr.gov/on/2026-10-01/title-30/section-57.19132	us-gov-public-domain	30 CFR 57.19132; PART 57 - SAFETY AND HEALTH STANDARDS - UNDERGROUND METAL AND NONMETAL MINES; Subpart R - Personnel Hoisting; eCFR as of 2026-10-01
cfr30-57.19133	57.19133 Shaft.	https://www.ecfr.gov/on/2026-10-01/title-30/section-57.19133	us-gov-public-domain	30 CFR 57.19133; PART 57 - SAFETY AND HEALTH STANDARDS - UNDERGROUND METAL AND NONMETAL MINES; Subpart R - Personnel Hoisting; eCFR as of 2026-10-01
cfr30-57.19134	57.19134 Sheaves.	https://www.ecfr.gov/on/2026-10-01/title-30/section-57.19134	us-gov-public-domain	30 CFR 57.19134; PART 57 - SAFETY AND HEALTH STANDARDS - UNDERGROUND METAL AND NONMETAL MINES; Subpart R - Personnel Hoisting; eCFR as of 2026-10-01
cfr30-57.19135	57.19135 Rollers in inclined shafts.	https://www.ecfr.gov/on/2026-10-01/title-30/section-57.19135	us-gov-public-domain	30 CFR 57.19135; PART 57 - SAFETY AND HEALTH STANDARDS - UNDERGROUND METAL AND NONMETAL MINES; Subpart R - Personnel Hoisting; eCFR as of 2026-10-01
cfr30-57.20001	57.20001 Intoxicating beverages and narcotics.	https://www.ecfr.gov/on/2026-10-01/title-30/section-57.20001	us-gov-public-domain	30 CFR 57.20001; PART 57 - SAFETY AND HEALTH STANDARDS - UNDERGROUND METAL AND NONMETAL MINES; Subpart S - Miscellaneous; eCFR as of 2026-10-01
cfr30-57.20002	57.20002 Potable water.	https://www.ecfr.gov/on/2026-10-01/title-30/section-57.20002	us-gov-public-domain	30 CFR 57.20002; PART 57 - SAFETY AND HEALTH STANDARDS - UNDERGROUND METAL AND NONMETAL MINES; Subpart S - Miscellaneous; eCFR as of 2026-10-01
cfr30-57.20003	57.20003 Housekeeping.	https://www.ecfr.gov/on/2026-10-01/title-30/section-57.20003	us-gov-public-domain	30 CFR 57.20003; PART 57 - SAFETY AND HEALTH STANDARDS - UNDERGROUND METAL AND NONMETAL MINES; Subpart S - Miscellaneous; eCFR as of 2026-10-01
cfr30-57.20005	57.20005 Carbon tetrachloride.	https://www.ecfr.gov/on/2026-10-01/title-30/section-57.20005	us-gov-public-domain	30 CFR 57.20005; PART 57 - SAFETY AND HEALTH STANDARDS - UNDERGROUND METAL AND NONMETAL MINES; Subpart S - Miscellaneous; eCFR as of 2026-10-01
cfr30-57.20008	57.20008 Toilet facilities.	https://www.ecfr.gov/on/2026-10-01/title-30/section-57.20008	us-gov-public-domain	30 CFR 57.20008; PART 57 - SAFETY AND HEALTH STANDARDS - UNDERGROUND METAL AND NONMETAL MINES; Subpart S - Miscellaneous; eCFR as of 2026-10-01
cfr30-57.20009	57.20009 Tests for explosive dusts.	https://www.ecfr.gov/on/2026-10-01/title-30/section-57.20009	us-gov-public-domain	30 CFR 57.20009; PART 57 - SAFETY AND HEALTH STANDARDS - UNDERGROUND METAL AND NONMETAL MINES; Subpart S - Miscellaneous; eCFR as of 2026-10-01
cfr30-57.20010	57.20010 Retaining dams.	https://www.ecfr.gov/on/2026-10-01/title-30/section-57.20010	us-gov-public-domain	30 CFR 57.20010; PART 57 - SAFETY AND HEALTH STANDARDS - UNDERGROUND METAL AND NONMETAL MINES; Subpart S - Miscellaneous; eCFR as of 2026-10-01
cfr30-57.20011	57.20011 Barricades and warning signs.	https://www.ecfr.gov/on/2026-10-01/title-30/section-57.20011	us-gov-public-domain	30 CFR 57.20011; PART 57 - SAFETY AND HEALTH STANDARDS - UNDERGROUND METAL AND NONMETAL MINES; Subpart S - Miscellaneous; eCFR as of 2026-10-01
cfr30-57.20013	57.20013 Waste receptacles.	https://www.ecfr.gov/on/2026-10-01/title-30/section-57.20013	us-gov-public-domain	30 CFR 57.20013; PART 57 - SAFETY AND HEALTH STANDARDS - UNDERGROUND METAL AND NONMETAL MINES; Subpart S - Miscellaneous; eCFR as of 2026-10-01
cfr30-57.20014	57.20014 Prohibited areas for food and beverages.	https://www.ecfr.gov/on/2026-10-01/title-30/section-57.20014	us-gov-public-domain	30 CFR 57.20014; PART 57 - SAFETY AND HEALTH STANDARDS - UNDERGROUND METAL AND NONMETAL MINES; Subpart S - Miscellaneous; eCFR as of 2026-10-01
cfr30-57.20020	57.20020 Unattended mine openings.	https://www.ecfr.gov/on/2026-10-01/title-30/section-57.20020	us-gov-public-domain	30 CFR 57.20020; PART 57 - SAFETY AND HEALTH STANDARDS - UNDERGROUND METAL AND NONMETAL MINES; Subpart S - Miscellaneous; eCFR as of 2026-10-01
cfr30-57.20021	57.20021 Abandoned mine openings.	https://www.ecfr.gov/on/2026-10-01/title-30/section-57.20021	us-gov-public-domain	30 CFR 57.20021; PART 57 - SAFETY AND HEALTH STANDARDS - UNDERGROUND METAL AND NONMETAL MINES; Subpart S - Miscellaneous; eCFR as of 2026-10-01
cfr30-57.20031	57.20031 Blasting underground in hazardous areas.	https://www.ecfr.gov/on/2026-10-01/title-30/section-57.20031	us-gov-public-domain	30 CFR 57.20031; PART 57 - SAFETY AND HEALTH STANDARDS - UNDERGROUND METAL AND NONMETAL MINES; Subpart S - Miscellaneous; eCFR as of 2026-10-01
cfr30-57.20032	57.20032 Two-way communication equipment for underground operations.	https://www.ecfr.gov/on/2026-10-01/title-30/section-57.20032	us-gov-public-domain	30 CFR 57.20032; PART 57 - SAFETY AND HEALTH STANDARDS - UNDERGROUND METAL AND NONMETAL MINES; Subpart S - Miscellaneous; eCFR as of 2026-10-01
cfr30-57.22001	57.22001 Scope.	https://www.ecfr.gov/on/2026-10-01/title-30/section-57.22001	us-gov-public-domain	30 CFR 57.22001; PART 57 - SAFETY AND HEALTH STANDARDS - UNDERGROUND METAL AND NONMETAL MINES; Subpart T - Safety Standards for Methane in Metal and Nonmetal Mines; eCFR as of 2026-10-01
cfr30-57.22002	57.22002 Definitions.	https://www.ecfr.gov/on/2026-10-01/title-30/section-57.22002	us-gov-public-domain	30 CFR 57.22002; PART 57 - SAFETY AND HEALTH STANDARDS - UNDERGROUND METAL AND NONMETAL MINES; Subpart T - Safety Standards for Methane in Metal and Nonmetal Mines; eCFR as of 2026-10-01
cfr30-57.22003	57.22003 Mine category or subcategory.	https://www.ecfr.gov/on/2026-10-01/title-30/section-57.22003	us-gov-public-domain	30 CFR 57.22003; PART 57 - SAFETY AND HEALTH STANDARDS - UNDERGROUND METAL AND NONMETAL MINES; Subpart T - Safety Standards for Methane in Metal and Nonmetal Mines; eCFR as of 2026-10-01; reviewed: US government work, "Copyright protection under this title is not available for any work of the United States Government" (17 U.S.C. 105); the name ASTM only identifies a standard or body that the rule cites, and no text of that standard is reproduced
cfr30-57.22004	57.22004 Category placement or change in placement.	https://www.ecfr.gov/on/2026-10-01/title-30/section-57.22004	us-gov-public-domain	30 CFR 57.22004; PART 57 - SAFETY AND HEALTH STANDARDS - UNDERGROUND METAL AND NONMETAL MINES; Subpart T - Safety Standards for Methane in Metal and Nonmetal Mines; eCFR as of 2026-10-01
cfr30-57.22005	57.22005 Notice and appeal of placement or change in placement.	https://www.ecfr.gov/on/2026-10-01/title-30/section-57.22005	us-gov-public-domain	30 CFR 57.22005; PART 57 - SAFETY AND HEALTH STANDARDS - UNDERGROUND METAL AND NONMETAL MINES; Subpart T - Safety Standards for Methane in Metal and Nonmetal Mines; eCFR as of 2026-10-01
cfr30-57.22101	57.22101 Smoking (I-A, II-A, III, and V-A mines).	https://www.ecfr.gov/on/2026-10-01/title-30/section-57.22101	us-gov-public-domain	30 CFR 57.22101; PART 57 - SAFETY AND HEALTH STANDARDS - UNDERGROUND METAL AND NONMETAL MINES; Subpart T - Safety Standards for Methane in Metal and Nonmetal Mines; eCFR as of 2026-10-01
cfr30-57.22102	57.22102 Smoking (I-C mines).	https://www.ecfr.gov/on/2026-10-01/title-30/section-57.22102	us-gov-public-domain	30 CFR 57.22102; PART 57 - SAFETY AND HEALTH STANDARDS - UNDERGROUND METAL AND NONMETAL MINES; Subpart T - Safety Standards for Methane in Metal and Nonmetal Mines; eCFR as of 2026-10-01
cfr30-57.22103	57.22103 Open flames (I-A, II-A, III, and V-A mines).	https://www.ecfr.gov/on/2026-10-01/title-30/section-57.22103	us-gov-public-domain	30 CFR 57.22103; PART 57 - SAFETY AND HEALTH STANDARDS - UNDERGROUND METAL AND NONMETAL MINES; Subpart T - Safety Standards for Methane in Metal and Nonmetal Mines; eCFR as of 2026-10-01
cfr30-57.22104	57.22104 Open flames (I-C mines).	https://www.ecfr.gov/on/2026-10-01/title-30/section-57.22104	us-gov-public-domain	30 CFR 57.22104; PART 57 - SAFETY AND HEALTH STANDARDS - UNDERGROUND METAL AND NONMETAL MINES; Subpart T - Safety Standards for Methane in Metal and Nonmetal Mines; eCFR as of 2026-10-01
cfr30-57.22105	57.22105 Smoking and open flames (IV mines).	https://www.ecfr.gov/on/2026-10-01/title-30/section-57.22105	us-gov-public-domain	30 CFR 57.22105; PART 57 - SAFETY AND HEALTH STANDARDS - UNDERGROUND METAL AND NONMETAL MINES; Subpart T - Safety Standards for Methane in Metal and Nonmetal Mines; eCFR as of 2026-10-01
cfr30-57.22106	57.22106 Dust containing volatile matter (I-C mines).	https://www.ecfr.gov/on/2026-10-01/title-30/section-57.22106	us-gov-public-domain	30 CFR 57.22106; PART 57 - SAFETY AND HEALTH STANDARDS - UNDERGROUND METAL AND NONMETAL MINES; Subpart T - Safety Standards for Methane in Metal and Nonmetal Mines; eCFR as of 2026-10-01
cfr30-57.22201	57.22201 Mechanical ventilation (I-A, I-B, I-C, II-A, II-B, III, IV, V-A, and V-B mines).	https://www.ecfr.gov/on/2026-10-01/title-30/section-57.22201	us-gov-public-domain	30 CFR 57.22201; PART 57 - SAFETY AND HEALTH STANDARDS - UNDERGROUND METAL AND NONMETAL MINES; Subpart T - Safety Standards for Methane in Metal and Nonmetal Mines; eCFR as of 2026-10-01
cfr30-57.22202	57.22202 Main fans (I-A, I-B, I-C, II-A, III, V-A, and V-B mines).	https://www.ecfr.gov/on/2026-10-01/title-30/section-57.22202	us-gov-public-domain	30 CFR 57.22202; PART 57 - SAFETY AND HEALTH STANDARDS - UNDERGROUND METAL AND NONMETAL MINES; Subpart T - Safety Standards for Methane in Metal and Nonmetal Mines; eCFR as of 2026-10-01
cfr30-57.22203	57.22203 Main fan operation (I-C mines).	https://www.ecfr.gov/on/2026-10-01/title-30/section-57.22203	us-gov-public-domain	30 CFR 57.22203; PART 57 - SAFETY AND HEALTH STANDARDS - UNDERGROUND METAL AND NONMETAL MINES; Subpart T - Safety Standards for Methane in Metal and Nonmetal Mines; eCFR as of 2026-10-01
cfr30-57.22204	57.22204 Main fan operation and inspection (I-A, II-A, III, and V-A mines).	https://www.ecfr.gov/on/2026-10-01/title-30/section-57.22204	us-gov-public-domain	30 CFR 57.22204; PART 57 - SAFETY AND HEALTH STANDARDS - UNDERGROUND METAL AND NONMETAL MINES; Subpart T - Safety Standards for Methane in Metal and Nonmetal Mines; eCFR as of 2026-10-01
cfr30-57.22205	57.22205 Doors on main fans (I-A, II-A, III, and V-A mines).	https://www.ecfr.gov/on/2026-10-01/title-30/section-57.22205	us-gov-public-domain	30 CFR 57.22205; PART 57 - SAFETY AND HEALTH STANDARDS - UNDERGROUND METAL AND NONMETAL MINES; Subpart T - Safety Standards for Methane in Metal and Nonmetal Mines; eCFR as of 2026-10-01
cfr30-57.22206	57.22206 Main ventilation failure (I-A, II-A, III, and V-A mines).	https://www.ecfr.gov/on/2026-10-01/title-30/section-57.22206	us-gov-public-domain	30 CFR 57.22206; PART 57 - SAFETY AND HEALTH STANDARDS - UNDERGROUND METAL AND NONMETAL MINES; Subpart T - Safety Standards for Methane in Metal and Nonmetal Mines; eCFR as of 2026-10-01
cfr30-57.22207	57.22207 Booster fans (I-A, II-A, III, and V-A mines).	https://www.ecfr.gov/on/2026-10-01/title-30/section-57.22207	us-gov-public-domain	30 CFR 57.22207; PART 57 - SAFETY AND HEALTH STANDARDS - UNDERGROUND METAL AND NONMETAL MINES; Subpart T - Safety Standards for Methane in Metal and Nonmetal Mines; eCFR as of 2026-10-01
cfr30-57.22208	57.22208 Auxiliary fans (I-A, II-A, III, and V-A mines).	https://www.ecfr.gov/on/2026-10-01/title-30/section-57.22208	us-gov-public-domain	30 CFR 57.22208; PART 57 - SAFETY AND HEALTH STANDARDS - UNDERGROUND METAL AND NONMETAL MINES; Subpart T - Safety Standards for Methane in Metal and Nonmetal Mines; eCFR as of 2026-10-01
cfr30-57.22209	57.22209 Auxiliary fans (I-C mines).	https://www.ecfr.gov/on/2026-10-01/title-30/section-57.22209	us-gov-public-domain	30 CFR 57.22209; PART 57 - SAFETY AND HEALTH STANDARDS - UNDERGROUND METAL AND NONMETAL MINES; Subpart T - Safety Standards for Methane in Metal and Nonmetal Mines; eCFR as of 2026-10-01
cfr30-57.22210	57.22210 In-line filters (I-C mines).	https://www.ecfr.gov/on/2026-10-01/title-30/section-57.22210	us-gov-public-domain	30 CFR 57.22210; PART 57 - SAFETY AND HEALTH STANDARDS - UNDERGROUND METAL AND NONMETAL MINES; Subpart T - Safety Standards for Methane in Metal and Nonmetal Mines; eCFR as of 2026-10-01
cfr30-57.22211	57.22211 Air flow (I-A mines).	https://www.ecfr.gov/on/2026-10-01/title-30/section-57.22211	us-gov-public-domain	30 CFR 57.22211; PART 57 - SAFETY AND HEALTH STANDARDS - UNDERGROUND METAL AND NONMETAL MINES; Subpart T - Safety Standards for Methane in Metal and Nonmetal Mines; eCFR as of 2026-10-01
cfr30-57.22212	57.22212 Air flow (I-C, II-A, and V-A mines).	https://www.ecfr.gov/on/2026-10-01/title-30/section-57.22212	us-gov-public-domain	30 CFR 57.22212; PART 57 - SAFETY AND HEALTH STANDARDS - UNDERGROUND METAL AND NONMETAL MINES; Subpart T - Safety Standards for Methane in Metal and Nonmetal Mines; eCFR as of 2026-10-01
cfr30-57.22213	57.22213 Air flow (III mines).	https://www.ecfr.gov/on/2026-10-01/title-30/section-57.22213	us-gov-public-domain	30 CFR 57.22213; PART 57 - SAFETY AND HEALTH STANDARDS - UNDERGROUND METAL AND NONMETAL MINES; Subpart T - Safety Standards for Methane in Metal and Nonmetal Mines; eCFR as of 2026-10-01
cfr30-57.22214	57.22214 Changes in ventilation (I-A, II-A, III, and V-A mines).	https://www.ecfr.gov/on/2026-10-01/title-30/section-57.22214	us-gov-public-domain	30 CFR 57.22214; PART 57 - SAFETY AND HEALTH STANDARDS - UNDERGROUND METAL AND NONMETAL MINES; Subpart T - Safety Standards for Methane in Metal and Nonmetal Mines; eCFR as of 2026-10-01
cfr30-57.22215	57.22215 Separation of intake and return air (I-A, II-A, III, and V-A mines).	https://www.ecfr.gov/on/2026-10-01/title-30/section-57.22215	us-gov-public-domain	30 CFR 57.22215; PART 57 - SAFETY AND HEALTH STANDARDS - UNDERGROUND METAL AND NONMETAL MINES; Subpart T - Safety Standards for Methane in Metal and Nonmetal Mines; eCFR as of 2026-10-01
cfr30-57.22216	57.22216 Separation of intake and return air (I-C mines).	https://www.ecfr.gov/on/2026-10-01/title-30/section-57.22216	us-gov-public-domain	30 CFR 57.22216; PART 57 - SAFETY AND HEALTH STANDARDS - UNDERGROUND METAL AND NONMETAL MINES; Subpart T - Safety Standards for Methane in Metal and Nonmetal Mines; eCFR as of 2026-10-01
cfr30-57.22217	57.22217 Seals and stoppings (I-A, I-B, and I-C mines).	https://www.ecfr.gov/on/2026-10-01/title-30/section-57.22217	us-gov-public-domain	30 CFR 57.22217; PART 57 - SAFETY AND HEALTH STANDARDS - UNDERGROUND METAL AND NONMETAL MINES; Subpart T - Safety Standards for Methane in Metal and Nonmetal Mines; eCFR as of 2026-10-01
cfr30-57.22218	57.22218 Seals and stoppings (III, V-A, and V-B mines).	https://www.ecfr.gov/on/2026-10-01/title-30/section-57.22218	us-gov-public-domain	30 CFR 57.22218; PART 57 - SAFETY AND HEALTH STANDARDS - UNDERGROUND METAL AND NONMETAL MINES; Subpart T - Safety Standards for Methane in Metal and Nonmetal Mines; eCFR as of 2026-10-01
cfr30-57.22219	57.22219 Seals and stoppings (II-A mines).	https://www.ecfr.gov/on/2026-10-01/title-30/section-57.22219	us-gov-public-domain	30 CFR 57.22219; PART 57 - SAFETY AND HEALTH STANDARDS - UNDERGROUND METAL AND NONMETAL MINES; Subpart T - Safety Standards for Methane in Metal and Nonmetal Mines; eCFR as of 2026-10-01
cfr30-57.22220	57.22220 Air passing unsealed areas (I-A, II-A, III, and V-A mines).	https://www.ecfr.gov/on/2026-10-01/title-30/section-57.22220	us-gov-public-domain	30 CFR 57.22220; PART 57 - SAFETY AND HEALTH STANDARDS - UNDERGROUND METAL AND NONMETAL MINES; Subpart T - Safety Standards for Methane in Metal and Nonmetal Mines; eCFR as of 2026-10-01
cfr30-57.22221	57.22221 Overcast and undercast construction (I-A, II-A, III, and V-A mines).	https://www.ecfr.gov/on/2026-10-01/title-30/section-57.22221	us-gov-public-domain	30 CFR 57.22221; PART 57 - SAFETY AND HEALTH STANDARDS - UNDERGROUND METAL AND NONMETAL MINES; Subpart T - Safety Standards for Methane in Metal and Nonmetal Mines; eCFR as of 2026-10-01
cfr30-57.22222	57.22222 Ventilation materials (I-A, I-B, I-C, II-A, III, V-A, and V-B mines).	https://www.ecfr.gov/on/2026-10-01/title-30/section-57.22222	us-gov-public-domain	30 CFR 57.22222; PART 57 - SAFETY AND HEALTH STANDARDS - UNDERGROUND METAL AND NONMETAL MINES; Subpart T - Safety Standards for Methane in Metal and Nonmetal Mines; eCFR as of 2026-10-01
cfr30-57.22223	57.22223 Crosscuts before abandonment (III mines).	https://www.ecfr.gov/on/2026-10-01/title-30/section-57.22223	us-gov-public-domain	30 CFR 57.22223; PART 57 - SAFETY AND HEALTH STANDARDS - UNDERGROUND METAL AND NONMETAL MINES; Subpart T - Safety Standards for Methane in Metal and Nonmetal Mines; eCFR as of 2026-10-01
cfr30-57.22224	57.22224 Auxiliary equipment stations (I-A and III mines).	https://www.ecfr.gov/on/2026-10-01/title-30/section-57.22224	us-gov-public-domain	30 CFR 57.22224; PART 57 - SAFETY AND HEALTH STANDARDS - UNDERGROUND METAL AND NONMETAL MINES; Subpart T - Safety Standards for Methane in Metal and Nonmetal Mines; eCFR as of 2026-10-01
cfr30-57.22225	57.22225 Auxiliary equipment stations (I-C mines).	https://www.ecfr.gov/on/2026-10-01/title-30/section-57.22225	us-gov-public-domain	30 CFR 57.22225; PART 57 - SAFETY AND HEALTH STANDARDS - UNDERGROUND METAL AND NONMETAL MINES; Subpart T - Safety Standards for Methane in Metal and Nonmetal Mines; eCFR as of 2026-10-01
cfr30-57.22226	57.22226 Testing for methane (IV mines).	https://www.ecfr.gov/on/2026-10-01/title-30/section-57.22226	us-gov-public-domain	30 CFR 57.22226; PART 57 - SAFETY AND HEALTH STANDARDS - UNDERGROUND METAL AND NONMETAL MINES; Subpart T - Safety Standards for Methane in Metal and Nonmetal Mines; eCFR as of 2026-10-01
cfr30-57.22227	57.22227 Approved testing devices (I-A, I-B, I-C, II-A, II-B, III, IV, V-A, and V-B mines).	https://www.ecfr.gov/on/2026-10-01/title-30/section-57.22227	us-gov-public-domain	30 CFR 57.22227; PART 57 - SAFETY AND HEALTH STANDARDS - UNDERGROUND METAL AND NONMETAL MINES; Subpart T - Safety Standards for Methane in Metal and Nonmetal Mines; eCFR as of 2026-10-01
cfr30-57.22228	57.22228 Preshift examination (I-A, I-C, II-A, III, and V-A mines).	https://www.ecfr.gov/on/2026-10-01/title-30/section-57.22228	us-gov-public-domain	30 CFR 57.22228; PART 57 - SAFETY AND HEALTH STANDARDS - UNDERGROUND METAL AND NONMETAL MINES; Subpart T - Safety Standards for Methane in Metal and Nonmetal Mines; eCFR as of 2026-10-01
cfr30-57.22229	57.22229 Weekly testing (I-A, III, and V-A mines).	https://www.ecfr.gov/on/2026-10-01/title-30/section-57.22229	us-gov-public-domain	30 CFR 57.22229; PART 57 - SAFETY AND HEALTH STANDARDS - UNDERGROUND METAL AND NONMETAL MINES; Subpart T - Safety Standards for Methane in Metal and Nonmetal Mines; eCFR as of 2026-10-01
cfr30-57.22230	57.22230 Weekly testing (II-A mines).	https://www.ecfr.gov/on/2026-10-01/title-30/section-57.22230	us-gov-public-domain	30 CFR 57.22230; PART 57 - SAFETY AND HEALTH STANDARDS - UNDERGROUND METAL AND NONMETAL MINES; Subpart T - Safety Standards for Methane in Metal and Nonmetal Mines; eCFR as of 2026-10-01
cfr30-57.22231	57.22231 Actions at 0.25 percent methane (I-B, II-B, V-B, and VI mines).	https://www.ecfr.gov/on/2026-10-01/title-30/section-57.22231	us-gov-public-domain	30 CFR 57.22231; PART 57 - SAFETY AND HEALTH STANDARDS - UNDERGROUND METAL AND NONMETAL MINES; Subpart T - Safety Standards for Methane in Metal and Nonmetal Mines; eCFR as of 2026-10-01
cfr30-57.22232	57.22232 Actions at 0.5 percent methane (I-B, II-A, II-B, IV, V-B, and VI mines).	https://www.ecfr.gov/on/2026-10-01/title-30/section-57.22232	us-gov-public-domain	30 CFR 57.22232; PART 57 - SAFETY AND HEALTH STANDARDS - UNDERGROUND METAL AND NONMETAL MINES; Subpart T - Safety Standards for Methane in Metal and Nonmetal Mines; eCFR as of 2026-10-01
cfr30-57.22233	57.22233 Actions at 0.5 percent methane (I-C mines).	https://www.ecfr.gov/on/2026-10-01/title-30/section-57.22233	us-gov-public-domain	30 CFR 57.22233; PART 57 - SAFETY AND HEALTH STANDARDS - UNDERGROUND METAL AND NONMETAL MINES; Subpart T - Safety Standards for Methane in Metal and Nonmetal Mines; eCFR as of 2026-10-01
cfr30-57.22234	57.22234 Actions at 1.0 percent methane (I-A, I-B, III, V-A, and V-B mines).	https://www.ecfr.gov/on/2026-10-01/title-30/section-57.22234	us-gov-public-domain	30 CFR 57.22234; PART 57 - SAFETY AND HEALTH STANDARDS - UNDERGROUND METAL AND NONMETAL MINES; Subpart T - Safety Standards for Methane in Metal and Nonmetal Mines; eCFR as of 2026-10-01
cfr30-57.22235	57.22235 Actions at 1.0 percent methane (I-C, II-A, II-B, and IV mines).	https://www.ecfr.gov/on/2026-10-01/title-30/section-57.22235	us-gov-public-domain	30 CFR 57.22235; PART 57 - SAFETY AND HEALTH STANDARDS - UNDERGROUND METAL AND NONMETAL MINES; Subpart T - Safety Standards for Methane in Metal and Nonmetal Mines; eCFR as of 2026-10-01
cfr30-57.22236	57.22236 Actions at 1.0 percent methane (VI mines).	https://www.ecfr.gov/on/2026-10-01/title-30/section-57.22236	us-gov-public-domain	30 CFR 57.22236; PART 57 - SAFETY AND HEALTH STANDARDS - UNDERGROUND METAL AND NONMETAL MINES; Subpart T - Safety Standards for Methane in Metal and Nonmetal Mines; eCFR as of 2026-10-01
cfr30-57.22237	57.22237 Actions at 2.0 to 2.5 percent methane in bleeder systems (I-A and III mines).	https://www.ecfr.gov/on/2026-10-01/title-30/section-57.22237	us-gov-public-domain	30 CFR 57.22237; PART 57 - SAFETY AND HEALTH STANDARDS - UNDERGROUND METAL AND NONMETAL MINES; Subpart T - Safety Standards for Methane in Metal and Nonmetal Mines; eCFR as of 2026-10-01
cfr30-57.22238	57.22238 Actions at 2.0 percent methane (I-B, II-B, V-B, and VI mines).	https://www.ecfr.gov/on/2026-10-01/title-30/section-57.22238	us-gov-public-domain	30 CFR 57.22238; PART 57 - SAFETY AND HEALTH STANDARDS - UNDERGROUND METAL AND NONMETAL MINES; Subpart T - Safety Standards for Methane in Metal and Nonmetal Mines; eCFR as of 2026-10-01
cfr30-57.22239	57.22239 Actions at 2.0 percent methane (IV mines).	https://www.ecfr.gov/on/2026-10-01/title-30/section-57.22239	us-gov-public-domain	30 CFR 57.22239; PART 57 - SAFETY AND HEALTH STANDARDS - UNDERGROUND METAL AND NONMETAL MINES; Subpart T - Safety Standards for Methane in Metal and Nonmetal Mines; eCFR as of 2026-10-01
cfr30-57.22240	57.22240 Actions at 2.0 percent methane (V-A mines).	https://www.ecfr.gov/on/2026-10-01/title-30/section-57.22240	us-gov-public-domain	30 CFR 57.22240; PART 57 - SAFETY AND HEALTH STANDARDS - UNDERGROUND METAL AND NONMETAL MINES; Subpart T - Safety Standards for Methane in Metal and Nonmetal Mines; eCFR as of 2026-10-01
cfr30-57.22241	57.22241 Advance face boreholes (I-C mines).	https://www.ecfr.gov/on/2026-10-01/title-30/section-57.22241	us-gov-public-domain	30 CFR 57.22241; PART 57 - SAFETY AND HEALTH STANDARDS - UNDERGROUND METAL AND NONMETAL MINES; Subpart T - Safety Standards for Methane in Metal and Nonmetal Mines; eCFR as of 2026-10-01
cfr30-57.22301	57.22301 Atmospheric monitoring systems (I-A, II-A, and V-A mines).	https://www.ecfr.gov/on/2026-10-01/title-30/section-57.22301	us-gov-public-domain	30 CFR 57.22301; PART 57 - SAFETY AND HEALTH STANDARDS - UNDERGROUND METAL AND NONMETAL MINES; Subpart T - Safety Standards for Methane in Metal and Nonmetal Mines; eCFR as of 2026-10-01
cfr30-57.22302	57.22302 Approved equipment (I-A and V-A mines).	https://www.ecfr.gov/on/2026-10-01/title-30/section-57.22302	us-gov-public-domain	30 CFR 57.22302; PART 57 - SAFETY AND HEALTH STANDARDS - UNDERGROUND METAL AND NONMETAL MINES; Subpart T - Safety Standards for Methane in Metal and Nonmetal Mines; eCFR as of 2026-10-01
cfr30-57.22303	57.22303 Approved equipment (I-C mines).	https://www.ecfr.gov/on/2026-10-01/title-30/section-57.22303	us-gov-public-domain	30 CFR 57.22303; PART 57 - SAFETY AND HEALTH STANDARDS - UNDERGROUND METAL AND NONMETAL MINES; Subpart T - Safety Standards for Methane in Metal and Nonmetal Mines; eCFR as of 2026-10-01
cfr30-57.22304	57.22304 Approved equipment (II-A mines).	https://www.ecfr.gov/on/2026-10-01/title-30/section-57.22304	us-gov-public-domain	30 CFR 57.22304; PART 57 - SAFETY AND HEALTH STANDARDS - UNDERGROUND METAL AND NONMETAL MINES; Subpart T - Safety Standards for Methane in Metal and Nonmetal Mines; eCFR as of 2026-10-01
cfr30-57.22305	57.22305 Approved equipment (III mines).	https://www.ecfr.gov/on/2026-10-01/title-30/section-57.22305	us-gov-public-domain	30 CFR 57.22305; PART 57 - SAFETY AND HEALTH STANDARDS - UNDERGROUND METAL AND NONMETAL MINES; Subpart T - Safety Standards for Methane in Metal and Nonmetal Mines; eCFR as of 2026-10-01
cfr30-57.22306	57.22306 Methane monitors (I-A mines).	https://www.ecfr.gov/on/2026-10-01/title-30/section-57.22306	us-gov-public-domain	30 CFR 57.22306; PART 57 - SAFETY AND HEALTH STANDARDS - UNDERGROUND METAL AND NONMETAL MINES; Subpart T - Safety Standards for Methane in Metal and Nonmetal Mines; eCFR as of 2026-10-01
cfr30-57.22307	57.22307 Methane monitors (II-A mines).	https://www.ecfr.gov/on/2026-10-01/title-30/section-57.22307	us-gov-public-domain	30 CFR 57.22307; PART 57 - SAFETY AND HEALTH STANDARDS - UNDERGROUND METAL AND NONMETAL MINES; Subpart T - Safety Standards for Methane in Metal and Nonmetal Mines; eCFR as of 2026-10-01
cfr30-57.22308	57.22308 Methane monitors (III mines).	https://www.ecfr.gov/on/2026-10-01/title-30/section-57.22308	us-gov-public-domain	30 CFR 57.22308; PART 57 - SAFETY AND HEALTH STANDARDS - UNDERGROUND METAL AND NONMETAL MINES; Subpart T - Safety Standards for Methane in Metal and Nonmetal Mines; eCFR as of 2026-10-01
cfr30-57.22309	57.22309 Methane monitors (V-A mines).	https://www.ecfr.gov/on/2026-10-01/title-30/section-57.22309	us-gov-public-domain	30 CFR 57.22309; PART 57 - SAFETY AND HEALTH STANDARDS - UNDERGROUND METAL AND NONMETAL MINES; Subpart T - Safety Standards for Methane in Metal and Nonmetal Mines; eCFR as of 2026-10-01
cfr30-57.22310	57.22310 Electrical cables (I-C mines).	https://www.ecfr.gov/on/2026-10-01/title-30/section-57.22310	us-gov-public-domain	30 CFR 57.22310; PART 57 - SAFETY AND HEALTH STANDARDS - UNDERGROUND METAL AND NONMETAL MINES; Subpart T - Safety Standards for Methane in Metal and Nonmetal Mines; eCFR as of 2026-10-01
cfr30-57.22311	57.22311 Electrical cables (II-A mines).	https://www.ecfr.gov/on/2026-10-01/title-30/section-57.22311	us-gov-public-domain	30 CFR 57.22311; PART 57 - SAFETY AND HEALTH STANDARDS - UNDERGROUND METAL AND NONMETAL MINES; Subpart T - Safety Standards for Methane in Metal and Nonmetal Mines; eCFR as of 2026-10-01
cfr30-57.22312	57.22312 Distribution boxes (II-A and V-A mines).	https://www.ecfr.gov/on/2026-10-01/title-30/section-57.22312	us-gov-public-domain	30 CFR 57.22312; PART 57 - SAFETY AND HEALTH STANDARDS - UNDERGROUND METAL AND NONMETAL MINES; Subpart T - Safety Standards for Methane in Metal and Nonmetal Mines; eCFR as of 2026-10-01
cfr30-57.22313	57.22313 Explosion-protection systems (I-C mines).	https://www.ecfr.gov/on/2026-10-01/title-30/section-57.22313	us-gov-public-domain	30 CFR 57.22313; PART 57 - SAFETY AND HEALTH STANDARDS - UNDERGROUND METAL AND NONMETAL MINES; Subpart T - Safety Standards for Methane in Metal and Nonmetal Mines; eCFR as of 2026-10-01
cfr30-57.22314	57.22314 Flow-control devices (V-A and V-B mines).	https://www.ecfr.gov/on/2026-10-01/title-30/section-57.22314	us-gov-public-domain	30 CFR 57.22314; PART 57 - SAFETY AND HEALTH STANDARDS - UNDERGROUND METAL AND NONMETAL MINES; Subpart T - Safety Standards for Methane in Metal and Nonmetal Mines; eCFR as of 2026-10-01
cfr30-57.22315	57.22315 Self-contained breathing apparatus (V-A mines).	https://www.ecfr.gov/on/2026-10-01/title-30/section-57.22315	us-gov-public-domain	30 CFR 57.22315; PART 57 - SAFETY AND HEALTH STANDARDS - UNDERGROUND METAL AND NONMETAL MINES; Subpart T - Safety Standards for Methane in Metal and Nonmetal Mines; eCFR as of 2026-10-01
cfr30-57.22401	57.22401 Underground retorts (I-A and I-B mines).	https://www.ecfr.gov/on/2026-10-01/title-30/section-57.22401	us-gov-public-domain	30 CFR 57.22401; PART 57 - SAFETY AND HEALTH STANDARDS - UNDERGROUND METAL AND NONMETAL MINES; Subpart T - Safety Standards for Methane in Metal and Nonmetal Mines; eCFR as of 2026-10-01
cfr30-57.22501	57.22501 Personal electric lamps (I-A, I-B, I-C, II-A, II-B, III, IV, V-A, and V-B mines).	https://www.ecfr.gov/on/2026-10-01/title-30/section-57.22501	us-gov-public-domain	30 CFR 57.22501; PART 57 - SAFETY AND HEALTH STANDARDS - UNDERGROUND METAL AND NONMETAL MINES; Subpart T - Safety Standards for Methane in Metal and Nonmetal Mines; eCFR as of 2026-10-01
cfr30-57.22601	57.22601 Blasting from the surface (I-A mines).	https://www.ecfr.gov/on/2026-10-01/title-30/section-57.22601	us-gov-public-domain	30 CFR 57.22601; PART 57 - SAFETY AND HEALTH STANDARDS - UNDERGROUND METAL AND NONMETAL MINES; Subpart T - Safety Standards for Methane in Metal and Nonmetal Mines; eCFR as of 2026-10-01
cfr30-57.22602	57.22602 Blasting from the surface (I-C mines).	https://www.ecfr.gov/on/2026-10-01/title-30/section-57.22602	us-gov-public-domain	30 CFR 57.22602; PART 57 - SAFETY AND HEALTH STANDARDS - UNDERGROUND METAL AND NONMETAL MINES; Subpart T - Safety Standards for Methane in Metal and Nonmetal Mines; eCFR as of 2026-10-01
cfr30-57.22603	57.22603 Blasting from the surface (II-A mines).	https://www.ecfr.gov/on/2026-10-01/title-30/section-57.22603	us-gov-public-domain	30 CFR 57.22603; PART 57 - SAFETY AND HEALTH STANDARDS - UNDERGROUND METAL AND NONMETAL MINES; Subpart T - Safety Standards for Methane in Metal and Nonmetal Mines; eCFR as of 2026-10-01
cfr30-57.22604	57.22604 Blasting from the surface (II-B mines).	https://www.ecfr.gov/on/2026-10-01/title-30/section-57.22604	us-gov-public-domain	30 CFR 57.22604; PART 57 - SAFETY AND HEALTH STANDARDS - UNDERGROUND METAL AND NONMETAL MINES; Subpart T - Safety Standards for Methane in Metal and Nonmetal Mines; eCFR as of 2026-10-01
cfr30-57.22605	57.22605 Blasting from the surface (V-A mines).	https://www.ecfr.gov/on/2026-10-01/title-30/section-57.22605	us-gov-public-domain	30 CFR 57.22605; PART 57 - SAFETY AND HEALTH STANDARDS - UNDERGROUND METAL AND NONMETAL MINES; Subpart T - Safety Standards for Methane in Metal and Nonmetal Mines; eCFR as of 2026-10-01
cfr30-57.22606	57.22606 Explosive materials and blasting units (III mines).	https://www.ecfr.gov/on/2026-10-01/title-30/section-57.22606	us-gov-public-domain	30 CFR 57.22606; PART 57 - SAFETY AND HEALTH STANDARDS - UNDERGROUND METAL AND NONMETAL MINES; Subpart T - Safety Standards for Methane in Metal and Nonmetal Mines; eCFR as of 2026-10-01
cfr30-57.22607	57.22607 Blasting on shift (III mines).	https://www.ecfr.gov/on/2026-10-01/title-30/section-57.22607	us-gov-public-domain	30 CFR 57.22607; PART 57 - SAFETY AND HEALTH STANDARDS - UNDERGROUND METAL AND NONMETAL MINES; Subpart T - Safety Standards for Methane in Metal and Nonmetal Mines; eCFR as of 2026-10-01
cfr30-57.22608	57.22608 Secondary blasting (I-A, II-A, and V-A mines).	https://www.ecfr.gov/on/2026-10-01/title-30/section-57.22608	us-gov-public-domain	30 CFR 57.22608; PART 57 - SAFETY AND HEALTH STANDARDS - UNDERGROUND METAL AND NONMETAL MINES; Subpart T - Safety Standards for Methane in Metal and Nonmetal Mines; eCFR as of 2026-10-01
cfr30-57.23000	57.23000 Purpose and scope.	https://www.ecfr.gov/on/2026-10-01/title-30/section-57.23000	us-gov-public-domain	30 CFR 57.23000; PART 57 - SAFETY AND HEALTH STANDARDS - UNDERGROUND METAL AND NONMETAL MINES; Subpart U - Safety Program for Surface Mobile Equipment; eCFR as of 2026-10-01
cfr30-57.23001	57.23001 Definitions.	https://www.ecfr.gov/on/2026-10-01/title-30/section-57.23001	us-gov-public-domain	30 CFR 57.23001; PART 57 - SAFETY AND HEALTH STANDARDS - UNDERGROUND METAL AND NONMETAL MINES; Subpart U - Safety Program for Surface Mobile Equipment; eCFR as of 2026-10-01
cfr30-57.23002	57.23002 Written safety program.	https://www.ecfr.gov/on/2026-10-01/title-30/section-57.23002	us-gov-public-domain	30 CFR 57.23002; PART 57 - SAFETY AND HEALTH STANDARDS - UNDERGROUND METAL AND NONMETAL MINES; Subpart U - Safety Program for Surface Mobile Equipment; eCFR as of 2026-10-01
cfr30-57.23003	57.23003 Requirements for written safety program.	https://www.ecfr.gov/on/2026-10-01/title-30/section-57.23003	us-gov-public-domain	30 CFR 57.23003; PART 57 - SAFETY AND HEALTH STANDARDS - UNDERGROUND METAL AND NONMETAL MINES; Subpart U - Safety Program for Surface Mobile Equipment; eCFR as of 2026-10-01
cfr30-57.23004	57.23004 Record and inspection.	https://www.ecfr.gov/on/2026-10-01/title-30/section-57.23004	us-gov-public-domain	30 CFR 57.23004; PART 57 - SAFETY AND HEALTH STANDARDS - UNDERGROUND METAL AND NONMETAL MINES; Subpart U - Safety Program for Surface Mobile Equipment; eCFR as of 2026-10-01
cfr30-58.1	58.1 Scope.	https://www.ecfr.gov/on/2026-10-01/title-30/section-58.1	us-gov-public-domain	30 CFR 58.1; PART 58 - HEALTH STANDARDS FOR METAL AND NONMETAL MINES; Subpart A - General; eCFR as of 2026-10-01
cfr30-58.610	58.610 Abrasive blasting.	https://www.ecfr.gov/on/2026-10-01/title-30/section-58.610	us-gov-public-domain	30 CFR 58.610; PART 58 - HEALTH STANDARDS FOR METAL AND NONMETAL MINES; Subpart E - Miscellaneous; eCFR as of 2026-10-01
cfr30-58.620	58.620 Drill dust control.	https://www.ecfr.gov/on/2026-10-01/title-30/section-58.620	us-gov-public-domain	30 CFR 58.620; PART 58 - HEALTH STANDARDS FOR METAL AND NONMETAL MINES; Subpart E - Miscellaneous; eCFR as of 2026-10-01
cfr30-60.1	60.1 Scope; compliance dates.	https://www.ecfr.gov/on/2026-10-01/title-30/section-60.1	us-gov-public-domain	30 CFR 60.1; PART 60 - RESPIRABLE CRYSTALLINE SILICA; eCFR as of 2026-10-01
cfr30-60.2	60.2 Definitions.	https://www.ecfr.gov/on/2026-10-01/title-30/section-60.2	us-gov-public-domain	30 CFR 60.2; PART 60 - RESPIRABLE CRYSTALLINE SILICA; eCFR as of 2026-10-01; reviewed: US government work, "Copyright protection under this title is not available for any work of the United States Government" (17 U.S.C. 105); the name ISO only identifies a standard or body that the rule cites, and no text of that standard is reproduced
cfr30-60.10	60.10 Permissible exposure limit (PEL).	https://www.ecfr.gov/on/2026-10-01/title-30/section-60.10	us-gov-public-domain	30 CFR 60.10; PART 60 - RESPIRABLE CRYSTALLINE SILICA; eCFR as of 2026-10-01
cfr30-60.11	60.11 Methods of compliance.	https://www.ecfr.gov/on/2026-10-01/title-30/section-60.11	us-gov-public-domain	30 CFR 60.11; PART 60 - RESPIRABLE CRYSTALLINE SILICA; eCFR as of 2026-10-01
cfr30-60.12	60.12 Exposure monitoring.	https://www.ecfr.gov/on/2026-10-01/title-30/section-60.12	us-gov-public-domain	30 CFR 60.12; PART 60 - RESPIRABLE CRYSTALLINE SILICA; eCFR as of 2026-10-01; reviewed: US government work, "Copyright protection under this title is not available for any work of the United States Government" (17 U.S.C. 105); the name ISO only identifies a standard or body that the rule cites, and no text of that standard is reproduced
cfr30-60.13	60.13 Corrective actions.	https://www.ecfr.gov/on/2026-10-01/title-30/section-60.13	us-gov-public-domain	30 CFR 60.13; PART 60 - RESPIRABLE CRYSTALLINE SILICA; eCFR as of 2026-10-01
cfr30-60.14	60.14 Respiratory protection.	https://www.ecfr.gov/on/2026-10-01/title-30/section-60.14	us-gov-public-domain	30 CFR 60.14; PART 60 - RESPIRABLE CRYSTALLINE SILICA; eCFR as of 2026-10-01; reviewed: US government work, "Copyright protection under this title is not available for any work of the United States Government" (17 U.S.C. 105); the name ASTM only identifies a standard or body that the rule cites, and no text of that standard is reproduced
cfr30-60.15	60.15 Medical surveillance for metal and nonmetal mines.	https://www.ecfr.gov/on/2026-10-01/title-30/section-60.15	us-gov-public-domain	30 CFR 60.15; PART 60 - RESPIRABLE CRYSTALLINE SILICA; eCFR as of 2026-10-01
cfr30-60.16	60.16 Recordkeeping requirements.	https://www.ecfr.gov/on/2026-10-01/title-30/section-60.16	us-gov-public-domain	30 CFR 60.16; PART 60 - RESPIRABLE CRYSTALLINE SILICA; eCFR as of 2026-10-01
cfr30-60.17	60.17 Severability.	https://www.ecfr.gov/on/2026-10-01/title-30/section-60.17	us-gov-public-domain	30 CFR 60.17; PART 60 - RESPIRABLE CRYSTALLINE SILICA; eCFR as of 2026-10-01
cfr30-62.100	62.100 Purpose and scope; effective date.	https://www.ecfr.gov/on/2026-10-01/title-30/section-62.100	us-gov-public-domain	30 CFR 62.100; PART 62 - OCCUPATIONAL NOISE EXPOSURE; eCFR as of 2026-10-01
cfr30-62.101	62.101 Definitions.	https://www.ecfr.gov/on/2026-10-01/title-30/section-62.101	us-gov-public-domain	30 CFR 62.101; PART 62 - OCCUPATIONAL NOISE EXPOSURE; eCFR as of 2026-10-01
cfr30-62.110	62.110 Noise exposure assessment.	https://www.ecfr.gov/on/2026-10-01/title-30/section-62.110	us-gov-public-domain	30 CFR 62.110; PART 62 - OCCUPATIONAL NOISE EXPOSURE; eCFR as of 2026-10-01
cfr30-62.120	62.120 Action level.	https://www.ecfr.gov/on/2026-10-01/title-30/section-62.120	us-gov-public-domain	30 CFR 62.120; PART 62 - OCCUPATIONAL NOISE EXPOSURE; eCFR as of 2026-10-01
cfr30-62.130	62.130 Permissible exposure level.	https://www.ecfr.gov/on/2026-10-01/title-30/section-62.130	us-gov-public-domain	30 CFR 62.130; PART 62 - OCCUPATIONAL NOISE EXPOSURE; eCFR as of 2026-10-01
cfr30-62.140	62.140 Dual hearing protection level.	https://www.ecfr.gov/on/2026-10-01/title-30/section-62.140	us-gov-public-domain	30 CFR 62.140; PART 62 - OCCUPATIONAL NOISE EXPOSURE; eCFR as of 2026-10-01
cfr30-62.150	62.150 Hearing conservation program.	https://www.ecfr.gov/on/2026-10-01/title-30/section-62.150	us-gov-public-domain	30 CFR 62.150; PART 62 - OCCUPATIONAL NOISE EXPOSURE; eCFR as of 2026-10-01
cfr30-62.160	62.160 Hearing protectors.	https://www.ecfr.gov/on/2026-10-01/title-30/section-62.160	us-gov-public-domain	30 CFR 62.160; PART 62 - OCCUPATIONAL NOISE EXPOSURE; eCFR as of 2026-10-01
cfr30-62.170	62.170 Audiometric testing.	https://www.ecfr.gov/on/2026-10-01/title-30/section-62.170	us-gov-public-domain	30 CFR 62.170; PART 62 - OCCUPATIONAL NOISE EXPOSURE; eCFR as of 2026-10-01
cfr30-62.171	62.171 Audiometric test procedures.	https://www.ecfr.gov/on/2026-10-01/title-30/section-62.171	us-gov-public-domain	30 CFR 62.171; PART 62 - OCCUPATIONAL NOISE EXPOSURE; eCFR as of 2026-10-01
cfr30-62.172	62.172 Evaluation of audiograms.	https://www.ecfr.gov/on/2026-10-01/title-30/section-62.172	us-gov-public-domain	30 CFR 62.172; PART 62 - OCCUPATIONAL NOISE EXPOSURE; eCFR as of 2026-10-01
cfr30-62.173	62.173 Follow-up evaluation when an audiogram is invalid.	https://www.ecfr.gov/on/2026-10-01/title-30/section-62.173	us-gov-public-domain	30 CFR 62.173; PART 62 - OCCUPATIONAL NOISE EXPOSURE; eCFR as of 2026-10-01
cfr30-62.174	62.174 Follow-up corrective measures when a standard threshold shift is detected.	https://www.ecfr.gov/on/2026-10-01/title-30/section-62.174	us-gov-public-domain	30 CFR 62.174; PART 62 - OCCUPATIONAL NOISE EXPOSURE; eCFR as of 2026-10-01
cfr30-62.175	62.175 Notification of results; reporting requirements.	https://www.ecfr.gov/on/2026-10-01/title-30/section-62.175	us-gov-public-domain	30 CFR 62.175; PART 62 - OCCUPATIONAL NOISE EXPOSURE; eCFR as of 2026-10-01
cfr30-62.180	62.180 Training.	https://www.ecfr.gov/on/2026-10-01/title-30/section-62.180	us-gov-public-domain	30 CFR 62.180; PART 62 - OCCUPATIONAL NOISE EXPOSURE; eCFR as of 2026-10-01
cfr30-62.190	62.190 Records.	https://www.ecfr.gov/on/2026-10-01/title-30/section-62.190	us-gov-public-domain	30 CFR 62.190; PART 62 - OCCUPATIONAL NOISE EXPOSURE; eCFR as of 2026-10-01
cfr30-70.1	70.1 Scope.	https://www.ecfr.gov/on/2026-10-01/title-30/section-70.1	us-gov-public-domain	30 CFR 70.1; PART 70 - MANDATORY HEALTH STANDARDS - UNDERGROUND COAL MINES; Subpart A - General; eCFR as of 2026-10-01
cfr30-70.2	70.2 Definitions.	https://www.ecfr.gov/on/2026-10-01/title-30/section-70.2	us-gov-public-domain	30 CFR 70.2; PART 70 - MANDATORY HEALTH STANDARDS - UNDERGROUND COAL MINES; Subpart A - General; eCFR as of 2026-10-01
cfr30-70.100	70.100 Respirable dust standards.	https://www.ecfr.gov/on/2026-10-01/title-30/section-70.100	us-gov-public-domain	30 CFR 70.100; PART 70 - MANDATORY HEALTH STANDARDS - UNDERGROUND COAL MINES; Subpart B - Dust Standards; eCFR as of 2026-10-01
cfr30-70.201	70.201 Sampling; general and technical requirements.	https://www.ecfr.gov/on/2026-10-01/title-30/section-70.201	us-gov-public-domain	30 CFR 70.201; PART 70 - MANDATORY HEALTH STANDARDS - UNDERGROUND COAL MINES; Subpart C - Sampling Procedures; eCFR as of 2026-10-01
cfr30-70.202	70.202 Certified person; sampling.	https://www.ecfr.gov/on/2026-10-01/title-30/section-70.202	us-gov-public-domain	30 CFR 70.202; PART 70 - MANDATORY HEALTH STANDARDS - UNDERGROUND COAL MINES; Subpart C - Sampling Procedures; eCFR as of 2026-10-01
cfr30-70.203	70.203 Certified person; maintenance and calibration.	https://www.ecfr.gov/on/2026-10-01/title-30/section-70.203	us-gov-public-domain	30 CFR 70.203; PART 70 - MANDATORY HEALTH STANDARDS - UNDERGROUND COAL MINES; Subpart C - Sampling Procedures; eCFR as of 2026-10-01
cfr30-70.204	70.204 Approved sampling devices; maintenance and calibration.	https://www.ecfr.gov/on/2026-10-01/title-30/section-70.204	us-gov-public-domain	30 CFR 70.204; PART 70 - MANDATORY HEALTH STANDARDS - UNDERGROUND COAL MINES; Subpart C - Sampling Procedures; eCFR as of 2026-10-01
cfr30-70.205	70.205 Approved sampling devices; operation; air flowrate.	https://www.ecfr.gov/on/2026-10-01/title-30/section-70.205	us-gov-public-domain	30 CFR 70.205; PART 70 - MANDATORY HEALTH STANDARDS - UNDERGROUND COAL MINES; Subpart C - Sampling Procedures; eCFR as of 2026-10-01
cfr30-70.208	70.208 Quarterly sampling; mechanized mining units.	https://www.ecfr.gov/on/2026-10-01/title-30/section-70.208	us-gov-public-domain	30 CFR 70.208; PART 70 - MANDATORY HEALTH STANDARDS - UNDERGROUND COAL MINES; Subpart C - Sampling Procedures; eCFR as of 2026-10-01
cfr30-70.209	70.209 Quarterly sampling; designated areas.	https://www.ecfr.gov/on/2026-10-01/title-30/section-70.209	us-gov-public-domain	30 CFR 70.209; PART 70 - MANDATORY HEALTH STANDARDS - UNDERGROUND COAL MINES; Subpart C - Sampling Procedures; eCFR as of 2026-10-01
cfr30-70.210	70.210 Respirable dust samples; transmission by operator.	https://www.ecfr.gov/on/2026-10-01/title-30/section-70.210	us-gov-public-domain	30 CFR 70.210; PART 70 - MANDATORY HEALTH STANDARDS - UNDERGROUND COAL MINES; Subpart C - Sampling Procedures; eCFR as of 2026-10-01
cfr30-70.211	70.211 Respirable dust samples; report to operator; posting.	https://www.ecfr.gov/on/2026-10-01/title-30/section-70.211	us-gov-public-domain	30 CFR 70.211; PART 70 - MANDATORY HEALTH STANDARDS - UNDERGROUND COAL MINES; Subpart C - Sampling Procedures; eCFR as of 2026-10-01
cfr30-70.212	70.212 Status change reports.	https://www.ecfr.gov/on/2026-10-01/title-30/section-70.212	us-gov-public-domain	30 CFR 70.212; PART 70 - MANDATORY HEALTH STANDARDS - UNDERGROUND COAL MINES; Subpart C - Sampling Procedures; eCFR as of 2026-10-01
cfr30-70.1900	70.1900 Exhaust Gas Monitoring.	https://www.ecfr.gov/on/2026-10-01/title-30/section-70.1900	us-gov-public-domain	30 CFR 70.1900; PART 70 - MANDATORY HEALTH STANDARDS - UNDERGROUND COAL MINES; Subpart T - Diesel Exhaust Gas Monitoring; eCFR as of 2026-10-01
cfr30-71.1	71.1 Scope.	https://www.ecfr.gov/on/2026-10-01/title-30/section-71.1	us-gov-public-domain	30 CFR 71.1; PART 71 - MANDATORY HEALTH STANDARDS - SURFACE COAL MINES AND SURFACE WORK AREAS OF UNDERGROUND COAL MINES; Subpart A - General; eCFR as of 2026-10-01
cfr30-71.2	71.2 Definitions.	https://www.ecfr.gov/on/2026-10-01/title-30/section-71.2	us-gov-public-domain	30 CFR 71.2; PART 71 - MANDATORY HEALTH STANDARDS - SURFACE COAL MINES AND SURFACE WORK AREAS OF UNDERGROUND COAL MINES; Subpart A - General; eCFR as of 2026-10-01
cfr30-71.100	71.100 Respirable dust standard.	https://www.ecfr.gov/on/2026-10-01/title-30/section-71.100	us-gov-public-domain	30 CFR 71.100; PART 71 - MANDATORY HEALTH STANDARDS - SURFACE COAL MINES AND SURFACE WORK AREAS OF UNDERGROUND COAL MINES; Subpart B - Dust Standards; eCFR as of 2026-10-01
cfr30-71.201	71.201 Sampling; general and technical requirements.	https://www.ecfr.gov/on/2026-10-01/title-30/section-71.201	us-gov-public-domain	30 CFR 71.201; PART 71 - MANDATORY HEALTH STANDARDS - SURFACE COAL MINES AND SURFACE WORK AREAS OF UNDERGROUND COAL MINES; Subpart C - Sampling Procedures; eCFR as of 2026-10-01
cfr30-71.202	71.202 Certified person; sampling.	https://www.ecfr.gov/on/2026-10-01/title-30/section-71.202	us-gov-public-domain	30 CFR 71.202; PART 71 - MANDATORY HEALTH STANDARDS - SURFACE COAL MINES AND SURFACE WORK AREAS OF UNDERGROUND COAL MINES; Subpart C - Sampling Procedures; eCFR as of 2026-10-01
cfr30-71.203	71.203 Certified person; maintenance and calibration.	https://www.ecfr.gov/on/2026-10-01/title-30/section-71.203	us-gov-public-domain	30 CFR 71.203; PART 71 - MANDATORY HEALTH STANDARDS - SURFACE COAL MINES AND SURFACE WORK AREAS OF UNDERGROUND COAL MINES; Subpart C - Sampling Procedures; eCFR as of 2026-10-01
cfr30-71.204	71.204 Approved sampling devices; maintenance and calibration.	https://www.ecfr.gov/on/2026-10-01/title-30/section-71.204	us-gov-public-domain	30 CFR 71.204; PART 71 - MANDATORY HEALTH STANDARDS - SURFACE COAL MINES AND SURFACE WORK AREAS OF UNDERGROUND COAL MINES; Subpart C - Sampling Procedures; eCFR as of 2026-10-01
cfr30-71.205	71.205 Approved sampling devices; operation; air flowrate.	https://www.ecfr.gov/on/2026-10-01/title-30/section-71.205	us-gov-public-domain	30 CFR 71.205; PART 71 - MANDATORY HEALTH STANDARDS - SURFACE COAL MINES AND SURFACE WORK AREAS OF UNDERGROUND COAL MINES; Subpart C - Sampling Procedures; eCFR as of 2026-10-01
cfr30-71.206	71.206 Quarterly sampling; designated work positions.	https://www.ecfr.gov/on/2026-10-01/title-30/section-71.206	us-gov-public-domain	30 CFR 71.206; PART 71 - MANDATORY HEALTH STANDARDS - SURFACE COAL MINES AND SURFACE WORK AREAS OF UNDERGROUND COAL MINES; Subpart C - Sampling Procedures; eCFR as of 2026-10-01
cfr30-71.207	71.207 Respirable dust samples; transmission by operator.	https://www.ecfr.gov/on/2026-10-01/title-30/section-71.207	us-gov-public-domain	30 CFR 71.207; PART 71 - MANDATORY HEALTH STANDARDS - SURFACE COAL MINES AND SURFACE WORK AREAS OF UNDERGROUND COAL MINES; Subpart C - Sampling Procedures; eCFR as of 2026-10-01
cfr30-71.208	71.208 Respirable dust samples; report to operator; posting.	https://www.ecfr.gov/on/2026-10-01/title-30/section-71.208	us-gov-public-domain	30 CFR 71.208; PART 71 - MANDATORY HEALTH STANDARDS - SURFACE COAL MINES AND SURFACE WORK AREAS OF UNDERGROUND COAL MINES; Subpart C - Sampling Procedures; eCFR as of 2026-10-01
cfr30-71.209	71.209 Status change reports.	https://www.ecfr.gov/on/2026-10-01/title-30/section-71.209	us-gov-public-domain	30 CFR 71.209; PART 71 - MANDATORY HEALTH STANDARDS - SURFACE COAL MINES AND SURFACE WORK AREAS OF UNDERGROUND COAL MINES; Subpart C - Sampling Procedures; eCFR as of 2026-10-01
cfr30-71.300	71.300 Respirable dust control plan; filing requirements.	https://www.ecfr.gov/on/2026-10-01/title-30/section-71.300	us-gov-public-domain	30 CFR 71.300; PART 71 - MANDATORY HEALTH STANDARDS - SURFACE COAL MINES AND SURFACE WORK AREAS OF UNDERGROUND COAL MINES; Subpart D - Respirable Dust Control Plans; eCFR as of 2026-10-01
cfr30-71.301	71.301 Respirable dust control plan; approval by District Manager and posting.	https://www.ecfr.gov/on/2026-10-01/title-30/section-71.301	us-gov-public-domain	30 CFR 71.301; PART 71 - MANDATORY HEALTH STANDARDS - SURFACE COAL MINES AND SURFACE WORK AREAS OF UNDERGROUND COAL MINES; Subpart D - Respirable Dust Control Plans; eCFR as of 2026-10-01
cfr30-71.400	71.400 Bathing facilities; change rooms; sanitary flush toilet facilities.	https://www.ecfr.gov/on/2026-10-01/title-30/section-71.400	us-gov-public-domain	30 CFR 71.400; PART 71 - MANDATORY HEALTH STANDARDS - SURFACE COAL MINES AND SURFACE WORK AREAS OF UNDERGROUND COAL MINES; Subpart E - Surface Bathing Facilities, Change Rooms, and Sanitary Flush Toilet Facilities at Surface Coal Mines; eCFR as of 2026-10-01
cfr30-71.401	71.401 Location of facilities.	https://www.ecfr.gov/on/2026-10-01/title-30/section-71.401	us-gov-public-domain	30 CFR 71.401; PART 71 - MANDATORY HEALTH STANDARDS - SURFACE COAL MINES AND SURFACE WORK AREAS OF UNDERGROUND COAL MINES; Subpart E - Surface Bathing Facilities, Change Rooms, and Sanitary Flush Toilet Facilities at Surface Coal Mines; eCFR as of 2026-10-01
cfr30-71.402	71.402 Minimum requirements for bathing facilities, change rooms, and sanitary flush toilet facilities.	https://www.ecfr.gov/on/2026-10-01/title-30/section-71.402	us-gov-public-domain	30 CFR 71.402; PART 71 - MANDATORY HEALTH STANDARDS - SURFACE COAL MINES AND SURFACE WORK AREAS OF UNDERGROUND COAL MINES; Subpart E - Surface Bathing Facilities, Change Rooms, and Sanitary Flush Toilet Facilities at Surface Coal Mines; eCFR as of 2026-10-01
cfr30-71.403	71.403 Waiver of surface facilities requirements; posting of waiver.	https://www.ecfr.gov/on/2026-10-01/title-30/section-71.403	us-gov-public-domain	30 CFR 71.403; PART 71 - MANDATORY HEALTH STANDARDS - SURFACE COAL MINES AND SURFACE WORK AREAS OF UNDERGROUND COAL MINES; Subpart E - Surface Bathing Facilities, Change Rooms, and Sanitary Flush Toilet Facilities at Surface Coal Mines; eCFR as of 2026-10-01
cfr30-71.404	71.404 Application for waiver of surface facilities requirements.	https://www.ecfr.gov/on/2026-10-01/title-30/section-71.404	us-gov-public-domain	30 CFR 71.404; PART 71 - MANDATORY HEALTH STANDARDS - SURFACE COAL MINES AND SURFACE WORK AREAS OF UNDERGROUND COAL MINES; Subpart E - Surface Bathing Facilities, Change Rooms, and Sanitary Flush Toilet Facilities at Surface Coal Mines; eCFR as of 2026-10-01
cfr30-71.500	71.500 Sanitary toilet facilities at surface work sites; installation requirements.	https://www.ecfr.gov/on/2026-10-01/title-30/section-71.500	us-gov-public-domain	30 CFR 71.500; PART 71 - MANDATORY HEALTH STANDARDS - SURFACE COAL MINES AND SURFACE WORK AREAS OF UNDERGROUND COAL MINES; Subpart F - Sanitary Toilet Facilities at Surface Worksites of Surface Coal Mines; eCFR as of 2026-10-01
cfr30-71.501	71.501 Sanitary toilet facilities; maintenance.	https://www.ecfr.gov/on/2026-10-01/title-30/section-71.501	us-gov-public-domain	30 CFR 71.501; PART 71 - MANDATORY HEALTH STANDARDS - SURFACE COAL MINES AND SURFACE WORK AREAS OF UNDERGROUND COAL MINES; Subpart F - Sanitary Toilet Facilities at Surface Worksites of Surface Coal Mines; eCFR as of 2026-10-01
cfr30-71.600	71.600 Drinking water; general.	https://www.ecfr.gov/on/2026-10-01/title-30/section-71.600	us-gov-public-domain	30 CFR 71.600; PART 71 - MANDATORY HEALTH STANDARDS - SURFACE COAL MINES AND SURFACE WORK AREAS OF UNDERGROUND COAL MINES; Subpart G - Drinking Water; eCFR as of 2026-10-01
cfr30-71.601	71.601 Drinking water; quality.	https://www.ecfr.gov/on/2026-10-01/title-30/section-71.601	us-gov-public-domain	30 CFR 71.601; PART 71 - MANDATORY HEALTH STANDARDS - SURFACE COAL MINES AND SURFACE WORK AREAS OF UNDERGROUND COAL MINES; Subpart G - Drinking Water; eCFR as of 2026-10-01
cfr30-71.602	71.602 Drinking water; distribution.	https://www.ecfr.gov/on/2026-10-01/title-30/section-71.602	us-gov-public-domain	30 CFR 71.602; PART 71 - MANDATORY HEALTH STANDARDS - SURFACE COAL MINES AND SURFACE WORK AREAS OF UNDERGROUND COAL MINES; Subpart G - Drinking Water; eCFR as of 2026-10-01
cfr30-71.603	71.603 Drinking water; dispensing requirements.	https://www.ecfr.gov/on/2026-10-01/title-30/section-71.603	us-gov-public-domain	30 CFR 71.603; PART 71 - MANDATORY HEALTH STANDARDS - SURFACE COAL MINES AND SURFACE WORK AREAS OF UNDERGROUND COAL MINES; Subpart G - Drinking Water; eCFR as of 2026-10-01
cfr30-71.700	71.700 Inhalation hazards; threshold limit values for gases, dust, fumes, mists, and vapors.	https://www.ecfr.gov/on/2026-10-01/title-30/section-71.700	us-gov-public-domain	30 CFR 71.700; PART 71 - MANDATORY HEALTH STANDARDS - SURFACE COAL MINES AND SURFACE WORK AREAS OF UNDERGROUND COAL MINES; Subpart H - Airborne Contaminants; eCFR as of 2026-10-01
cfr30-71.701	71.701 Sampling; general requirements.	https://www.ecfr.gov/on/2026-10-01/title-30/section-71.701	us-gov-public-domain	30 CFR 71.701; PART 71 - MANDATORY HEALTH STANDARDS - SURFACE COAL MINES AND SURFACE WORK AREAS OF UNDERGROUND COAL MINES; Subpart H - Airborne Contaminants; eCFR as of 2026-10-01
cfr30-71.702	71.702 Asbestos standard.	https://www.ecfr.gov/on/2026-10-01/title-30/section-71.702	us-gov-public-domain	30 CFR 71.702; PART 71 - MANDATORY HEALTH STANDARDS - SURFACE COAL MINES AND SURFACE WORK AREAS OF UNDERGROUND COAL MINES; Subpart H - Airborne Contaminants; eCFR as of 2026-10-01
cfr30-72.1	72.1 Scope.	https://www.ecfr.gov/on/2026-10-01/title-30/section-72.1	us-gov-public-domain	30 CFR 72.1; PART 72 - HEALTH STANDARDS FOR COAL MINES; Subpart A - General; eCFR as of 2026-10-01
cfr30-72.100	72.100 Periodic examinations.	https://www.ecfr.gov/on/2026-10-01/title-30/section-72.100	us-gov-public-domain	30 CFR 72.100; PART 72 - HEALTH STANDARDS FOR COAL MINES; Subpart B - Medical Surveillance; eCFR as of 2026-10-01
cfr30-72.500	72.500 Emission limits for permissible diesel-powered equipment.	https://www.ecfr.gov/on/2026-10-01/title-30/section-72.500	us-gov-public-domain	30 CFR 72.500; PART 72 - HEALTH STANDARDS FOR COAL MINES; Subpart D - Diesel Particulate Matter - Underground Areas of Underground Coal Mines; eCFR as of 2026-10-01
cfr30-72.501	72.501 Emission limits for nonpermissible heavy-duty diesel-powered equipment, generators and compressors.	https://www.ecfr.gov/on/2026-10-01/title-30/section-72.501	us-gov-public-domain	30 CFR 72.501; PART 72 - HEALTH STANDARDS FOR COAL MINES; Subpart D - Diesel Particulate Matter - Underground Areas of Underground Coal Mines; eCFR as of 2026-10-01
cfr30-72.502	72.502 Requirements for nonpermissible light-duty diesel-powered equipment other than generators and compressors.	https://www.ecfr.gov/on/2026-10-01/title-30/section-72.502	us-gov-public-domain	30 CFR 72.502; PART 72 - HEALTH STANDARDS FOR COAL MINES; Subpart D - Diesel Particulate Matter - Underground Areas of Underground Coal Mines; eCFR as of 2026-10-01
cfr30-72.503	72.503 Determination of emissions; filter maintenance; definition of “introduced”.	https://www.ecfr.gov/on/2026-10-01/title-30/section-72.503	us-gov-public-domain	30 CFR 72.503; PART 72 - HEALTH STANDARDS FOR COAL MINES; Subpart D - Diesel Particulate Matter - Underground Areas of Underground Coal Mines; eCFR as of 2026-10-01
cfr30-72.510	72.510 Miner health training.	https://www.ecfr.gov/on/2026-10-01/title-30/section-72.510	us-gov-public-domain	30 CFR 72.510; PART 72 - HEALTH STANDARDS FOR COAL MINES; Subpart D - Diesel Particulate Matter - Underground Areas of Underground Coal Mines; eCFR as of 2026-10-01
cfr30-72.520	72.520 Diesel equipment inventory.	https://www.ecfr.gov/on/2026-10-01/title-30/section-72.520	us-gov-public-domain	30 CFR 72.520; PART 72 - HEALTH STANDARDS FOR COAL MINES; Subpart D - Diesel Particulate Matter - Underground Areas of Underground Coal Mines; eCFR as of 2026-10-01
cfr30-72.610	72.610 Abrasive blasting.	https://www.ecfr.gov/on/2026-10-01/title-30/section-72.610	us-gov-public-domain	30 CFR 72.610; PART 72 - HEALTH STANDARDS FOR COAL MINES; Subpart E - Miscellaneous; eCFR as of 2026-10-01
cfr30-72.620	72.620 Drill dust control at surface mines and surface areas of underground mines.	https://www.ecfr.gov/on/2026-10-01/title-30/section-72.620	us-gov-public-domain	30 CFR 72.620; PART 72 - HEALTH STANDARDS FOR COAL MINES; Subpart E - Miscellaneous; eCFR as of 2026-10-01
cfr30-72.630	72.630 Drill dust control at underground areas of underground mines.	https://www.ecfr.gov/on/2026-10-01/title-30/section-72.630	us-gov-public-domain	30 CFR 72.630; PART 72 - HEALTH STANDARDS FOR COAL MINES; Subpart E - Miscellaneous; eCFR as of 2026-10-01
cfr30-72.700	72.700 Respiratory equipment; respirable dust.	https://www.ecfr.gov/on/2026-10-01/title-30/section-72.700	us-gov-public-domain	30 CFR 72.700; PART 72 - HEALTH STANDARDS FOR COAL MINES; Subpart E - Miscellaneous; eCFR as of 2026-10-01
cfr30-72.701	72.701 Respiratory equipment; gas, dusts, fumes, or mists.	https://www.ecfr.gov/on/2026-10-01/title-30/section-72.701	us-gov-public-domain	30 CFR 72.701; PART 72 - HEALTH STANDARDS FOR COAL MINES; Subpart E - Miscellaneous; eCFR as of 2026-10-01
cfr30-72.710	72.710 Selection, fit, use, and maintenance of approved respirators.	https://www.ecfr.gov/on/2026-10-01/title-30/section-72.710	us-gov-public-domain	30 CFR 72.710; PART 72 - HEALTH STANDARDS FOR COAL MINES; Subpart E - Miscellaneous; eCFR as of 2026-10-01; reviewed: US government work, "Copyright protection under this title is not available for any work of the United States Government" (17 U.S.C. 105); the name ASTM only identifies a standard or body that the rule cites, and no text of that standard is reproduced
cfr30-72.800	72.800 Single, full-shift measurement of respirable coal mine dust.	https://www.ecfr.gov/on/2026-10-01/title-30/section-72.800	us-gov-public-domain	30 CFR 72.800; PART 72 - HEALTH STANDARDS FOR COAL MINES; Subpart E - Miscellaneous; eCFR as of 2026-10-01
cfr30-74.1	74.1 Purpose.	https://www.ecfr.gov/on/2026-10-01/title-30/section-74.1	us-gov-public-domain	30 CFR 74.1; PART 74 - COAL MINE DUST SAMPLING DEVICES; Subpart A - General; eCFR as of 2026-10-01
cfr30-74.2	74.2 Definitions.	https://www.ecfr.gov/on/2026-10-01/title-30/section-74.2	us-gov-public-domain	30 CFR 74.2; PART 74 - COAL MINE DUST SAMPLING DEVICES; Subpart A - General; eCFR as of 2026-10-01; reviewed: US government work, "Copyright protection under this title is not available for any work of the United States Government" (17 U.S.C. 105); the name ISO only identifies a standard or body that the rule cites, and no text of that standard is reproduced
cfr30-74.3	74.3 Sampler unit.	https://www.ecfr.gov/on/2026-10-01/title-30/section-74.3	us-gov-public-domain	30 CFR 74.3; PART 74 - COAL MINE DUST SAMPLING DEVICES; Subpart B - Approval Requirements for Coal Mine Dust Personal Sampler Unit; eCFR as of 2026-10-01
cfr30-74.4	74.4 Specifications of sampler unit.	https://www.ecfr.gov/on/2026-10-01/title-30/section-74.4	us-gov-public-domain	30 CFR 74.4; PART 74 - COAL MINE DUST SAMPLING DEVICES; Subpart B - Approval Requirements for Coal Mine Dust Personal Sampler Unit; eCFR as of 2026-10-01
cfr30-74.5	74.5 Tests of coal mine dust personal sampler units.	https://www.ecfr.gov/on/2026-10-01/title-30/section-74.5	us-gov-public-domain	30 CFR 74.5; PART 74 - COAL MINE DUST SAMPLING DEVICES; Subpart B - Approval Requirements for Coal Mine Dust Personal Sampler Unit; eCFR as of 2026-10-01
cfr30-74.6	74.6 Quality control.	https://www.ecfr.gov/on/2026-10-01/title-30/section-74.6	us-gov-public-domain	30 CFR 74.6; PART 74 - COAL MINE DUST SAMPLING DEVICES; Subpart B - Approval Requirements for Coal Mine Dust Personal Sampler Unit; eCFR as of 2026-10-01
cfr30-74.7	74.7 Design and construction requirements.	https://www.ecfr.gov/on/2026-10-01/title-30/section-74.7	us-gov-public-domain	30 CFR 74.7; PART 74 - COAL MINE DUST SAMPLING DEVICES; Subpart C - Requirements for Continuous Personal Dust Monitors; eCFR as of 2026-10-01; reviewed: US government work, "Copyright protection under this title is not available for any work of the United States Government" (17 U.S.C. 105); the name IEEE only identifies a standard or body that the rule cites, and no text of that standard is reproduced
cfr30-74.8	74.8 Measurement, accuracy, and reliability requirements.	https://www.ecfr.gov/on/2026-10-01/title-30/section-74.8	us-gov-public-domain	30 CFR 74.8; PART 74 - COAL MINE DUST SAMPLING DEVICES; Subpart C - Requirements for Continuous Personal Dust Monitors; eCFR as of 2026-10-01
cfr30-74.9	74.9 Quality assurance.	https://www.ecfr.gov/on/2026-10-01/title-30/section-74.9	us-gov-public-domain	30 CFR 74.9; PART 74 - COAL MINE DUST SAMPLING DEVICES; Subpart C - Requirements for Continuous Personal Dust Monitors; eCFR as of 2026-10-01; reviewed: US government work, "Copyright protection under this title is not available for any work of the United States Government" (17 U.S.C. 105); the name ISO only identifies a standard or body that the rule cites, and no text of that standard is reproduced
cfr30-74.10	74.10 Operating and maintenance instructions.	https://www.ecfr.gov/on/2026-10-01/title-30/section-74.10	us-gov-public-domain	30 CFR 74.10; PART 74 - COAL MINE DUST SAMPLING DEVICES; Subpart C - Requirements for Continuous Personal Dust Monitors; eCFR as of 2026-10-01
cfr30-74.11	74.11 Tests of the continuous personal dust monitor.	https://www.ecfr.gov/on/2026-10-01/title-30/section-74.11	us-gov-public-domain	30 CFR 74.11; PART 74 - COAL MINE DUST SAMPLING DEVICES; Subpart C - Requirements for Continuous Personal Dust Monitors; eCFR as of 2026-10-01
cfr30-74.12	74.12 Conduct of tests; demonstrations.	https://www.ecfr.gov/on/2026-10-01/title-30/section-74.12	us-gov-public-domain	30 CFR 74.12; PART 74 - COAL MINE DUST SAMPLING DEVICES; Subpart D - General Requirements for All Devices; eCFR as of 2026-10-01
cfr30-74.13	74.13 Applications.	https://www.ecfr.gov/on/2026-10-01/title-30/section-74.13	us-gov-public-domain	30 CFR 74.13; PART 74 - COAL MINE DUST SAMPLING DEVICES; Subpart D - General Requirements for All Devices; eCFR as of 2026-10-01
cfr30-74.14	74.14 Certificate of approval.	https://www.ecfr.gov/on/2026-10-01/title-30/section-74.14	us-gov-public-domain	30 CFR 74.14; PART 74 - COAL MINE DUST SAMPLING DEVICES; Subpart D - General Requirements for All Devices; eCFR as of 2026-10-01
cfr30-74.15	74.15 Approval labels.	https://www.ecfr.gov/on/2026-10-01/title-30/section-74.15	us-gov-public-domain	30 CFR 74.15; PART 74 - COAL MINE DUST SAMPLING DEVICES; Subpart D - General Requirements for All Devices; eCFR as of 2026-10-01
cfr30-74.16	74.16 Material required for record.	https://www.ecfr.gov/on/2026-10-01/title-30/section-74.16	us-gov-public-domain	30 CFR 74.16; PART 74 - COAL MINE DUST SAMPLING DEVICES; Subpart D - General Requirements for All Devices; eCFR as of 2026-10-01
cfr30-74.17	74.17 Changes after certification.	https://www.ecfr.gov/on/2026-10-01/title-30/section-74.17	us-gov-public-domain	30 CFR 74.17; PART 74 - COAL MINE DUST SAMPLING DEVICES; Subpart D - General Requirements for All Devices; eCFR as of 2026-10-01
cfr30-74.18	74.18 Withdrawal of certification.	https://www.ecfr.gov/on/2026-10-01/title-30/section-74.18	us-gov-public-domain	30 CFR 74.18; PART 74 - COAL MINE DUST SAMPLING DEVICES; Subpart D - General Requirements for All Devices; eCFR as of 2026-10-01
cfr30-75.1	75.1 Scope.	https://www.ecfr.gov/on/2026-10-01/title-30/section-75.1	us-gov-public-domain	30 CFR 75.1; PART 75 - MANDATORY SAFETY STANDARDS - UNDERGROUND COAL MINES; Subpart A - General; eCFR as of 2026-10-01
cfr30-75.2	75.2 Definitions.	https://www.ecfr.gov/on/2026-10-01/title-30/section-75.2	us-gov-public-domain	30 CFR 75.2; PART 75 - MANDATORY SAFETY STANDARDS - UNDERGROUND COAL MINES; Subpart A - General; eCFR as of 2026-10-01
cfr30-75.100	75.100 Certified person.	https://www.ecfr.gov/on/2026-10-01/title-30/section-75.100	us-gov-public-domain	30 CFR 75.100; PART 75 - MANDATORY SAFETY STANDARDS - UNDERGROUND COAL MINES; Subpart B - Qualified and Certified Persons; eCFR as of 2026-10-01
cfr30-75.150	75.150 Tests for methane and for oxygen deficiency; qualified person.	https://www.ecfr.gov/on/2026-10-01/title-30/section-75.150	us-gov-public-domain	30 CFR 75.150; PART 75 - MANDATORY SAFETY STANDARDS - UNDERGROUND COAL MINES; Subpart B - Qualified and Certified Persons; eCFR as of 2026-10-01
cfr30-75.151	75.151 Tests for methane; qualified person; additional requirement.	https://www.ecfr.gov/on/2026-10-01/title-30/section-75.151	us-gov-public-domain	30 CFR 75.151; PART 75 - MANDATORY SAFETY STANDARDS - UNDERGROUND COAL MINES; Subpart B - Qualified and Certified Persons; eCFR as of 2026-10-01
cfr30-75.152	75.152 Tests of air flow; qualified person.	https://www.ecfr.gov/on/2026-10-01/title-30/section-75.152	us-gov-public-domain	30 CFR 75.152; PART 75 - MANDATORY SAFETY STANDARDS - UNDERGROUND COAL MINES; Subpart B - Qualified and Certified Persons; eCFR as of 2026-10-01
cfr30-75.153	75.153 Electrical work; qualified person.	https://www.ecfr.gov/on/2026-10-01/title-30/section-75.153	us-gov-public-domain	30 CFR 75.153; PART 75 - MANDATORY SAFETY STANDARDS - UNDERGROUND COAL MINES; Subpart B - Qualified and Certified Persons; eCFR as of 2026-10-01
cfr30-75.154	75.154 Repair of energized surface high voltage lines; qualified person.	https://www.ecfr.gov/on/2026-10-01/title-30/section-75.154	us-gov-public-domain	30 CFR 75.154; PART 75 - MANDATORY SAFETY STANDARDS - UNDERGROUND COAL MINES; Subpart B - Qualified and Certified Persons; eCFR as of 2026-10-01
cfr30-75.155	75.155 Qualified hoisting engineer; qualifications.	https://www.ecfr.gov/on/2026-10-01/title-30/section-75.155	us-gov-public-domain	30 CFR 75.155; PART 75 - MANDATORY SAFETY STANDARDS - UNDERGROUND COAL MINES; Subpart B - Qualified and Certified Persons; eCFR as of 2026-10-01
cfr30-75.156	75.156 AMS operator, qualifications.	https://www.ecfr.gov/on/2026-10-01/title-30/section-75.156	us-gov-public-domain	30 CFR 75.156; PART 75 - MANDATORY SAFETY STANDARDS - UNDERGROUND COAL MINES; Subpart B - Qualified and Certified Persons; eCFR as of 2026-10-01
cfr30-75.159	75.159 Records of certified and qualified persons.	https://www.ecfr.gov/on/2026-10-01/title-30/section-75.159	us-gov-public-domain	30 CFR 75.159; PART 75 - MANDATORY SAFETY STANDARDS - UNDERGROUND COAL MINES; Subpart B - Qualified and Certified Persons; eCFR as of 2026-10-01
cfr30-75.161	75.161 Plans for training programs.	https://www.ecfr.gov/on/2026-10-01/title-30/section-75.161	us-gov-public-domain	30 CFR 75.161; PART 75 - MANDATORY SAFETY STANDARDS - UNDERGROUND COAL MINES; Subpart B - Qualified and Certified Persons; eCFR as of 2026-10-01
cfr30-75.200	75.200 Scope.	https://www.ecfr.gov/on/2026-10-01/title-30/section-75.200	us-gov-public-domain	30 CFR 75.200; PART 75 - MANDATORY SAFETY STANDARDS - UNDERGROUND COAL MINES; Subpart C - Roof Support; eCFR as of 2026-10-01
cfr30-75.201	75.201 Definitions.	https://www.ecfr.gov/on/2026-10-01/title-30/section-75.201	us-gov-public-domain	30 CFR 75.201; PART 75 - MANDATORY SAFETY STANDARDS - UNDERGROUND COAL MINES; Subpart C - Roof Support; eCFR as of 2026-10-01
cfr30-75.202	75.202 Protection from falls of roof, face and ribs.	https://www.ecfr.gov/on/2026-10-01/title-30/section-75.202	us-gov-public-domain	30 CFR 75.202; PART 75 - MANDATORY SAFETY STANDARDS - UNDERGROUND COAL MINES; Subpart C - Roof Support; eCFR as of 2026-10-01
cfr30-75.203	75.203 Mining methods.	https://www.ecfr.gov/on/2026-10-01/title-30/section-75.203	us-gov-public-domain	30 CFR 75.203; PART 75 - MANDATORY SAFETY STANDARDS - UNDERGROUND COAL MINES; Subpart C - Roof Support; eCFR as of 2026-10-01
cfr30-75.204	75.204 Roof bolting.	https://www.ecfr.gov/on/2026-10-01/title-30/section-75.204	us-gov-public-domain	30 CFR 75.204; PART 75 - MANDATORY SAFETY STANDARDS - UNDERGROUND COAL MINES; Subpart C - Roof Support; eCFR as of 2026-10-01; reviewed: US government work, "Copyright protection under this title is not available for any work of the United States Government" (17 U.S.C. 105); the name ASTM only identifies a standard or body that the rule cites, and no text of that standard is reproduced
cfr30-75.205	75.205 Installation of roof support using mining machines with integral roof bolters.	https://www.ecfr.gov/on/2026-10-01/title-30/section-75.205	us-gov-public-domain	30 CFR 75.205; PART 75 - MANDATORY SAFETY STANDARDS - UNDERGROUND COAL MINES; Subpart C - Roof Support; eCFR as of 2026-10-01
cfr30-75.206	75.206 Conventional roof support.	https://www.ecfr.gov/on/2026-10-01/title-30/section-75.206	us-gov-public-domain	30 CFR 75.206; PART 75 - MANDATORY SAFETY STANDARDS - UNDERGROUND COAL MINES; Subpart C - Roof Support; eCFR as of 2026-10-01
cfr30-75.207	75.207 Pillar recovery.	https://www.ecfr.gov/on/2026-10-01/title-30/section-75.207	us-gov-public-domain	30 CFR 75.207; PART 75 - MANDATORY SAFETY STANDARDS - UNDERGROUND COAL MINES; Subpart C - Roof Support; eCFR as of 2026-10-01
cfr30-75.208	75.208 Warning devices.	https://www.ecfr.gov/on/2026-10-01/title-30/section-75.208	us-gov-public-domain	30 CFR 75.208; PART 75 - MANDATORY SAFETY STANDARDS - UNDERGROUND COAL MINES; Subpart C - Roof Support; eCFR as of 2026-10-01
cfr30-75.209	75.209 Automated Temporary Roof Support (ATRS) systems.	https://www.ecfr.gov/on/2026-10-01/title-30/section-75.209	us-gov-public-domain	30 CFR 75.209; PART 75 - MANDATORY SAFETY STANDARDS - UNDERGROUND COAL MINES; Subpart C - Roof Support; eCFR as of 2026-10-01
cfr30-75.210	75.210 Manual installation of temporary support.	https://www.ecfr.gov/on/2026-10-01/title-30/section-75.210	us-gov-public-domain	30 CFR 75.210; PART 75 - MANDATORY SAFETY STANDARDS - UNDERGROUND COAL MINES; Subpart C - Roof Support; eCFR as of 2026-10-01
cfr30-75.211	75.211 Roof testing and scaling.	https://www.ecfr.gov/on/2026-10-01/title-30/section-75.211	us-gov-public-domain	30 CFR 75.211; PART 75 - MANDATORY SAFETY STANDARDS - UNDERGROUND COAL MINES; Subpart C - Roof Support; eCFR as of 2026-10-01
cfr30-75.212	75.212 Rehabilitation of areas with unsupported roof.	https://www.ecfr.gov/on/2026-10-01/title-30/section-75.212	us-gov-public-domain	30 CFR 75.212; PART 75 - MANDATORY SAFETY STANDARDS - UNDERGROUND COAL MINES; Subpart C - Roof Support; eCFR as of 2026-10-01
cfr30-75.213	75.213 Roof support removal.	https://www.ecfr.gov/on/2026-10-01/title-30/section-75.213	us-gov-public-domain	30 CFR 75.213; PART 75 - MANDATORY SAFETY STANDARDS - UNDERGROUND COAL MINES; Subpart C - Roof Support; eCFR as of 2026-10-01
cfr30-75.214	75.214 Supplemental support materials, equipment and tools.	https://www.ecfr.gov/on/2026-10-01/title-30/section-75.214	us-gov-public-domain	30 CFR 75.214; PART 75 - MANDATORY SAFETY STANDARDS - UNDERGROUND COAL MINES; Subpart C - Roof Support; eCFR as of 2026-10-01
cfr30-75.215	75.215 Longwall mining systems.	https://www.ecfr.gov/on/2026-10-01/title-30/section-75.215	us-gov-public-domain	30 CFR 75.215; PART 75 - MANDATORY SAFETY STANDARDS - UNDERGROUND COAL MINES; Subpart C - Roof Support; eCFR as of 2026-10-01
cfr30-75.220	75.220 Roof control plan.	https://www.ecfr.gov/on/2026-10-01/title-30/section-75.220	us-gov-public-domain	30 CFR 75.220; PART 75 - MANDATORY SAFETY STANDARDS - UNDERGROUND COAL MINES; Subpart C - Roof Support; eCFR as of 2026-10-01
cfr30-75.221	75.221 Roof control plan information.	https://www.ecfr.gov/on/2026-10-01/title-30/section-75.221	us-gov-public-domain	30 CFR 75.221; PART 75 - MANDATORY SAFETY STANDARDS - UNDERGROUND COAL MINES; Subpart C - Roof Support; eCFR as of 2026-10-01
cfr30-75.222	75.222 Roof control plan-approval criteria.	https://www.ecfr.gov/on/2026-10-01/title-30/section-75.222	us-gov-public-domain	30 CFR 75.222; PART 75 - MANDATORY SAFETY STANDARDS - UNDERGROUND COAL MINES; Subpart C - Roof Support; eCFR as of 2026-10-01
cfr30-75.223	75.223 Evaluation and revision of roof control plan.	https://www.ecfr.gov/on/2026-10-01/title-30/section-75.223	us-gov-public-domain	30 CFR 75.223; PART 75 - MANDATORY SAFETY STANDARDS - UNDERGROUND COAL MINES; Subpart C - Roof Support; eCFR as of 2026-10-01
cfr30-75.300	75.300 Scope.	https://www.ecfr.gov/on/2026-10-01/title-30/section-75.300	us-gov-public-domain	30 CFR 75.300; PART 75 - MANDATORY SAFETY STANDARDS - UNDERGROUND COAL MINES; Subpart D - Ventilation; eCFR as of 2026-10-01
cfr30-75.301	75.301 Definitions.	https://www.ecfr.gov/on/2026-10-01/title-30/section-75.301	us-gov-public-domain	30 CFR 75.301; PART 75 - MANDATORY SAFETY STANDARDS - UNDERGROUND COAL MINES; Subpart D - Ventilation; eCFR as of 2026-10-01; reviewed: US government work, "Copyright protection under this title is not available for any work of the United States Government" (17 U.S.C. 105); the name ASTM only identifies a standard or body that the rule cites, and no text of that standard is reproduced
cfr30-75.302	75.302 Main mine fans.	https://www.ecfr.gov/on/2026-10-01/title-30/section-75.302	us-gov-public-domain	30 CFR 75.302; PART 75 - MANDATORY SAFETY STANDARDS - UNDERGROUND COAL MINES; Subpart D - Ventilation; eCFR as of 2026-10-01
cfr30-75.310	75.310 Installation of main mine fans.	https://www.ecfr.gov/on/2026-10-01/title-30/section-75.310	us-gov-public-domain	30 CFR 75.310; PART 75 - MANDATORY SAFETY STANDARDS - UNDERGROUND COAL MINES; Subpart D - Ventilation; eCFR as of 2026-10-01
cfr30-75.311	75.311 Main mine fan operation.	https://www.ecfr.gov/on/2026-10-01/title-30/section-75.311	us-gov-public-domain	30 CFR 75.311; PART 75 - MANDATORY SAFETY STANDARDS - UNDERGROUND COAL MINES; Subpart D - Ventilation; eCFR as of 2026-10-01
cfr30-75.312	75.312 Main mine fan examinations and records.	https://www.ecfr.gov/on/2026-10-01/title-30/section-75.312	us-gov-public-domain	30 CFR 75.312; PART 75 - MANDATORY SAFETY STANDARDS - UNDERGROUND COAL MINES; Subpart D - Ventilation; eCFR as of 2026-10-01
cfr30-75.313	75.313 Main mine fan stoppage with persons underground.	https://www.ecfr.gov/on/2026-10-01/title-30/section-75.313	us-gov-public-domain	30 CFR 75.313; PART 75 - MANDATORY SAFETY STANDARDS - UNDERGROUND COAL MINES; Subpart D - Ventilation; eCFR as of 2026-10-01
cfr30-75.320	75.320 Air quality detectors and measurement devices.	https://www.ecfr.gov/on/2026-10-01/title-30/section-75.320	us-gov-public-domain	30 CFR 75.320; PART 75 - MANDATORY SAFETY STANDARDS - UNDERGROUND COAL MINES; Subpart D - Ventilation; eCFR as of 2026-10-01
cfr30-75.321	75.321 Air quality.	https://www.ecfr.gov/on/2026-10-01/title-30/section-75.321	us-gov-public-domain	30 CFR 75.321; PART 75 - MANDATORY SAFETY STANDARDS - UNDERGROUND COAL MINES; Subpart D - Ventilation; eCFR as of 2026-10-01
cfr30-75.322	75.322 Harmful quantities of noxious gases.	https://www.ecfr.gov/on/2026-10-01/title-30/section-75.322	us-gov-public-domain	30 CFR 75.322; PART 75 - MANDATORY SAFETY STANDARDS - UNDERGROUND COAL MINES; Subpart D - Ventilation; eCFR as of 2026-10-01
cfr30-75.323	75.323 Actions for excessive methane.	https://www.ecfr.gov/on/2026-10-01/title-30/section-75.323	us-gov-public-domain	30 CFR 75.323; PART 75 - MANDATORY SAFETY STANDARDS - UNDERGROUND COAL MINES; Subpart D - Ventilation; eCFR as of 2026-10-01
cfr30-75.324	75.324 Intentional changes in the ventilation system.	https://www.ecfr.gov/on/2026-10-01/title-30/section-75.324	us-gov-public-domain	30 CFR 75.324; PART 75 - MANDATORY SAFETY STANDARDS - UNDERGROUND COAL MINES; Subpart D - Ventilation; eCFR as of 2026-10-01
cfr30-75.325	75.325 Air quantity.	https://www.ecfr.gov/on/2026-10-01/title-30/section-75.325	us-gov-public-domain	30 CFR 75.325; PART 75 - MANDATORY SAFETY STANDARDS - UNDERGROUND COAL MINES; Subpart D - Ventilation; eCFR as of 2026-10-01
cfr30-75.326	75.326 Mean entry air velocity.	https://www.ecfr.gov/on/2026-10-01/title-30/section-75.326	us-gov-public-domain	30 CFR 75.326; PART 75 - MANDATORY SAFETY STANDARDS - UNDERGROUND COAL MINES; Subpart D - Ventilation; eCFR as of 2026-10-01
cfr30-75.327	75.327 Air courses and trolley haulage systems.	https://www.ecfr.gov/on/2026-10-01/title-30/section-75.327	us-gov-public-domain	30 CFR 75.327; PART 75 - MANDATORY SAFETY STANDARDS - UNDERGROUND COAL MINES; Subpart D - Ventilation; eCFR as of 2026-10-01
cfr30-75.330	75.330 Face ventilation control devices.	https://www.ecfr.gov/on/2026-10-01/title-30/section-75.330	us-gov-public-domain	30 CFR 75.330; PART 75 - MANDATORY SAFETY STANDARDS - UNDERGROUND COAL MINES; Subpart D - Ventilation; eCFR as of 2026-10-01
cfr30-75.331	75.331 Auxiliary fans and tubing.	https://www.ecfr.gov/on/2026-10-01/title-30/section-75.331	us-gov-public-domain	30 CFR 75.331; PART 75 - MANDATORY SAFETY STANDARDS - UNDERGROUND COAL MINES; Subpart D - Ventilation; eCFR as of 2026-10-01
cfr30-75.332	75.332 Working sections and working places.	https://www.ecfr.gov/on/2026-10-01/title-30/section-75.332	us-gov-public-domain	30 CFR 75.332; PART 75 - MANDATORY SAFETY STANDARDS - UNDERGROUND COAL MINES; Subpart D - Ventilation; eCFR as of 2026-10-01
cfr30-75.333	75.333 Ventilation controls.	https://www.ecfr.gov/on/2026-10-01/title-30/section-75.333	us-gov-public-domain	30 CFR 75.333; PART 75 - MANDATORY SAFETY STANDARDS - UNDERGROUND COAL MINES; Subpart D - Ventilation; eCFR as of 2026-10-01; reviewed: US government work, "Copyright protection under this title is not available for any work of the United States Government" (17 U.S.C. 105); the name ASTM only identifies a standard or body that the rule cites, and no text of that standard is reproduced
cfr30-75.334	75.334 Worked-out areas and areas where pillars are being recovered.	https://www.ecfr.gov/on/2026-10-01/title-30/section-75.334	us-gov-public-domain	30 CFR 75.334; PART 75 - MANDATORY SAFETY STANDARDS - UNDERGROUND COAL MINES; Subpart D - Ventilation; eCFR as of 2026-10-01
cfr30-75.335	75.335 Seal strengths, design applications, and installation.	https://www.ecfr.gov/on/2026-10-01/title-30/section-75.335	us-gov-public-domain	30 CFR 75.335; PART 75 - MANDATORY SAFETY STANDARDS - UNDERGROUND COAL MINES; Subpart D - Ventilation; eCFR as of 2026-10-01
cfr30-75.336	75.336 Sampling and monitoring requirements.	https://www.ecfr.gov/on/2026-10-01/title-30/section-75.336	us-gov-public-domain	30 CFR 75.336; PART 75 - MANDATORY SAFETY STANDARDS - UNDERGROUND COAL MINES; Subpart D - Ventilation; eCFR as of 2026-10-01
cfr30-75.337	75.337 Construction and repair of seals.	https://www.ecfr.gov/on/2026-10-01/title-30/section-75.337	us-gov-public-domain	30 CFR 75.337; PART 75 - MANDATORY SAFETY STANDARDS - UNDERGROUND COAL MINES; Subpart D - Ventilation; eCFR as of 2026-10-01
cfr30-75.338	75.338 Training.	https://www.ecfr.gov/on/2026-10-01/title-30/section-75.338	us-gov-public-domain	30 CFR 75.338; PART 75 - MANDATORY SAFETY STANDARDS - UNDERGROUND COAL MINES; Subpart D - Ventilation; eCFR as of 2026-10-01
cfr30-75.339	75.339 Seals records.	https://www.ecfr.gov/on/2026-10-01/title-30/section-75.339	us-gov-public-domain	30 CFR 75.339; PART 75 - MANDATORY SAFETY STANDARDS - UNDERGROUND COAL MINES; Subpart D - Ventilation; eCFR as of 2026-10-01
cfr30-75.340	75.340 Underground electrical installations.	https://www.ecfr.gov/on/2026-10-01/title-30/section-75.340	us-gov-public-domain	30 CFR 75.340; PART 75 - MANDATORY SAFETY STANDARDS - UNDERGROUND COAL MINES; Subpart D - Ventilation; eCFR as of 2026-10-01
cfr30-75.341	75.341 Direct-fired intake air heaters.	https://www.ecfr.gov/on/2026-10-01/title-30/section-75.341	us-gov-public-domain	30 CFR 75.341; PART 75 - MANDATORY SAFETY STANDARDS - UNDERGROUND COAL MINES; Subpart D - Ventilation; eCFR as of 2026-10-01
cfr30-75.342	75.342 Methane monitors.	https://www.ecfr.gov/on/2026-10-01/title-30/section-75.342	us-gov-public-domain	30 CFR 75.342; PART 75 - MANDATORY SAFETY STANDARDS - UNDERGROUND COAL MINES; Subpart D - Ventilation; eCFR as of 2026-10-01
cfr30-75.343	75.343 Underground shops.	https://www.ecfr.gov/on/2026-10-01/title-30/section-75.343	us-gov-public-domain	30 CFR 75.343; PART 75 - MANDATORY SAFETY STANDARDS - UNDERGROUND COAL MINES; Subpart D - Ventilation; eCFR as of 2026-10-01
cfr30-75.344	75.344 Compressors.	https://www.ecfr.gov/on/2026-10-01/title-30/section-75.344	us-gov-public-domain	30 CFR 75.344; PART 75 - MANDATORY SAFETY STANDARDS - UNDERGROUND COAL MINES; Subpart D - Ventilation; eCFR as of 2026-10-01
cfr30-75.350	75.350 Belt air course ventilation.	https://www.ecfr.gov/on/2026-10-01/title-30/section-75.350	us-gov-public-domain	30 CFR 75.350; PART 75 - MANDATORY SAFETY STANDARDS - UNDERGROUND COAL MINES; Subpart D - Ventilation; eCFR as of 2026-10-01
cfr30-75.351	75.351 Atmospheric monitoring systems.	https://www.ecfr.gov/on/2026-10-01/title-30/section-75.351	us-gov-public-domain	30 CFR 75.351; PART 75 - MANDATORY SAFETY STANDARDS - UNDERGROUND COAL MINES; Subpart D - Ventilation; eCFR as of 2026-10-01
cfr30-75.352	75.352 Actions in response to AMS malfunction, alert, or alarm signals.	https://www.ecfr.gov/on/2026-10-01/title-30/section-75.352	us-gov-public-domain	30 CFR 75.352; PART 75 - MANDATORY SAFETY STANDARDS - UNDERGROUND COAL MINES; Subpart D - Ventilation; eCFR as of 2026-10-01
cfr30-75.360	75.360 Preshift examination at fixed intervals.	https://www.ecfr.gov/on/2026-10-01/title-30/section-75.360	us-gov-public-domain	30 CFR 75.360; PART 75 - MANDATORY SAFETY STANDARDS - UNDERGROUND COAL MINES; Subpart D - Ventilation; eCFR as of 2026-10-01
cfr30-75.361	75.361 Supplemental examination.	https://www.ecfr.gov/on/2026-10-01/title-30/section-75.361	us-gov-public-domain	30 CFR 75.361; PART 75 - MANDATORY SAFETY STANDARDS - UNDERGROUND COAL MINES; Subpart D - Ventilation; eCFR as of 2026-10-01
cfr30-75.362	75.362 On-shift examination.	https://www.ecfr.gov/on/2026-10-01/title-30/section-75.362	us-gov-public-domain	30 CFR 75.362; PART 75 - MANDATORY SAFETY STANDARDS - UNDERGROUND COAL MINES; Subpart D - Ventilation; eCFR as of 2026-10-01
cfr30-75.363	75.363 Hazardous conditions and violations of mandatory health or safety standards; posting, correcting, and recording.	https://www.ecfr.gov/on/2026-10-01/title-30/section-75.363	us-gov-public-domain	30 CFR 75.363; PART 75 - MANDATORY SAFETY STANDARDS - UNDERGROUND COAL MINES; Subpart D - Ventilation; eCFR as of 2026-10-01
cfr30-75.364	75.364 Weekly examination.	https://www.ecfr.gov/on/2026-10-01/title-30/section-75.364	us-gov-public-domain	30 CFR 75.364; PART 75 - MANDATORY SAFETY STANDARDS - UNDERGROUND COAL MINES; Subpart D - Ventilation; eCFR as of 2026-10-01
cfr30-75.370	75.370 Mine ventilation plan; submission and approval.	https://www.ecfr.gov/on/2026-10-01/title-30/section-75.370	us-gov-public-domain	30 CFR 75.370; PART 75 - MANDATORY SAFETY STANDARDS - UNDERGROUND COAL MINES; Subpart D - Ventilation; eCFR as of 2026-10-01
cfr30-75.371	75.371 Mine ventilation plan; contents.	https://www.ecfr.gov/on/2026-10-01/title-30/section-75.371	us-gov-public-domain	30 CFR 75.371; PART 75 - MANDATORY SAFETY STANDARDS - UNDERGROUND COAL MINES; Subpart D - Ventilation; eCFR as of 2026-10-01
cfr30-75.372	75.372 Mine ventilation map.	https://www.ecfr.gov/on/2026-10-01/title-30/section-75.372	us-gov-public-domain	30 CFR 75.372; PART 75 - MANDATORY SAFETY STANDARDS - UNDERGROUND COAL MINES; Subpart D - Ventilation; eCFR as of 2026-10-01
cfr30-75.373	75.373 Reopening mines.	https://www.ecfr.gov/on/2026-10-01/title-30/section-75.373	us-gov-public-domain	30 CFR 75.373; PART 75 - MANDATORY SAFETY STANDARDS - UNDERGROUND COAL MINES; Subpart D - Ventilation; eCFR as of 2026-10-01
cfr30-75.380	75.380 Escapeways; bituminous and lignite mines.	https://www.ecfr.gov/on/2026-10-01/title-30/section-75.380	us-gov-public-domain	30 CFR 75.380; PART 75 - MANDATORY SAFETY STANDARDS - UNDERGROUND COAL MINES; Subpart D - Ventilation; eCFR as of 2026-10-01
cfr30-75.381	75.381 Escapeways; anthracite mines.	https://www.ecfr.gov/on/2026-10-01/title-30/section-75.381	us-gov-public-domain	30 CFR 75.381; PART 75 - MANDATORY SAFETY STANDARDS - UNDERGROUND COAL MINES; Subpart D - Ventilation; eCFR as of 2026-10-01
cfr30-75.382	75.382 Mechanical escape facilities.	https://www.ecfr.gov/on/2026-10-01/title-30/section-75.382	us-gov-public-domain	30 CFR 75.382; PART 75 - MANDATORY SAFETY STANDARDS - UNDERGROUND COAL MINES; Subpart D - Ventilation; eCFR as of 2026-10-01
cfr30-75.384	75.384 Longwall and shortwall travelways.	https://www.ecfr.gov/on/2026-10-01/title-30/section-75.384	us-gov-public-domain	30 CFR 75.384; PART 75 - MANDATORY SAFETY STANDARDS - UNDERGROUND COAL MINES; Subpart D - Ventilation; eCFR as of 2026-10-01
cfr30-75.385	75.385 Opening new mines.	https://www.ecfr.gov/on/2026-10-01/title-30/section-75.385	us-gov-public-domain	30 CFR 75.385; PART 75 - MANDATORY SAFETY STANDARDS - UNDERGROUND COAL MINES; Subpart D - Ventilation; eCFR as of 2026-10-01
cfr30-75.386	75.386 Final mining of pillars.	https://www.ecfr.gov/on/2026-10-01/title-30/section-75.386	us-gov-public-domain	30 CFR 75.386; PART 75 - MANDATORY SAFETY STANDARDS - UNDERGROUND COAL MINES; Subpart D - Ventilation; eCFR as of 2026-10-01
cfr30-75.388	75.388 Boreholes in advance of mining.	https://www.ecfr.gov/on/2026-10-01/title-30/section-75.388	us-gov-public-domain	30 CFR 75.388; PART 75 - MANDATORY SAFETY STANDARDS - UNDERGROUND COAL MINES; Subpart D - Ventilation; eCFR as of 2026-10-01
cfr30-75.389	75.389 Mining into inaccessible areas.	https://www.ecfr.gov/on/2026-10-01/title-30/section-75.389	us-gov-public-domain	30 CFR 75.389; PART 75 - MANDATORY SAFETY STANDARDS - UNDERGROUND COAL MINES; Subpart D - Ventilation; eCFR as of 2026-10-01
cfr30-75.400	75.400 Accumulation of combustible materials.	https://www.ecfr.gov/on/2026-10-01/title-30/section-75.400	us-gov-public-domain	30 CFR 75.400; PART 75 - MANDATORY SAFETY STANDARDS - UNDERGROUND COAL MINES; Subpart E - Combustible Materials and Rock Dusting; eCFR as of 2026-10-01
cfr30-75.400-1	75.400-1 Definitions.	https://www.ecfr.gov/on/2026-10-01/title-30/section-75.400-1	us-gov-public-domain	30 CFR 75.400-1; PART 75 - MANDATORY SAFETY STANDARDS - UNDERGROUND COAL MINES; Subpart E - Combustible Materials and Rock Dusting; eCFR as of 2026-10-01
cfr30-75.400-2	75.400-2 Cleanup program.	https://www.ecfr.gov/on/2026-10-01/title-30/section-75.400-2	us-gov-public-domain	30 CFR 75.400-2; PART 75 - MANDATORY SAFETY STANDARDS - UNDERGROUND COAL MINES; Subpart E - Combustible Materials and Rock Dusting; eCFR as of 2026-10-01
cfr30-75.401	75.401 Abatement of dust; water or water with a wetting agent.	https://www.ecfr.gov/on/2026-10-01/title-30/section-75.401	us-gov-public-domain	30 CFR 75.401; PART 75 - MANDATORY SAFETY STANDARDS - UNDERGROUND COAL MINES; Subpart E - Combustible Materials and Rock Dusting; eCFR as of 2026-10-01
cfr30-75.401-1	75.401-1 Excessive amounts of dust.	https://www.ecfr.gov/on/2026-10-01/title-30/section-75.401-1	us-gov-public-domain	30 CFR 75.401-1; PART 75 - MANDATORY SAFETY STANDARDS - UNDERGROUND COAL MINES; Subpart E - Combustible Materials and Rock Dusting; eCFR as of 2026-10-01
cfr30-75.402	75.402 Rock dusting.	https://www.ecfr.gov/on/2026-10-01/title-30/section-75.402	us-gov-public-domain	30 CFR 75.402; PART 75 - MANDATORY SAFETY STANDARDS - UNDERGROUND COAL MINES; Subpart E - Combustible Materials and Rock Dusting; eCFR as of 2026-10-01
cfr30-75.402-1	75.402-1 Definition.	https://www.ecfr.gov/on/2026-10-01/title-30/section-75.402-1	us-gov-public-domain	30 CFR 75.402-1; PART 75 - MANDATORY SAFETY STANDARDS - UNDERGROUND COAL MINES; Subpart E - Combustible Materials and Rock Dusting; eCFR as of 2026-10-01
cfr30-75.402-2	75.402-2 Exceptions.	https://www.ecfr.gov/on/2026-10-01/title-30/section-75.402-2	us-gov-public-domain	30 CFR 75.402-2; PART 75 - MANDATORY SAFETY STANDARDS - UNDERGROUND COAL MINES; Subpart E - Combustible Materials and Rock Dusting; eCFR as of 2026-10-01
cfr30-75.403	75.403 Maintenance of incombustible content of rock dust.	https://www.ecfr.gov/on/2026-10-01/title-30/section-75.403	us-gov-public-domain	30 CFR 75.403; PART 75 - MANDATORY SAFETY STANDARDS - UNDERGROUND COAL MINES; Subpart E - Combustible Materials and Rock Dusting; eCFR as of 2026-10-01
cfr30-75.403-1	75.403-1 Incombustible content.	https://www.ecfr.gov/on/2026-10-01/title-30/section-75.403-1	us-gov-public-domain	30 CFR 75.403-1; PART 75 - MANDATORY SAFETY STANDARDS - UNDERGROUND COAL MINES; Subpart E - Combustible Materials and Rock Dusting; eCFR as of 2026-10-01
cfr30-75.404	75.404 Exemption of anthracite mines.	https://www.ecfr.gov/on/2026-10-01/title-30/section-75.404	us-gov-public-domain	30 CFR 75.404; PART 75 - MANDATORY SAFETY STANDARDS - UNDERGROUND COAL MINES; Subpart E - Combustible Materials and Rock Dusting; eCFR as of 2026-10-01
cfr30-75.500	75.500 Permissible electric equipment.	https://www.ecfr.gov/on/2026-10-01/title-30/section-75.500	us-gov-public-domain	30 CFR 75.500; PART 75 - MANDATORY SAFETY STANDARDS - UNDERGROUND COAL MINES; Subpart F - Electrical Equipment - General; eCFR as of 2026-10-01
cfr30-75.500-1	75.500-1 Other low horsepower electric face equipment.	https://www.ecfr.gov/on/2026-10-01/title-30/section-75.500-1	us-gov-public-domain	30 CFR 75.500-1; PART 75 - MANDATORY SAFETY STANDARDS - UNDERGROUND COAL MINES; Subpart F - Electrical Equipment - General; eCFR as of 2026-10-01
cfr30-75.501	75.501 Permissible electric face equipment; coal seams above water table.	https://www.ecfr.gov/on/2026-10-01/title-30/section-75.501	us-gov-public-domain	30 CFR 75.501; PART 75 - MANDATORY SAFETY STANDARDS - UNDERGROUND COAL MINES; Subpart F - Electrical Equipment - General; eCFR as of 2026-10-01
cfr30-75.501-1	75.501-1 Coal seams above the water table.	https://www.ecfr.gov/on/2026-10-01/title-30/section-75.501-1	us-gov-public-domain	30 CFR 75.501-1; PART 75 - MANDATORY SAFETY STANDARDS - UNDERGROUND COAL MINES; Subpart F - Electrical Equipment - General; eCFR as of 2026-10-01
cfr30-75.501-2	75.501-2 Permissible electric face equipment.	https://www.ecfr.gov/on/2026-10-01/title-30/section-75.501-2	us-gov-public-domain	30 CFR 75.501-2; PART 75 - MANDATORY SAFETY STANDARDS - UNDERGROUND COAL MINES; Subpart F - Electrical Equipment - General; eCFR as of 2026-10-01
cfr30-75.501-3	75.501-3 New openings; mines above water table and never classed gassy.	https://www.ecfr.gov/on/2026-10-01/title-30/section-75.501-3	us-gov-public-domain	30 CFR 75.501-3; PART 75 - MANDATORY SAFETY STANDARDS - UNDERGROUND COAL MINES; Subpart F - Electrical Equipment - General; eCFR as of 2026-10-01
cfr30-75.502	75.502 Permits for noncompliance.	https://www.ecfr.gov/on/2026-10-01/title-30/section-75.502	us-gov-public-domain	30 CFR 75.502; PART 75 - MANDATORY SAFETY STANDARDS - UNDERGROUND COAL MINES; Subpart F - Electrical Equipment - General; eCFR as of 2026-10-01
cfr30-75.503	75.503 Permissible electric face equipment; maintenance.	https://www.ecfr.gov/on/2026-10-01/title-30/section-75.503	us-gov-public-domain	30 CFR 75.503; PART 75 - MANDATORY SAFETY STANDARDS - UNDERGROUND COAL MINES; Subpart F - Electrical Equipment - General; eCFR as of 2026-10-01
cfr30-75.503-1	75.503-1 Statement listing all electric face equipment.	https://www.ecfr.gov/on/2026-10-01/title-30/section-75.503-1	us-gov-public-domain	30 CFR 75.503-1; PART 75 - MANDATORY SAFETY STANDARDS - UNDERGROUND COAL MINES; Subpart F - Electrical Equipment - General; eCFR as of 2026-10-01
cfr30-75.504	75.504 Permissibility of new, replacement, used, reconditioned, additional, and rebuilt electric face equipment.	https://www.ecfr.gov/on/2026-10-01/title-30/section-75.504	us-gov-public-domain	30 CFR 75.504; PART 75 - MANDATORY SAFETY STANDARDS - UNDERGROUND COAL MINES; Subpart F - Electrical Equipment - General; eCFR as of 2026-10-01
cfr30-75.505	75.505 Mines classed gassy; use and maintenance of permissible electric face equipment.	https://www.ecfr.gov/on/2026-10-01/title-30/section-75.505	us-gov-public-domain	30 CFR 75.505; PART 75 - MANDATORY SAFETY STANDARDS - UNDERGROUND COAL MINES; Subpart F - Electrical Equipment - General; eCFR as of 2026-10-01
cfr30-75.506	75.506 Electric face equipment; requirements for permissibility.	https://www.ecfr.gov/on/2026-10-01/title-30/section-75.506	us-gov-public-domain	30 CFR 75.506; PART 75 - MANDATORY SAFETY STANDARDS - UNDERGROUND COAL MINES; Subpart F - Electrical Equipment - General; eCFR as of 2026-10-01
cfr30-75.506-1	75.506-1 Electric face equipment; permissible condition; maintenance requirements.	https://www.ecfr.gov/on/2026-10-01/title-30/section-75.506-1	us-gov-public-domain	30 CFR 75.506-1; PART 75 - MANDATORY SAFETY STANDARDS - UNDERGROUND COAL MINES; Subpart F - Electrical Equipment - General; eCFR as of 2026-10-01
cfr30-75.507	75.507 Power connection points.	https://www.ecfr.gov/on/2026-10-01/title-30/section-75.507	us-gov-public-domain	30 CFR 75.507; PART 75 - MANDATORY SAFETY STANDARDS - UNDERGROUND COAL MINES; Subpart F - Electrical Equipment - General; eCFR as of 2026-10-01
cfr30-75.507-1	75.507-1 Electric equipment other than power-connection points; outby the last open crosscut; return air; permissibility requirements.	https://www.ecfr.gov/on/2026-10-01/title-30/section-75.507-1	us-gov-public-domain	30 CFR 75.507-1; PART 75 - MANDATORY SAFETY STANDARDS - UNDERGROUND COAL MINES; Subpart F - Electrical Equipment - General; eCFR as of 2026-10-01
cfr30-75.508	75.508 Map of electrical system.	https://www.ecfr.gov/on/2026-10-01/title-30/section-75.508	us-gov-public-domain	30 CFR 75.508; PART 75 - MANDATORY SAFETY STANDARDS - UNDERGROUND COAL MINES; Subpart F - Electrical Equipment - General; eCFR as of 2026-10-01
cfr30-75.508-1	75.508-1 Mine tracks.	https://www.ecfr.gov/on/2026-10-01/title-30/section-75.508-1	us-gov-public-domain	30 CFR 75.508-1; PART 75 - MANDATORY SAFETY STANDARDS - UNDERGROUND COAL MINES; Subpart F - Electrical Equipment - General; eCFR as of 2026-10-01
cfr30-75.508-2	75.508-2 Changes in electric system map; recording.	https://www.ecfr.gov/on/2026-10-01/title-30/section-75.508-2	us-gov-public-domain	30 CFR 75.508-2; PART 75 - MANDATORY SAFETY STANDARDS - UNDERGROUND COAL MINES; Subpart F - Electrical Equipment - General; eCFR as of 2026-10-01
cfr30-75.509	75.509 Electric power circuit and electric equipment; deenergization.	https://www.ecfr.gov/on/2026-10-01/title-30/section-75.509	us-gov-public-domain	30 CFR 75.509; PART 75 - MANDATORY SAFETY STANDARDS - UNDERGROUND COAL MINES; Subpart F - Electrical Equipment - General; eCFR as of 2026-10-01
cfr30-75.510	75.510 Energized trolley wires; repair.	https://www.ecfr.gov/on/2026-10-01/title-30/section-75.510	us-gov-public-domain	30 CFR 75.510; PART 75 - MANDATORY SAFETY STANDARDS - UNDERGROUND COAL MINES; Subpart F - Electrical Equipment - General; eCFR as of 2026-10-01
cfr30-75.510-1	75.510-1 Repair of energized trolley wires; training.	https://www.ecfr.gov/on/2026-10-01/title-30/section-75.510-1	us-gov-public-domain	30 CFR 75.510-1; PART 75 - MANDATORY SAFETY STANDARDS - UNDERGROUND COAL MINES; Subpart F - Electrical Equipment - General; eCFR as of 2026-10-01
cfr30-75.511	75.511 Low-, medium-, or high-voltage distribution circuits and equipment; repair.	https://www.ecfr.gov/on/2026-10-01/title-30/section-75.511	us-gov-public-domain	30 CFR 75.511; PART 75 - MANDATORY SAFETY STANDARDS - UNDERGROUND COAL MINES; Subpart F - Electrical Equipment - General; eCFR as of 2026-10-01
cfr30-75.511-1	75.511-1 Qualified person.	https://www.ecfr.gov/on/2026-10-01/title-30/section-75.511-1	us-gov-public-domain	30 CFR 75.511-1; PART 75 - MANDATORY SAFETY STANDARDS - UNDERGROUND COAL MINES; Subpart F - Electrical Equipment - General; eCFR as of 2026-10-01
cfr30-75.512	75.512 Electric equipment; examination, testing and maintenance.	https://www.ecfr.gov/on/2026-10-01/title-30/section-75.512	us-gov-public-domain	30 CFR 75.512; PART 75 - MANDATORY SAFETY STANDARDS - UNDERGROUND COAL MINES; Subpart F - Electrical Equipment - General; eCFR as of 2026-10-01
cfr30-75.512-1	75.512-1 Qualified person.	https://www.ecfr.gov/on/2026-10-01/title-30/section-75.512-1	us-gov-public-domain	30 CFR 75.512-1; PART 75 - MANDATORY SAFETY STANDARDS - UNDERGROUND COAL MINES; Subpart F - Electrical Equipment - General; eCFR as of 2026-10-01
cfr30-75.512-2	75.512-2 Frequency of examinations.	https://www.ecfr.gov/on/2026-10-01/title-30/section-75.512-2	us-gov-public-domain	30 CFR 75.512-2; PART 75 - MANDATORY SAFETY STANDARDS - UNDERGROUND COAL MINES; Subpart F - Electrical Equipment - General; eCFR as of 2026-10-01
cfr30-75.513	75.513 Electric conductor; capacity and insulation.	https://www.ecfr.gov/on/2026-10-01/title-30/section-75.513	us-gov-public-domain	30 CFR 75.513; PART 75 - MANDATORY SAFETY STANDARDS - UNDERGROUND COAL MINES; Subpart F - Electrical Equipment - General; eCFR as of 2026-10-01
cfr30-75.513-1	75.513-1 Electric conductor; size.	https://www.ecfr.gov/on/2026-10-01/title-30/section-75.513-1	us-gov-public-domain	30 CFR 75.513-1; PART 75 - MANDATORY SAFETY STANDARDS - UNDERGROUND COAL MINES; Subpart F - Electrical Equipment - General; eCFR as of 2026-10-01
cfr30-75.514	75.514 Electrical connections or splices; suitability.	https://www.ecfr.gov/on/2026-10-01/title-30/section-75.514	us-gov-public-domain	30 CFR 75.514; PART 75 - MANDATORY SAFETY STANDARDS - UNDERGROUND COAL MINES; Subpart F - Electrical Equipment - General; eCFR as of 2026-10-01
cfr30-75.515	75.515 Cable fittings; suitability.	https://www.ecfr.gov/on/2026-10-01/title-30/section-75.515	us-gov-public-domain	30 CFR 75.515; PART 75 - MANDATORY SAFETY STANDARDS - UNDERGROUND COAL MINES; Subpart F - Electrical Equipment - General; eCFR as of 2026-10-01
cfr30-75.516	75.516 Power wires; support.	https://www.ecfr.gov/on/2026-10-01/title-30/section-75.516	us-gov-public-domain	30 CFR 75.516; PART 75 - MANDATORY SAFETY STANDARDS - UNDERGROUND COAL MINES; Subpart F - Electrical Equipment - General; eCFR as of 2026-10-01
cfr30-75.516-1	75.516-1 Installed insulators.	https://www.ecfr.gov/on/2026-10-01/title-30/section-75.516-1	us-gov-public-domain	30 CFR 75.516-1; PART 75 - MANDATORY SAFETY STANDARDS - UNDERGROUND COAL MINES; Subpart F - Electrical Equipment - General; eCFR as of 2026-10-01
cfr30-75.516-2	75.516-2 Communication wires and cables; installation; insulation; support.	https://www.ecfr.gov/on/2026-10-01/title-30/section-75.516-2	us-gov-public-domain	30 CFR 75.516-2; PART 75 - MANDATORY SAFETY STANDARDS - UNDERGROUND COAL MINES; Subpart F - Electrical Equipment - General; eCFR as of 2026-10-01
cfr30-75.517	75.517 Power wires and cables; insulation and protection.	https://www.ecfr.gov/on/2026-10-01/title-30/section-75.517	us-gov-public-domain	30 CFR 75.517; PART 75 - MANDATORY SAFETY STANDARDS - UNDERGROUND COAL MINES; Subpart F - Electrical Equipment - General; eCFR as of 2026-10-01
cfr30-75.517-1	75.517-1 Power wires and cables; insulation and protection.	https://www.ecfr.gov/on/2026-10-01/title-30/section-75.517-1	us-gov-public-domain	30 CFR 75.517-1; PART 75 - MANDATORY SAFETY STANDARDS - UNDERGROUND COAL MINES; Subpart F - Electrical Equipment - General; eCFR as of 2026-10-01
cfr30-75.517-2	75.517-2 Plans for insulation of existing bare power wires and cables.	https://www.ecfr.gov/on/2026-10-01/title-30/section-75.517-2	us-gov-public-domain	30 CFR 75.517-2; PART 75 - MANDATORY SAFETY STANDARDS - UNDERGROUND COAL MINES; Subpart F - Electrical Equipment - General; eCFR as of 2026-10-01
cfr30-75.518	75.518 Electric equipment and circuits; overload and short circuit protection.	https://www.ecfr.gov/on/2026-10-01/title-30/section-75.518	us-gov-public-domain	30 CFR 75.518; PART 75 - MANDATORY SAFETY STANDARDS - UNDERGROUND COAL MINES; Subpart F - Electrical Equipment - General; eCFR as of 2026-10-01
cfr30-75.518-1	75.518-1 Electric equipment and circuits; overload and short circuit protection; minimum requirements.	https://www.ecfr.gov/on/2026-10-01/title-30/section-75.518-1	us-gov-public-domain	30 CFR 75.518-1; PART 75 - MANDATORY SAFETY STANDARDS - UNDERGROUND COAL MINES; Subpart F - Electrical Equipment - General; eCFR as of 2026-10-01
cfr30-75.518-2	75.518-2 Incandescent lamps, overload and short circuit protection.	https://www.ecfr.gov/on/2026-10-01/title-30/section-75.518-2	us-gov-public-domain	30 CFR 75.518-2; PART 75 - MANDATORY SAFETY STANDARDS - UNDERGROUND COAL MINES; Subpart F - Electrical Equipment - General; eCFR as of 2026-10-01
cfr30-75.519	75.519 Main power circuits; disconnecting switches.	https://www.ecfr.gov/on/2026-10-01/title-30/section-75.519	us-gov-public-domain	30 CFR 75.519; PART 75 - MANDATORY SAFETY STANDARDS - UNDERGROUND COAL MINES; Subpart F - Electrical Equipment - General; eCFR as of 2026-10-01
cfr30-75.519-1	75.519-1 Main power circuits; disconnecting switches; locations.	https://www.ecfr.gov/on/2026-10-01/title-30/section-75.519-1	us-gov-public-domain	30 CFR 75.519-1; PART 75 - MANDATORY SAFETY STANDARDS - UNDERGROUND COAL MINES; Subpart F - Electrical Equipment - General; eCFR as of 2026-10-01
cfr30-75.520	75.520 Electric equipment; switches.	https://www.ecfr.gov/on/2026-10-01/title-30/section-75.520	us-gov-public-domain	30 CFR 75.520; PART 75 - MANDATORY SAFETY STANDARDS - UNDERGROUND COAL MINES; Subpart F - Electrical Equipment - General; eCFR as of 2026-10-01
cfr30-75.521	75.521 Lightning arresters; ungrounded and exposed power conductors and telephone wires.	https://www.ecfr.gov/on/2026-10-01/title-30/section-75.521	us-gov-public-domain	30 CFR 75.521; PART 75 - MANDATORY SAFETY STANDARDS - UNDERGROUND COAL MINES; Subpart F - Electrical Equipment - General; eCFR as of 2026-10-01
cfr30-75.522	75.522 Lighting devices.	https://www.ecfr.gov/on/2026-10-01/title-30/section-75.522	us-gov-public-domain	30 CFR 75.522; PART 75 - MANDATORY SAFETY STANDARDS - UNDERGROUND COAL MINES; Subpart F - Electrical Equipment - General; eCFR as of 2026-10-01
cfr30-75.522-1	75.522-1 Incandescent and fluorescent lamps.	https://www.ecfr.gov/on/2026-10-01/title-30/section-75.522-1	us-gov-public-domain	30 CFR 75.522-1; PART 75 - MANDATORY SAFETY STANDARDS - UNDERGROUND COAL MINES; Subpart F - Electrical Equipment - General; eCFR as of 2026-10-01
cfr30-75.523	75.523 Electric face equipment; deenergization.	https://www.ecfr.gov/on/2026-10-01/title-30/section-75.523	us-gov-public-domain	30 CFR 75.523; PART 75 - MANDATORY SAFETY STANDARDS - UNDERGROUND COAL MINES; Subpart F - Electrical Equipment - General; eCFR as of 2026-10-01
cfr30-75.523-1	75.523-1 Deenergization of self-propelled electric face equipment installation requirements.	https://www.ecfr.gov/on/2026-10-01/title-30/section-75.523-1	us-gov-public-domain	30 CFR 75.523-1; PART 75 - MANDATORY SAFETY STANDARDS - UNDERGROUND COAL MINES; Subpart F - Electrical Equipment - General; eCFR as of 2026-10-01
cfr30-75.523-2	75.523-2 Deenergization of self-propelled electric face equipment; performance requirements.	https://www.ecfr.gov/on/2026-10-01/title-30/section-75.523-2	us-gov-public-domain	30 CFR 75.523-2; PART 75 - MANDATORY SAFETY STANDARDS - UNDERGROUND COAL MINES; Subpart F - Electrical Equipment - General; eCFR as of 2026-10-01
cfr30-75.523-3	75.523-3 Automatic emergency-parking brakes.	https://www.ecfr.gov/on/2026-10-01/title-30/section-75.523-3	us-gov-public-domain	30 CFR 75.523-3; PART 75 - MANDATORY SAFETY STANDARDS - UNDERGROUND COAL MINES; Subpart F - Electrical Equipment - General; eCFR as of 2026-10-01
cfr30-75.524	75.524 Electric face equipment; electric equipment used in return air outby the last open crosscut; maximum level of alternating or direct electric current between frames of equipment.	https://www.ecfr.gov/on/2026-10-01/title-30/section-75.524	us-gov-public-domain	30 CFR 75.524; PART 75 - MANDATORY SAFETY STANDARDS - UNDERGROUND COAL MINES; Subpart F - Electrical Equipment - General; eCFR as of 2026-10-01
cfr30-75.600	75.600 Trailing cables; flame resistance.	https://www.ecfr.gov/on/2026-10-01/title-30/section-75.600	us-gov-public-domain	30 CFR 75.600; PART 75 - MANDATORY SAFETY STANDARDS - UNDERGROUND COAL MINES; Subpart G - Trailing Cables; eCFR as of 2026-10-01
cfr30-75.600-1	75.600-1 Approved cables; flame resistance.	https://www.ecfr.gov/on/2026-10-01/title-30/section-75.600-1	us-gov-public-domain	30 CFR 75.600-1; PART 75 - MANDATORY SAFETY STANDARDS - UNDERGROUND COAL MINES; Subpart G - Trailing Cables; eCFR as of 2026-10-01
cfr30-75.601	75.601 Short circuit protection of trailing cables.	https://www.ecfr.gov/on/2026-10-01/title-30/section-75.601	us-gov-public-domain	30 CFR 75.601; PART 75 - MANDATORY SAFETY STANDARDS - UNDERGROUND COAL MINES; Subpart G - Trailing Cables; eCFR as of 2026-10-01
cfr30-75.601-1	75.601-1 Short circuit protection; ratings and settings of circuit breakers.	https://www.ecfr.gov/on/2026-10-01/title-30/section-75.601-1	us-gov-public-domain	30 CFR 75.601-1; PART 75 - MANDATORY SAFETY STANDARDS - UNDERGROUND COAL MINES; Subpart G - Trailing Cables; eCFR as of 2026-10-01
cfr30-75.601-2	75.601-2 Short circuit protection; use of fuses; approval by the Secretary.	https://www.ecfr.gov/on/2026-10-01/title-30/section-75.601-2	us-gov-public-domain	30 CFR 75.601-2; PART 75 - MANDATORY SAFETY STANDARDS - UNDERGROUND COAL MINES; Subpart G - Trailing Cables; eCFR as of 2026-10-01
cfr30-75.601-3	75.601-3 Short circuit protection; dual element fuses; current ratings; maximum values.	https://www.ecfr.gov/on/2026-10-01/title-30/section-75.601-3	us-gov-public-domain	30 CFR 75.601-3; PART 75 - MANDATORY SAFETY STANDARDS - UNDERGROUND COAL MINES; Subpart G - Trailing Cables; eCFR as of 2026-10-01
cfr30-75.602	75.602 Trailing cable junctions.	https://www.ecfr.gov/on/2026-10-01/title-30/section-75.602	us-gov-public-domain	30 CFR 75.602; PART 75 - MANDATORY SAFETY STANDARDS - UNDERGROUND COAL MINES; Subpart G - Trailing Cables; eCFR as of 2026-10-01
cfr30-75.603	75.603 Temporary splice of trailing cable.	https://www.ecfr.gov/on/2026-10-01/title-30/section-75.603	us-gov-public-domain	30 CFR 75.603; PART 75 - MANDATORY SAFETY STANDARDS - UNDERGROUND COAL MINES; Subpart G - Trailing Cables; eCFR as of 2026-10-01
cfr30-75.604	75.604 Permanent splicing of trailing cables.	https://www.ecfr.gov/on/2026-10-01/title-30/section-75.604	us-gov-public-domain	30 CFR 75.604; PART 75 - MANDATORY SAFETY STANDARDS - UNDERGROUND COAL MINES; Subpart G - Trailing Cables; eCFR as of 2026-10-01
cfr30-75.605	75.605 Clamping of trailing cables to equipment.	https://www.ecfr.gov/on/2026-10-01/title-30/section-75.605	us-gov-public-domain	30 CFR 75.605; PART 75 - MANDATORY SAFETY STANDARDS - UNDERGROUND COAL MINES; Subpart G - Trailing Cables; eCFR as of 2026-10-01
cfr30-75.606	75.606 Protection of trailing cables.	https://www.ecfr.gov/on/2026-10-01/title-30/section-75.606	us-gov-public-domain	30 CFR 75.606; PART 75 - MANDATORY SAFETY STANDARDS - UNDERGROUND COAL MINES; Subpart G - Trailing Cables; eCFR as of 2026-10-01
cfr30-75.607	75.607 Breaking trailing cable and power cable connections.	https://www.ecfr.gov/on/2026-10-01/title-30/section-75.607	us-gov-public-domain	30 CFR 75.607; PART 75 - MANDATORY SAFETY STANDARDS - UNDERGROUND COAL MINES; Subpart G - Trailing Cables; eCFR as of 2026-10-01
cfr30-75.700	75.700 Grounding metallic sheaths, armors, and conduits enclosing power conductors.	https://www.ecfr.gov/on/2026-10-01/title-30/section-75.700	us-gov-public-domain	30 CFR 75.700; PART 75 - MANDATORY SAFETY STANDARDS - UNDERGROUND COAL MINES; Subpart H - Grounding; eCFR as of 2026-10-01
cfr30-75.700-1	75.700-1 Approved methods of grounding.	https://www.ecfr.gov/on/2026-10-01/title-30/section-75.700-1	us-gov-public-domain	30 CFR 75.700-1; PART 75 - MANDATORY SAFETY STANDARDS - UNDERGROUND COAL MINES; Subpart H - Grounding; eCFR as of 2026-10-01
cfr30-75.701	75.701 Grounding metallic frames, casings, and other enclosures of electric equipment.	https://www.ecfr.gov/on/2026-10-01/title-30/section-75.701	us-gov-public-domain	30 CFR 75.701; PART 75 - MANDATORY SAFETY STANDARDS - UNDERGROUND COAL MINES; Subpart H - Grounding; eCFR as of 2026-10-01
cfr30-75.701-1	75.701-1 Approved methods of grounding of equipment receiving power from ungrounded alternating current power systems.	https://www.ecfr.gov/on/2026-10-01/title-30/section-75.701-1	us-gov-public-domain	30 CFR 75.701-1; PART 75 - MANDATORY SAFETY STANDARDS - UNDERGROUND COAL MINES; Subpart H - Grounding; eCFR as of 2026-10-01
cfr30-75.701-2	75.701-2 Approved method of grounding metallic frames, casings and other enclosures receiving power from single-phase 110-220-volt circuit.	https://www.ecfr.gov/on/2026-10-01/title-30/section-75.701-2	us-gov-public-domain	30 CFR 75.701-2; PART 75 - MANDATORY SAFETY STANDARDS - UNDERGROUND COAL MINES; Subpart H - Grounding; eCFR as of 2026-10-01
cfr30-75.701-3	75.701-3 Approved methods of grounding metallic frames, casings and other enclosures of electric equipment receiving power from direct current power systems with one polarity grounded.	https://www.ecfr.gov/on/2026-10-01/title-30/section-75.701-3	us-gov-public-domain	30 CFR 75.701-3; PART 75 - MANDATORY SAFETY STANDARDS - UNDERGROUND COAL MINES; Subpart H - Grounding; eCFR as of 2026-10-01
cfr30-75.701-4	75.701-4 Grounding wires; capacity of wires.	https://www.ecfr.gov/on/2026-10-01/title-30/section-75.701-4	us-gov-public-domain	30 CFR 75.701-4; PART 75 - MANDATORY SAFETY STANDARDS - UNDERGROUND COAL MINES; Subpart H - Grounding; eCFR as of 2026-10-01
cfr30-75.701-5	75.701-5 Use of grounding connectors.	https://www.ecfr.gov/on/2026-10-01/title-30/section-75.701-5	us-gov-public-domain	30 CFR 75.701-5; PART 75 - MANDATORY SAFETY STANDARDS - UNDERGROUND COAL MINES; Subpart H - Grounding; eCFR as of 2026-10-01
cfr30-75.702	75.702 Protection other than grounding.	https://www.ecfr.gov/on/2026-10-01/title-30/section-75.702	us-gov-public-domain	30 CFR 75.702; PART 75 - MANDATORY SAFETY STANDARDS - UNDERGROUND COAL MINES; Subpart H - Grounding; eCFR as of 2026-10-01
cfr30-75.702-1	75.702-1 Protection other than grounding; approved by an authorized representative of the Secretary.	https://www.ecfr.gov/on/2026-10-01/title-30/section-75.702-1	us-gov-public-domain	30 CFR 75.702-1; PART 75 - MANDATORY SAFETY STANDARDS - UNDERGROUND COAL MINES; Subpart H - Grounding; eCFR as of 2026-10-01
cfr30-75.703	75.703 Grounding offtrack direct-current machines and the enclosures of related detached components.	https://www.ecfr.gov/on/2026-10-01/title-30/section-75.703	us-gov-public-domain	30 CFR 75.703; PART 75 - MANDATORY SAFETY STANDARDS - UNDERGROUND COAL MINES; Subpart H - Grounding; eCFR as of 2026-10-01
cfr30-75.703-1	75.703-1 Approved method of grounding.	https://www.ecfr.gov/on/2026-10-01/title-30/section-75.703-1	us-gov-public-domain	30 CFR 75.703-1; PART 75 - MANDATORY SAFETY STANDARDS - UNDERGROUND COAL MINES; Subpart H - Grounding; eCFR as of 2026-10-01
cfr30-75.703-2	75.703-2 Approved grounding mediums.	https://www.ecfr.gov/on/2026-10-01/title-30/section-75.703-2	us-gov-public-domain	30 CFR 75.703-2; PART 75 - MANDATORY SAFETY STANDARDS - UNDERGROUND COAL MINES; Subpart H - Grounding; eCFR as of 2026-10-01
cfr30-75.703-3	75.703-3 Approved methods of grounding offtrack mobile, portable and stationary direct-current machines.	https://www.ecfr.gov/on/2026-10-01/title-30/section-75.703-3	us-gov-public-domain	30 CFR 75.703-3; PART 75 - MANDATORY SAFETY STANDARDS - UNDERGROUND COAL MINES; Subpart H - Grounding; eCFR as of 2026-10-01
cfr30-75.703-4	75.703-4 Other methods of protecting offtrack direct-current equipment; approved by an authorized representative of the Secretary.	https://www.ecfr.gov/on/2026-10-01/title-30/section-75.703-4	us-gov-public-domain	30 CFR 75.703-4; PART 75 - MANDATORY SAFETY STANDARDS - UNDERGROUND COAL MINES; Subpart H - Grounding; eCFR as of 2026-10-01
cfr30-75.704	75.704 Grounding frames of stationary high-voltage equipment receiving power from ungrounded delta systems.	https://www.ecfr.gov/on/2026-10-01/title-30/section-75.704	us-gov-public-domain	30 CFR 75.704; PART 75 - MANDATORY SAFETY STANDARDS - UNDERGROUND COAL MINES; Subpart H - Grounding; eCFR as of 2026-10-01
cfr30-75.704-1	75.704-1 Approved methods of grounding.	https://www.ecfr.gov/on/2026-10-01/title-30/section-75.704-1	us-gov-public-domain	30 CFR 75.704-1; PART 75 - MANDATORY SAFETY STANDARDS - UNDERGROUND COAL MINES; Subpart H - Grounding; eCFR as of 2026-10-01
cfr30-75.705	75.705 Work on high-voltage lines; deenergizing and grounding.	https://www.ecfr.gov/on/2026-10-01/title-30/section-75.705	us-gov-public-domain	30 CFR 75.705; PART 75 - MANDATORY SAFETY STANDARDS - UNDERGROUND COAL MINES; Subpart H - Grounding; eCFR as of 2026-10-01
cfr30-75.705-1	75.705-1 Work on high-voltage lines.	https://www.ecfr.gov/on/2026-10-01/title-30/section-75.705-1	us-gov-public-domain	30 CFR 75.705-1; PART 75 - MANDATORY SAFETY STANDARDS - UNDERGROUND COAL MINES; Subpart H - Grounding; eCFR as of 2026-10-01
cfr30-75.705-2	75.705-2 Repairs to energized surface high-voltage lines.	https://www.ecfr.gov/on/2026-10-01/title-30/section-75.705-2	us-gov-public-domain	30 CFR 75.705-2; PART 75 - MANDATORY SAFETY STANDARDS - UNDERGROUND COAL MINES; Subpart H - Grounding; eCFR as of 2026-10-01
cfr30-75.705-3	75.705-3 Work on energized high-voltage surface lines; reporting.	https://www.ecfr.gov/on/2026-10-01/title-30/section-75.705-3	us-gov-public-domain	30 CFR 75.705-3; PART 75 - MANDATORY SAFETY STANDARDS - UNDERGROUND COAL MINES; Subpart H - Grounding; eCFR as of 2026-10-01
cfr30-75.705-4	75.705-4 Simultaneous repairs.	https://www.ecfr.gov/on/2026-10-01/title-30/section-75.705-4	us-gov-public-domain	30 CFR 75.705-4; PART 75 - MANDATORY SAFETY STANDARDS - UNDERGROUND COAL MINES; Subpart H - Grounding; eCFR as of 2026-10-01
cfr30-75.705-5	75.705-5 Installation of protective equipment.	https://www.ecfr.gov/on/2026-10-01/title-30/section-75.705-5	us-gov-public-domain	30 CFR 75.705-5; PART 75 - MANDATORY SAFETY STANDARDS - UNDERGROUND COAL MINES; Subpart H - Grounding; eCFR as of 2026-10-01
cfr30-75.705-6	75.705-6 Protective clothing; use and inspection.	https://www.ecfr.gov/on/2026-10-01/title-30/section-75.705-6	us-gov-public-domain	30 CFR 75.705-6; PART 75 - MANDATORY SAFETY STANDARDS - UNDERGROUND COAL MINES; Subpart H - Grounding; eCFR as of 2026-10-01
cfr30-75.705-7	75.705-7 Protective equipment; inspection.	https://www.ecfr.gov/on/2026-10-01/title-30/section-75.705-7	us-gov-public-domain	30 CFR 75.705-7; PART 75 - MANDATORY SAFETY STANDARDS - UNDERGROUND COAL MINES; Subpart H - Grounding; eCFR as of 2026-10-01
cfr30-75.705-8	75.705-8 Protective equipment; testing and storage.	https://www.ecfr.gov/on/2026-10-01/title-30/section-75.705-8	us-gov-public-domain	30 CFR 75.705-8; PART 75 - MANDATORY SAFETY STANDARDS - UNDERGROUND COAL MINES; Subpart H - Grounding; eCFR as of 2026-10-01; reviewed: US government work, "Copyright protection under this title is not available for any work of the United States Government" (17 U.S.C. 105); the name ASTM only identifies a standard or body that the rule cites, and no text of that standard is reproduced
cfr30-75.705-9	75.705-9 Operating disconnecting or cutout switches.	https://www.ecfr.gov/on/2026-10-01/title-30/section-75.705-9	us-gov-public-domain	30 CFR 75.705-9; PART 75 - MANDATORY SAFETY STANDARDS - UNDERGROUND COAL MINES; Subpart H - Grounding; eCFR as of 2026-10-01
cfr30-75.705-10	75.705-10 Tying into energized high-voltage surface circuits.	https://www.ecfr.gov/on/2026-10-01/title-30/section-75.705-10	us-gov-public-domain	30 CFR 75.705-10; PART 75 - MANDATORY SAFETY STANDARDS - UNDERGROUND COAL MINES; Subpart H - Grounding; eCFR as of 2026-10-01
cfr30-75.705-11	75.705-11 Use of grounded messenger wires; ungrounded systems.	https://www.ecfr.gov/on/2026-10-01/title-30/section-75.705-11	us-gov-public-domain	30 CFR 75.705-11; PART 75 - MANDATORY SAFETY STANDARDS - UNDERGROUND COAL MINES; Subpart H - Grounding; eCFR as of 2026-10-01
cfr30-75.706	75.706 Deenergized underground power circuits; idle days—idle shifts.	https://www.ecfr.gov/on/2026-10-01/title-30/section-75.706	us-gov-public-domain	30 CFR 75.706; PART 75 - MANDATORY SAFETY STANDARDS - UNDERGROUND COAL MINES; Subpart H - Grounding; eCFR as of 2026-10-01
cfr30-75.800	75.800 High-voltage circuits; circuit breakers.	https://www.ecfr.gov/on/2026-10-01/title-30/section-75.800	us-gov-public-domain	30 CFR 75.800; PART 75 - MANDATORY SAFETY STANDARDS - UNDERGROUND COAL MINES; Subpart I - Underground High-Voltage Distribution; eCFR as of 2026-10-01
cfr30-75.800-1	75.800-1 Circuit breakers; location.	https://www.ecfr.gov/on/2026-10-01/title-30/section-75.800-1	us-gov-public-domain	30 CFR 75.800-1; PART 75 - MANDATORY SAFETY STANDARDS - UNDERGROUND COAL MINES; Subpart I - Underground High-Voltage Distribution; eCFR as of 2026-10-01
cfr30-75.800-2	75.800-2 Approved circuit schemes.	https://www.ecfr.gov/on/2026-10-01/title-30/section-75.800-2	us-gov-public-domain	30 CFR 75.800-2; PART 75 - MANDATORY SAFETY STANDARDS - UNDERGROUND COAL MINES; Subpart I - Underground High-Voltage Distribution; eCFR as of 2026-10-01
cfr30-75.800-3	75.800-3 Testing, examination and maintenance of circuit breakers; procedures.	https://www.ecfr.gov/on/2026-10-01/title-30/section-75.800-3	us-gov-public-domain	30 CFR 75.800-3; PART 75 - MANDATORY SAFETY STANDARDS - UNDERGROUND COAL MINES; Subpart I - Underground High-Voltage Distribution; eCFR as of 2026-10-01
cfr30-75.800-4	75.800-4 Testing, examination, and maintenance of circuit breakers; record.	https://www.ecfr.gov/on/2026-10-01/title-30/section-75.800-4	us-gov-public-domain	30 CFR 75.800-4; PART 75 - MANDATORY SAFETY STANDARDS - UNDERGROUND COAL MINES; Subpart I - Underground High-Voltage Distribution; eCFR as of 2026-10-01
cfr30-75.801	75.801 Grounding resistors.	https://www.ecfr.gov/on/2026-10-01/title-30/section-75.801	us-gov-public-domain	30 CFR 75.801; PART 75 - MANDATORY SAFETY STANDARDS - UNDERGROUND COAL MINES; Subpart I - Underground High-Voltage Distribution; eCFR as of 2026-10-01
cfr30-75.802	75.802 Protection of high-voltage circuits extending underground.	https://www.ecfr.gov/on/2026-10-01/title-30/section-75.802	us-gov-public-domain	30 CFR 75.802; PART 75 - MANDATORY SAFETY STANDARDS - UNDERGROUND COAL MINES; Subpart I - Underground High-Voltage Distribution; eCFR as of 2026-10-01
cfr30-75.803	75.803 Fail safe ground check circuits on high-voltage resistance grounded systems.	https://www.ecfr.gov/on/2026-10-01/title-30/section-75.803	us-gov-public-domain	30 CFR 75.803; PART 75 - MANDATORY SAFETY STANDARDS - UNDERGROUND COAL MINES; Subpart I - Underground High-Voltage Distribution; eCFR as of 2026-10-01
cfr30-75.803-1	75.803-1 Maximum voltage ground check circuits.	https://www.ecfr.gov/on/2026-10-01/title-30/section-75.803-1	us-gov-public-domain	30 CFR 75.803-1; PART 75 - MANDATORY SAFETY STANDARDS - UNDERGROUND COAL MINES; Subpart I - Underground High-Voltage Distribution; eCFR as of 2026-10-01
cfr30-75.803-2	75.803-2 Ground check systems not employing pilot check wires; approval by the Secretary.	https://www.ecfr.gov/on/2026-10-01/title-30/section-75.803-2	us-gov-public-domain	30 CFR 75.803-2; PART 75 - MANDATORY SAFETY STANDARDS - UNDERGROUND COAL MINES; Subpart I - Underground High-Voltage Distribution; eCFR as of 2026-10-01
cfr30-75.804	75.804 Underground high-voltage cables.	https://www.ecfr.gov/on/2026-10-01/title-30/section-75.804	us-gov-public-domain	30 CFR 75.804; PART 75 - MANDATORY SAFETY STANDARDS - UNDERGROUND COAL MINES; Subpart I - Underground High-Voltage Distribution; eCFR as of 2026-10-01
cfr30-75.805	75.805 Couplers.	https://www.ecfr.gov/on/2026-10-01/title-30/section-75.805	us-gov-public-domain	30 CFR 75.805; PART 75 - MANDATORY SAFETY STANDARDS - UNDERGROUND COAL MINES; Subpart I - Underground High-Voltage Distribution; eCFR as of 2026-10-01
cfr30-75.806	75.806 Connection of single-phase loads.	https://www.ecfr.gov/on/2026-10-01/title-30/section-75.806	us-gov-public-domain	30 CFR 75.806; PART 75 - MANDATORY SAFETY STANDARDS - UNDERGROUND COAL MINES; Subpart I - Underground High-Voltage Distribution; eCFR as of 2026-10-01
cfr30-75.807	75.807 Installation of high-voltage transmission cables.	https://www.ecfr.gov/on/2026-10-01/title-30/section-75.807	us-gov-public-domain	30 CFR 75.807; PART 75 - MANDATORY SAFETY STANDARDS - UNDERGROUND COAL MINES; Subpart I - Underground High-Voltage Distribution; eCFR as of 2026-10-01
cfr30-75.808	75.808 Disconnecting devices.	https://www.ecfr.gov/on/2026-10-01/title-30/section-75.808	us-gov-public-domain	30 CFR 75.808; PART 75 - MANDATORY SAFETY STANDARDS - UNDERGROUND COAL MINES; Subpart I - Underground High-Voltage Distribution; eCFR as of 2026-10-01
cfr30-75.809	75.809 Identification of circuit breakers and disconnecting switches.	https://www.ecfr.gov/on/2026-10-01/title-30/section-75.809	us-gov-public-domain	30 CFR 75.809; PART 75 - MANDATORY SAFETY STANDARDS - UNDERGROUND COAL MINES; Subpart I - Underground High-Voltage Distribution; eCFR as of 2026-10-01
cfr30-75.810	75.810 High-voltage trailing cables; splices.	https://www.ecfr.gov/on/2026-10-01/title-30/section-75.810	us-gov-public-domain	30 CFR 75.810; PART 75 - MANDATORY SAFETY STANDARDS - UNDERGROUND COAL MINES; Subpart I - Underground High-Voltage Distribution; eCFR as of 2026-10-01
cfr30-75.811	75.811 High-voltage underground equipment; grounding.	https://www.ecfr.gov/on/2026-10-01/title-30/section-75.811	us-gov-public-domain	30 CFR 75.811; PART 75 - MANDATORY SAFETY STANDARDS - UNDERGROUND COAL MINES; Subpart I - Underground High-Voltage Distribution; eCFR as of 2026-10-01
cfr30-75.812	75.812 Movement of high-voltage power centers and portable transformers; permit.	https://www.ecfr.gov/on/2026-10-01/title-30/section-75.812	us-gov-public-domain	30 CFR 75.812; PART 75 - MANDATORY SAFETY STANDARDS - UNDERGROUND COAL MINES; Subpart I - Underground High-Voltage Distribution; eCFR as of 2026-10-01
cfr30-75.812-1	75.812-1 Qualified person.	https://www.ecfr.gov/on/2026-10-01/title-30/section-75.812-1	us-gov-public-domain	30 CFR 75.812-1; PART 75 - MANDATORY SAFETY STANDARDS - UNDERGROUND COAL MINES; Subpart I - Underground High-Voltage Distribution; eCFR as of 2026-10-01
cfr30-75.812-2	75.812-2 High-voltage power centers and transformers; record of examination.	https://www.ecfr.gov/on/2026-10-01/title-30/section-75.812-2	us-gov-public-domain	30 CFR 75.812-2; PART 75 - MANDATORY SAFETY STANDARDS - UNDERGROUND COAL MINES; Subpart I - Underground High-Voltage Distribution; eCFR as of 2026-10-01
cfr30-75.813	75.813 High-voltage longwalls; scope.	https://www.ecfr.gov/on/2026-10-01/title-30/section-75.813	us-gov-public-domain	30 CFR 75.813; PART 75 - MANDATORY SAFETY STANDARDS - UNDERGROUND COAL MINES; Subpart I - Underground High-Voltage Distribution; eCFR as of 2026-10-01
cfr30-75.814	75.814 Electrical protection.	https://www.ecfr.gov/on/2026-10-01/title-30/section-75.814	us-gov-public-domain	30 CFR 75.814; PART 75 - MANDATORY SAFETY STANDARDS - UNDERGROUND COAL MINES; Subpart I - Underground High-Voltage Distribution; eCFR as of 2026-10-01
cfr30-75.815	75.815 Disconnect devices.	https://www.ecfr.gov/on/2026-10-01/title-30/section-75.815	us-gov-public-domain	30 CFR 75.815; PART 75 - MANDATORY SAFETY STANDARDS - UNDERGROUND COAL MINES; Subpart I - Underground High-Voltage Distribution; eCFR as of 2026-10-01
cfr30-75.816	75.816 Guarding of cables.	https://www.ecfr.gov/on/2026-10-01/title-30/section-75.816	us-gov-public-domain	30 CFR 75.816; PART 75 - MANDATORY SAFETY STANDARDS - UNDERGROUND COAL MINES; Subpart I - Underground High-Voltage Distribution; eCFR as of 2026-10-01
cfr30-75.817	75.817 Cable handling and support systems.	https://www.ecfr.gov/on/2026-10-01/title-30/section-75.817	us-gov-public-domain	30 CFR 75.817; PART 75 - MANDATORY SAFETY STANDARDS - UNDERGROUND COAL MINES; Subpart I - Underground High-Voltage Distribution; eCFR as of 2026-10-01
cfr30-75.818	75.818 Use of insulated cable handling equipment.	https://www.ecfr.gov/on/2026-10-01/title-30/section-75.818	us-gov-public-domain	30 CFR 75.818; PART 75 - MANDATORY SAFETY STANDARDS - UNDERGROUND COAL MINES; Subpart I - Underground High-Voltage Distribution; eCFR as of 2026-10-01; reviewed: US government work, "Copyright protection under this title is not available for any work of the United States Government" (17 U.S.C. 105); the name ASTM only identifies a standard or body that the rule cites, and no text of that standard is reproduced
cfr30-75.819	75.819 Motor-starter enclosures; barriers and interlocks.	https://www.ecfr.gov/on/2026-10-01/title-30/section-75.819	us-gov-public-domain	30 CFR 75.819; PART 75 - MANDATORY SAFETY STANDARDS - UNDERGROUND COAL MINES; Subpart I - Underground High-Voltage Distribution; eCFR as of 2026-10-01
cfr30-75.820	75.820 Electrical work; troubleshooting and testing.	https://www.ecfr.gov/on/2026-10-01/title-30/section-75.820	us-gov-public-domain	30 CFR 75.820; PART 75 - MANDATORY SAFETY STANDARDS - UNDERGROUND COAL MINES; Subpart I - Underground High-Voltage Distribution; eCFR as of 2026-10-01
cfr30-75.821	75.821 Testing, examination and maintenance.	https://www.ecfr.gov/on/2026-10-01/title-30/section-75.821	us-gov-public-domain	30 CFR 75.821; PART 75 - MANDATORY SAFETY STANDARDS - UNDERGROUND COAL MINES; Subpart I - Underground High-Voltage Distribution; eCFR as of 2026-10-01
cfr30-75.822	75.822 Underground high-voltage longwall cables.	https://www.ecfr.gov/on/2026-10-01/title-30/section-75.822	us-gov-public-domain	30 CFR 75.822; PART 75 - MANDATORY SAFETY STANDARDS - UNDERGROUND COAL MINES; Subpart I - Underground High-Voltage Distribution; eCFR as of 2026-10-01
cfr30-75.823	75.823 Scope.	https://www.ecfr.gov/on/2026-10-01/title-30/section-75.823	us-gov-public-domain	30 CFR 75.823; PART 75 - MANDATORY SAFETY STANDARDS - UNDERGROUND COAL MINES; Subpart I - Underground High-Voltage Distribution; eCFR as of 2026-10-01
cfr30-75.824	75.824 Electrical protection.	https://www.ecfr.gov/on/2026-10-01/title-30/section-75.824	us-gov-public-domain	30 CFR 75.824; PART 75 - MANDATORY SAFETY STANDARDS - UNDERGROUND COAL MINES; Subpart I - Underground High-Voltage Distribution; eCFR as of 2026-10-01
cfr30-75.825	75.825 Power centers.	https://www.ecfr.gov/on/2026-10-01/title-30/section-75.825	us-gov-public-domain	30 CFR 75.825; PART 75 - MANDATORY SAFETY STANDARDS - UNDERGROUND COAL MINES; Subpart I - Underground High-Voltage Distribution; eCFR as of 2026-10-01
cfr30-75.826	75.826 High-voltage trailing cables.	https://www.ecfr.gov/on/2026-10-01/title-30/section-75.826	us-gov-public-domain	30 CFR 75.826; PART 75 - MANDATORY SAFETY STANDARDS - UNDERGROUND COAL MINES; Subpart I - Underground High-Voltage Distribution; eCFR as of 2026-10-01
cfr30-75.827	75.827 Guarding of trailing cables.	https://www.ecfr.gov/on/2026-10-01/title-30/section-75.827	us-gov-public-domain	30 CFR 75.827; PART 75 - MANDATORY SAFETY STANDARDS - UNDERGROUND COAL MINES; Subpart I - Underground High-Voltage Distribution; eCFR as of 2026-10-01
cfr30-75.828	75.828 Trailing cable pulling.	https://www.ecfr.gov/on/2026-10-01/title-30/section-75.828	us-gov-public-domain	30 CFR 75.828; PART 75 - MANDATORY SAFETY STANDARDS - UNDERGROUND COAL MINES; Subpart I - Underground High-Voltage Distribution; eCFR as of 2026-10-01
cfr30-75.829	75.829 Tramming continuous mining machines in and out of the mine and from section to section.	https://www.ecfr.gov/on/2026-10-01/title-30/section-75.829	us-gov-public-domain	30 CFR 75.829; PART 75 - MANDATORY SAFETY STANDARDS - UNDERGROUND COAL MINES; Subpart I - Underground High-Voltage Distribution; eCFR as of 2026-10-01
cfr30-75.830	75.830 Splicing and repair of trailing cables.	https://www.ecfr.gov/on/2026-10-01/title-30/section-75.830	us-gov-public-domain	30 CFR 75.830; PART 75 - MANDATORY SAFETY STANDARDS - UNDERGROUND COAL MINES; Subpart I - Underground High-Voltage Distribution; eCFR as of 2026-10-01
cfr30-75.831	75.831 Electrical work; troubleshooting and testing.	https://www.ecfr.gov/on/2026-10-01/title-30/section-75.831	us-gov-public-domain	30 CFR 75.831; PART 75 - MANDATORY SAFETY STANDARDS - UNDERGROUND COAL MINES; Subpart I - Underground High-Voltage Distribution; eCFR as of 2026-10-01
cfr30-75.832	75.832 Frequency of examinations; recordkeeping.	https://www.ecfr.gov/on/2026-10-01/title-30/section-75.832	us-gov-public-domain	30 CFR 75.832; PART 75 - MANDATORY SAFETY STANDARDS - UNDERGROUND COAL MINES; Subpart I - Underground High-Voltage Distribution; eCFR as of 2026-10-01
cfr30-75.833	75.833 Handling high-voltage trailing cables.	https://www.ecfr.gov/on/2026-10-01/title-30/section-75.833	us-gov-public-domain	30 CFR 75.833; PART 75 - MANDATORY SAFETY STANDARDS - UNDERGROUND COAL MINES; Subpart I - Underground High-Voltage Distribution; eCFR as of 2026-10-01; reviewed: US government work, "Copyright protection under this title is not available for any work of the United States Government" (17 U.S.C. 105); the name ASTM only identifies a standard or body that the rule cites, and no text of that standard is reproduced
cfr30-75.834	75.834 Training.	https://www.ecfr.gov/on/2026-10-01/title-30/section-75.834	us-gov-public-domain	30 CFR 75.834; PART 75 - MANDATORY SAFETY STANDARDS - UNDERGROUND COAL MINES; Subpart I - Underground High-Voltage Distribution; eCFR as of 2026-10-01
cfr30-75.900	75.900 Low- and medium-voltage circuits serving three-phase alternating current equipment; circuit breakers.	https://www.ecfr.gov/on/2026-10-01/title-30/section-75.900	us-gov-public-domain	30 CFR 75.900; PART 75 - MANDATORY SAFETY STANDARDS - UNDERGROUND COAL MINES; Subpart J - Underground Low- and Medium-Voltage Alternating Current Circuits; eCFR as of 2026-10-01
cfr30-75.900-1	75.900-1 Circuit breakers; location.	https://www.ecfr.gov/on/2026-10-01/title-30/section-75.900-1	us-gov-public-domain	30 CFR 75.900-1; PART 75 - MANDATORY SAFETY STANDARDS - UNDERGROUND COAL MINES; Subpart J - Underground Low- and Medium-Voltage Alternating Current Circuits; eCFR as of 2026-10-01
cfr30-75.900-2	75.900-2 Approved circuit schemes.	https://www.ecfr.gov/on/2026-10-01/title-30/section-75.900-2	us-gov-public-domain	30 CFR 75.900-2; PART 75 - MANDATORY SAFETY STANDARDS - UNDERGROUND COAL MINES; Subpart J - Underground Low- and Medium-Voltage Alternating Current Circuits; eCFR as of 2026-10-01
cfr30-75.900-3	75.900-3 Testing, examination, and maintenance of circuit breakers; procedures.	https://www.ecfr.gov/on/2026-10-01/title-30/section-75.900-3	us-gov-public-domain	30 CFR 75.900-3; PART 75 - MANDATORY SAFETY STANDARDS - UNDERGROUND COAL MINES; Subpart J - Underground Low- and Medium-Voltage Alternating Current Circuits; eCFR as of 2026-10-01
cfr30-75.900-4	75.900-4 Testing, examination, and maintenance of circuit breakers; record.	https://www.ecfr.gov/on/2026-10-01/title-30/section-75.900-4	us-gov-public-domain	30 CFR 75.900-4; PART 75 - MANDATORY SAFETY STANDARDS - UNDERGROUND COAL MINES; Subpart J - Underground Low- and Medium-Voltage Alternating Current Circuits; eCFR as of 2026-10-01
cfr30-75.901	75.901 Protection of low- and medium-voltage three-phase circuits used underground.	https://www.ecfr.gov/on/2026-10-01/title-30/section-75.901	us-gov-public-domain	30 CFR 75.901; PART 75 - MANDATORY SAFETY STANDARDS - UNDERGROUND COAL MINES; Subpart J - Underground Low- and Medium-Voltage Alternating Current Circuits; eCFR as of 2026-10-01
cfr30-75.902	75.902 Low- and medium-voltage ground check monitor circuits.	https://www.ecfr.gov/on/2026-10-01/title-30/section-75.902	us-gov-public-domain	30 CFR 75.902; PART 75 - MANDATORY SAFETY STANDARDS - UNDERGROUND COAL MINES; Subpart J - Underground Low- and Medium-Voltage Alternating Current Circuits; eCFR as of 2026-10-01
cfr30-75.902-1	75.902-1 Maximum voltage ground check circuits.	https://www.ecfr.gov/on/2026-10-01/title-30/section-75.902-1	us-gov-public-domain	30 CFR 75.902-1; PART 75 - MANDATORY SAFETY STANDARDS - UNDERGROUND COAL MINES; Subpart J - Underground Low- and Medium-Voltage Alternating Current Circuits; eCFR as of 2026-10-01
cfr30-75.902-2	75.902-2 Approved ground check systems not employing pilot check wires.	https://www.ecfr.gov/on/2026-10-01/title-30/section-75.902-2	us-gov-public-domain	30 CFR 75.902-2; PART 75 - MANDATORY SAFETY STANDARDS - UNDERGROUND COAL MINES; Subpart J - Underground Low- and Medium-Voltage Alternating Current Circuits; eCFR as of 2026-10-01
cfr30-75.902-4	75.902-4 Attachment of ground conductors and ground check wires to equipment frames; use of separate connections.	https://www.ecfr.gov/on/2026-10-01/title-30/section-75.902-4	us-gov-public-domain	30 CFR 75.902-4; PART 75 - MANDATORY SAFETY STANDARDS - UNDERGROUND COAL MINES; Subpart J - Underground Low- and Medium-Voltage Alternating Current Circuits; eCFR as of 2026-10-01
cfr30-75.903	75.903 Disconnecting devices.	https://www.ecfr.gov/on/2026-10-01/title-30/section-75.903	us-gov-public-domain	30 CFR 75.903; PART 75 - MANDATORY SAFETY STANDARDS - UNDERGROUND COAL MINES; Subpart J - Underground Low- and Medium-Voltage Alternating Current Circuits; eCFR as of 2026-10-01
cfr30-75.904	75.904 Identification of circuit breakers.	https://www.ecfr.gov/on/2026-10-01/title-30/section-75.904	us-gov-public-domain	30 CFR 75.904; PART 75 - MANDATORY SAFETY STANDARDS - UNDERGROUND COAL MINES; Subpart J - Underground Low- and Medium-Voltage Alternating Current Circuits; eCFR as of 2026-10-01
cfr30-75.905	75.905 Connection of single-phase loads.	https://www.ecfr.gov/on/2026-10-01/title-30/section-75.905	us-gov-public-domain	30 CFR 75.905; PART 75 - MANDATORY SAFETY STANDARDS - UNDERGROUND COAL MINES; Subpart J - Underground Low- and Medium-Voltage Alternating Current Circuits; eCFR as of 2026-10-01
cfr30-75.906	75.906 Trailing cables for mobile equipment, ground wires, and ground check wires.	https://www.ecfr.gov/on/2026-10-01/title-30/section-75.906	us-gov-public-domain	30 CFR 75.906; PART 75 - MANDATORY SAFETY STANDARDS - UNDERGROUND COAL MINES; Subpart J - Underground Low- and Medium-Voltage Alternating Current Circuits; eCFR as of 2026-10-01
cfr30-75.907	75.907 Design of trailing cables for medium-voltage circuits.	https://www.ecfr.gov/on/2026-10-01/title-30/section-75.907	us-gov-public-domain	30 CFR 75.907; PART 75 - MANDATORY SAFETY STANDARDS - UNDERGROUND COAL MINES; Subpart J - Underground Low- and Medium-Voltage Alternating Current Circuits; eCFR as of 2026-10-01
cfr30-75.1000	75.1000 Cutout switches.	https://www.ecfr.gov/on/2026-10-01/title-30/section-75.1000	us-gov-public-domain	30 CFR 75.1000; PART 75 - MANDATORY SAFETY STANDARDS - UNDERGROUND COAL MINES; Subpart K - Trolley Wires and Trolley Feeder Wires; eCFR as of 2026-10-01
cfr30-75.1001	75.1001 Overcurrent protection.	https://www.ecfr.gov/on/2026-10-01/title-30/section-75.1001	us-gov-public-domain	30 CFR 75.1001; PART 75 - MANDATORY SAFETY STANDARDS - UNDERGROUND COAL MINES; Subpart K - Trolley Wires and Trolley Feeder Wires; eCFR as of 2026-10-01
cfr30-75.1001-1	75.1001-1 Devices for overcurrent protection; testing and calibration requirements; records.	https://www.ecfr.gov/on/2026-10-01/title-30/section-75.1001-1	us-gov-public-domain	30 CFR 75.1001-1; PART 75 - MANDATORY SAFETY STANDARDS - UNDERGROUND COAL MINES; Subpart K - Trolley Wires and Trolley Feeder Wires; eCFR as of 2026-10-01
cfr30-75.1002	75.1002 Installation of electric equipment and conductors; permissibility.	https://www.ecfr.gov/on/2026-10-01/title-30/section-75.1002	us-gov-public-domain	30 CFR 75.1002; PART 75 - MANDATORY SAFETY STANDARDS - UNDERGROUND COAL MINES; Subpart K - Trolley Wires and Trolley Feeder Wires; eCFR as of 2026-10-01
cfr30-75.1003	75.1003 Insulation of trolley wires, trolley feeder wires and bare signal wires; guarding of trolley wires and trolley feeder wires.	https://www.ecfr.gov/on/2026-10-01/title-30/section-75.1003	us-gov-public-domain	30 CFR 75.1003; PART 75 - MANDATORY SAFETY STANDARDS - UNDERGROUND COAL MINES; Subpart K - Trolley Wires and Trolley Feeder Wires; eCFR as of 2026-10-01
cfr30-75.1003-1	75.1003-1 Other requirements for guarding of trolley wires and trolley feeder wires.	https://www.ecfr.gov/on/2026-10-01/title-30/section-75.1003-1	us-gov-public-domain	30 CFR 75.1003-1; PART 75 - MANDATORY SAFETY STANDARDS - UNDERGROUND COAL MINES; Subpart K - Trolley Wires and Trolley Feeder Wires; eCFR as of 2026-10-01
cfr30-75.1003-2	75.1003-2 Requirements for movement of off-track mining equipment in areas of active workings where energized trolley wires or trolley feeder wires are present; pre-movement requirements; certified and qualified persons.	https://www.ecfr.gov/on/2026-10-01/title-30/section-75.1003-2	us-gov-public-domain	30 CFR 75.1003-2; PART 75 - MANDATORY SAFETY STANDARDS - UNDERGROUND COAL MINES; Subpart K - Trolley Wires and Trolley Feeder Wires; eCFR as of 2026-10-01
cfr30-75.1100	75.1100 Requirements.	https://www.ecfr.gov/on/2026-10-01/title-30/section-75.1100	us-gov-public-domain	30 CFR 75.1100; PART 75 - MANDATORY SAFETY STANDARDS - UNDERGROUND COAL MINES; Subpart L - Fire Protection; eCFR as of 2026-10-01
cfr30-75.1100-1	75.1100-1 Type and quality of firefighting equipment.	https://www.ecfr.gov/on/2026-10-01/title-30/section-75.1100-1	us-gov-public-domain	30 CFR 75.1100-1; PART 75 - MANDATORY SAFETY STANDARDS - UNDERGROUND COAL MINES; Subpart L - Fire Protection; eCFR as of 2026-10-01
cfr30-75.1100-2	75.1100-2 Quantity and location of firefighting equipment.	https://www.ecfr.gov/on/2026-10-01/title-30/section-75.1100-2	us-gov-public-domain	30 CFR 75.1100-2; PART 75 - MANDATORY SAFETY STANDARDS - UNDERGROUND COAL MINES; Subpart L - Fire Protection; eCFR as of 2026-10-01
cfr30-75.1100-3	75.1100-3 Condition and examination of firefighting equipment.	https://www.ecfr.gov/on/2026-10-01/title-30/section-75.1100-3	us-gov-public-domain	30 CFR 75.1100-3; PART 75 - MANDATORY SAFETY STANDARDS - UNDERGROUND COAL MINES; Subpart L - Fire Protection; eCFR as of 2026-10-01
cfr30-75.1101	75.1101 Deluge-type water sprays, foam generators; main and secondary belt-conveyor drives.	https://www.ecfr.gov/on/2026-10-01/title-30/section-75.1101	us-gov-public-domain	30 CFR 75.1101; PART 75 - MANDATORY SAFETY STANDARDS - UNDERGROUND COAL MINES; Subpart L - Fire Protection; eCFR as of 2026-10-01
cfr30-75.1101-1	75.1101-1 Deluge-type water spray systems.	https://www.ecfr.gov/on/2026-10-01/title-30/section-75.1101-1	us-gov-public-domain	30 CFR 75.1101-1; PART 75 - MANDATORY SAFETY STANDARDS - UNDERGROUND COAL MINES; Subpart L - Fire Protection; eCFR as of 2026-10-01
cfr30-75.1101-2	75.1101-2 Installation of deluge-type sprays.	https://www.ecfr.gov/on/2026-10-01/title-30/section-75.1101-2	us-gov-public-domain	30 CFR 75.1101-2; PART 75 - MANDATORY SAFETY STANDARDS - UNDERGROUND COAL MINES; Subpart L - Fire Protection; eCFR as of 2026-10-01
cfr30-75.1101-3	75.1101-3 Water requirements.	https://www.ecfr.gov/on/2026-10-01/title-30/section-75.1101-3	us-gov-public-domain	30 CFR 75.1101-3; PART 75 - MANDATORY SAFETY STANDARDS - UNDERGROUND COAL MINES; Subpart L - Fire Protection; eCFR as of 2026-10-01
cfr30-75.1101-4	75.1101-4 Branch lines.	https://www.ecfr.gov/on/2026-10-01/title-30/section-75.1101-4	us-gov-public-domain	30 CFR 75.1101-4; PART 75 - MANDATORY SAFETY STANDARDS - UNDERGROUND COAL MINES; Subpart L - Fire Protection; eCFR as of 2026-10-01
cfr30-75.1101-5	75.1101-5 Installation of foam generator systems.	https://www.ecfr.gov/on/2026-10-01/title-30/section-75.1101-5	us-gov-public-domain	30 CFR 75.1101-5; PART 75 - MANDATORY SAFETY STANDARDS - UNDERGROUND COAL MINES; Subpart L - Fire Protection; eCFR as of 2026-10-01
cfr30-75.1101-6	75.1101-6 Water sprinkler systems; general.	https://www.ecfr.gov/on/2026-10-01/title-30/section-75.1101-6	us-gov-public-domain	30 CFR 75.1101-6; PART 75 - MANDATORY SAFETY STANDARDS - UNDERGROUND COAL MINES; Subpart L - Fire Protection; eCFR as of 2026-10-01
cfr30-75.1101-7	75.1101-7 Installation of water sprinkler systems; requirements.	https://www.ecfr.gov/on/2026-10-01/title-30/section-75.1101-7	us-gov-public-domain	30 CFR 75.1101-7; PART 75 - MANDATORY SAFETY STANDARDS - UNDERGROUND COAL MINES; Subpart L - Fire Protection; eCFR as of 2026-10-01
cfr30-75.1101-8	75.1101-8 Water sprinkler systems; arrangement of sprinklers.	https://www.ecfr.gov/on/2026-10-01/title-30/section-75.1101-8	us-gov-public-domain	30 CFR 75.1101-8; PART 75 - MANDATORY SAFETY STANDARDS - UNDERGROUND COAL MINES; Subpart L - Fire Protection; eCFR as of 2026-10-01
cfr30-75.1101-9	75.1101-9 Back-up water system.	https://www.ecfr.gov/on/2026-10-01/title-30/section-75.1101-9	us-gov-public-domain	30 CFR 75.1101-9; PART 75 - MANDATORY SAFETY STANDARDS - UNDERGROUND COAL MINES; Subpart L - Fire Protection; eCFR as of 2026-10-01
cfr30-75.1101-10	75.1101-10 Water sprinkler systems; fire warning devices at belt drives.	https://www.ecfr.gov/on/2026-10-01/title-30/section-75.1101-10	us-gov-public-domain	30 CFR 75.1101-10; PART 75 - MANDATORY SAFETY STANDARDS - UNDERGROUND COAL MINES; Subpart L - Fire Protection; eCFR as of 2026-10-01
cfr30-75.1101-11	75.1101-11 Inspection of water sprinkler systems.	https://www.ecfr.gov/on/2026-10-01/title-30/section-75.1101-11	us-gov-public-domain	30 CFR 75.1101-11; PART 75 - MANDATORY SAFETY STANDARDS - UNDERGROUND COAL MINES; Subpart L - Fire Protection; eCFR as of 2026-10-01
cfr30-75.1101-12	75.1101-12 Equivalent dry-pipe system.	https://www.ecfr.gov/on/2026-10-01/title-30/section-75.1101-12	us-gov-public-domain	30 CFR 75.1101-12; PART 75 - MANDATORY SAFETY STANDARDS - UNDERGROUND COAL MINES; Subpart L - Fire Protection; eCFR as of 2026-10-01
cfr30-75.1101-13	75.1101-13 Dry powder chemical systems; general.	https://www.ecfr.gov/on/2026-10-01/title-30/section-75.1101-13	us-gov-public-domain	30 CFR 75.1101-13; PART 75 - MANDATORY SAFETY STANDARDS - UNDERGROUND COAL MINES; Subpart L - Fire Protection; eCFR as of 2026-10-01
cfr30-75.1101-14	75.1101-14 Installation of dry powder chemical systems.	https://www.ecfr.gov/on/2026-10-01/title-30/section-75.1101-14	us-gov-public-domain	30 CFR 75.1101-14; PART 75 - MANDATORY SAFETY STANDARDS - UNDERGROUND COAL MINES; Subpart L - Fire Protection; eCFR as of 2026-10-01
cfr30-75.1101-15	75.1101-15 Construction of dry powder chemical systems.	https://www.ecfr.gov/on/2026-10-01/title-30/section-75.1101-15	us-gov-public-domain	30 CFR 75.1101-15; PART 75 - MANDATORY SAFETY STANDARDS - UNDERGROUND COAL MINES; Subpart L - Fire Protection; eCFR as of 2026-10-01
cfr30-75.1101-16	75.1101-16 Dry powder chemical systems; sensing and fire-suppression devices.	https://www.ecfr.gov/on/2026-10-01/title-30/section-75.1101-16	us-gov-public-domain	30 CFR 75.1101-16; PART 75 - MANDATORY SAFETY STANDARDS - UNDERGROUND COAL MINES; Subpart L - Fire Protection; eCFR as of 2026-10-01
cfr30-75.1101-17	75.1101-17 Sealing of dry powder chemical systems.	https://www.ecfr.gov/on/2026-10-01/title-30/section-75.1101-17	us-gov-public-domain	30 CFR 75.1101-17; PART 75 - MANDATORY SAFETY STANDARDS - UNDERGROUND COAL MINES; Subpart L - Fire Protection; eCFR as of 2026-10-01
cfr30-75.1101-18	75.1101-18 Dry powder requirements.	https://www.ecfr.gov/on/2026-10-01/title-30/section-75.1101-18	us-gov-public-domain	30 CFR 75.1101-18; PART 75 - MANDATORY SAFETY STANDARDS - UNDERGROUND COAL MINES; Subpart L - Fire Protection; eCFR as of 2026-10-01
cfr30-75.1101-19	75.1101-19 Nozzles; flow rate and direction.	https://www.ecfr.gov/on/2026-10-01/title-30/section-75.1101-19	us-gov-public-domain	30 CFR 75.1101-19; PART 75 - MANDATORY SAFETY STANDARDS - UNDERGROUND COAL MINES; Subpart L - Fire Protection; eCFR as of 2026-10-01
cfr30-75.1101-20	75.1101-20 Safeguards for dry powder chemical systems.	https://www.ecfr.gov/on/2026-10-01/title-30/section-75.1101-20	us-gov-public-domain	30 CFR 75.1101-20; PART 75 - MANDATORY SAFETY STANDARDS - UNDERGROUND COAL MINES; Subpart L - Fire Protection; eCFR as of 2026-10-01
cfr30-75.1101-21	75.1101-21 Back-up water system.	https://www.ecfr.gov/on/2026-10-01/title-30/section-75.1101-21	us-gov-public-domain	30 CFR 75.1101-21; PART 75 - MANDATORY SAFETY STANDARDS - UNDERGROUND COAL MINES; Subpart L - Fire Protection; eCFR as of 2026-10-01
cfr30-75.1101-22	75.1101-22 Inspection of dry powder chemical systems.	https://www.ecfr.gov/on/2026-10-01/title-30/section-75.1101-22	us-gov-public-domain	30 CFR 75.1101-22; PART 75 - MANDATORY SAFETY STANDARDS - UNDERGROUND COAL MINES; Subpart L - Fire Protection; eCFR as of 2026-10-01
cfr30-75.1102	75.1102 Slippage and sequence switches.	https://www.ecfr.gov/on/2026-10-01/title-30/section-75.1102	us-gov-public-domain	30 CFR 75.1102; PART 75 - MANDATORY SAFETY STANDARDS - UNDERGROUND COAL MINES; Subpart L - Fire Protection; eCFR as of 2026-10-01
cfr30-75.1103	75.1103 Automatic fire warning devices.	https://www.ecfr.gov/on/2026-10-01/title-30/section-75.1103	us-gov-public-domain	30 CFR 75.1103; PART 75 - MANDATORY SAFETY STANDARDS - UNDERGROUND COAL MINES; Subpart L - Fire Protection; eCFR as of 2026-10-01
cfr30-75.1103-1	75.1103-1 Automatic fire sensors.	https://www.ecfr.gov/on/2026-10-01/title-30/section-75.1103-1	us-gov-public-domain	30 CFR 75.1103-1; PART 75 - MANDATORY SAFETY STANDARDS - UNDERGROUND COAL MINES; Subpart L - Fire Protection; eCFR as of 2026-10-01
cfr30-75.1103-2	75.1103-2 Automatic fire sensors; approved components; installation requirements.	https://www.ecfr.gov/on/2026-10-01/title-30/section-75.1103-2	us-gov-public-domain	30 CFR 75.1103-2; PART 75 - MANDATORY SAFETY STANDARDS - UNDERGROUND COAL MINES; Subpart L - Fire Protection; eCFR as of 2026-10-01
cfr30-75.1103-3	75.1103-3 Automatic fire sensor and warning device systems; minimum requirements; general.	https://www.ecfr.gov/on/2026-10-01/title-30/section-75.1103-3	us-gov-public-domain	30 CFR 75.1103-3; PART 75 - MANDATORY SAFETY STANDARDS - UNDERGROUND COAL MINES; Subpart L - Fire Protection; eCFR as of 2026-10-01
cfr30-75.1103-4	75.1103-4 Automatic fire sensor and warning device systems; installation; minimum requirements.	https://www.ecfr.gov/on/2026-10-01/title-30/section-75.1103-4	us-gov-public-domain	30 CFR 75.1103-4; PART 75 - MANDATORY SAFETY STANDARDS - UNDERGROUND COAL MINES; Subpart L - Fire Protection; eCFR as of 2026-10-01
cfr30-75.1103-5	75.1103-5 Automatic fire warning devices; actions and response.	https://www.ecfr.gov/on/2026-10-01/title-30/section-75.1103-5	us-gov-public-domain	30 CFR 75.1103-5; PART 75 - MANDATORY SAFETY STANDARDS - UNDERGROUND COAL MINES; Subpart L - Fire Protection; eCFR as of 2026-10-01
cfr30-75.1103-6	75.1103-6 Automatic fire sensors; actuation of fire suppression systems.	https://www.ecfr.gov/on/2026-10-01/title-30/section-75.1103-6	us-gov-public-domain	30 CFR 75.1103-6; PART 75 - MANDATORY SAFETY STANDARDS - UNDERGROUND COAL MINES; Subpart L - Fire Protection; eCFR as of 2026-10-01
cfr30-75.1103-7	75.1103-7 Electrical components; permissibility requirements.	https://www.ecfr.gov/on/2026-10-01/title-30/section-75.1103-7	us-gov-public-domain	30 CFR 75.1103-7; PART 75 - MANDATORY SAFETY STANDARDS - UNDERGROUND COAL MINES; Subpart L - Fire Protection; eCFR as of 2026-10-01
cfr30-75.1103-8	75.1103-8 Automatic fire sensor and warning device systems; examination and test requirements.	https://www.ecfr.gov/on/2026-10-01/title-30/section-75.1103-8	us-gov-public-domain	30 CFR 75.1103-8; PART 75 - MANDATORY SAFETY STANDARDS - UNDERGROUND COAL MINES; Subpart L - Fire Protection; eCFR as of 2026-10-01
cfr30-75.1103-9	75.1103-9 Minimum requirements; fire suppression materials and location; maintenance of entries and crosscuts; access doors; communications; fire crews; high-expansion foam devices.	https://www.ecfr.gov/on/2026-10-01/title-30/section-75.1103-9	us-gov-public-domain	30 CFR 75.1103-9; PART 75 - MANDATORY SAFETY STANDARDS - UNDERGROUND COAL MINES; Subpart L - Fire Protection; eCFR as of 2026-10-01
cfr30-75.1103-10	75.1103-10 Fire suppression systems; additional requirements.	https://www.ecfr.gov/on/2026-10-01/title-30/section-75.1103-10	us-gov-public-domain	30 CFR 75.1103-10; PART 75 - MANDATORY SAFETY STANDARDS - UNDERGROUND COAL MINES; Subpart L - Fire Protection; eCFR as of 2026-10-01
cfr30-75.1103-11	75.1103-11 Tests of fire hydrants and fire hose; record of tests.	https://www.ecfr.gov/on/2026-10-01/title-30/section-75.1103-11	us-gov-public-domain	30 CFR 75.1103-11; PART 75 - MANDATORY SAFETY STANDARDS - UNDERGROUND COAL MINES; Subpart L - Fire Protection; eCFR as of 2026-10-01
cfr30-75.1104	75.1104 Underground storage, lubricating oil and grease.	https://www.ecfr.gov/on/2026-10-01/title-30/section-75.1104	us-gov-public-domain	30 CFR 75.1104; PART 75 - MANDATORY SAFETY STANDARDS - UNDERGROUND COAL MINES; Subpart L - Fire Protection; eCFR as of 2026-10-01
cfr30-75.1106	75.1106 Welding, cutting, or soldering with arc or flame underground.	https://www.ecfr.gov/on/2026-10-01/title-30/section-75.1106	us-gov-public-domain	30 CFR 75.1106; PART 75 - MANDATORY SAFETY STANDARDS - UNDERGROUND COAL MINES; Subpart L - Fire Protection; eCFR as of 2026-10-01
cfr30-75.1106-1	75.1106-1 Test for methane.	https://www.ecfr.gov/on/2026-10-01/title-30/section-75.1106-1	us-gov-public-domain	30 CFR 75.1106-1; PART 75 - MANDATORY SAFETY STANDARDS - UNDERGROUND COAL MINES; Subpart L - Fire Protection; eCFR as of 2026-10-01
cfr30-75.1106-2	75.1106-2 Transportation of liquefied and nonliquefied compressed gas cylinders; requirements.	https://www.ecfr.gov/on/2026-10-01/title-30/section-75.1106-2	us-gov-public-domain	30 CFR 75.1106-2; PART 75 - MANDATORY SAFETY STANDARDS - UNDERGROUND COAL MINES; Subpart L - Fire Protection; eCFR as of 2026-10-01
cfr30-75.1106-3	75.1106-3 Storage of liquefied and nonliquefied compressed gas cylinders; requirements.	https://www.ecfr.gov/on/2026-10-01/title-30/section-75.1106-3	us-gov-public-domain	30 CFR 75.1106-3; PART 75 - MANDATORY SAFETY STANDARDS - UNDERGROUND COAL MINES; Subpart L - Fire Protection; eCFR as of 2026-10-01
cfr30-75.1106-4	75.1106-4 Use of liquefied and nonliquefied compressed gas cylinders; general requirements.	https://www.ecfr.gov/on/2026-10-01/title-30/section-75.1106-4	us-gov-public-domain	30 CFR 75.1106-4; PART 75 - MANDATORY SAFETY STANDARDS - UNDERGROUND COAL MINES; Subpart L - Fire Protection; eCFR as of 2026-10-01
cfr30-75.1106-5	75.1106-5 Maintenance and tests of liquefied and nonliquefied compressed gas cylinders; accessories and equipment; requirements.	https://www.ecfr.gov/on/2026-10-01/title-30/section-75.1106-5	us-gov-public-domain	30 CFR 75.1106-5; PART 75 - MANDATORY SAFETY STANDARDS - UNDERGROUND COAL MINES; Subpart L - Fire Protection; eCFR as of 2026-10-01
cfr30-75.1106-6	75.1106-6 Exemption of small low pressure gas cylinders containing nonflammable or nonexplosive gas mixtures.	https://www.ecfr.gov/on/2026-10-01/title-30/section-75.1106-6	us-gov-public-domain	30 CFR 75.1106-6; PART 75 - MANDATORY SAFETY STANDARDS - UNDERGROUND COAL MINES; Subpart L - Fire Protection; eCFR as of 2026-10-01
cfr30-75.1107	75.1107 Fire suppression devices.	https://www.ecfr.gov/on/2026-10-01/title-30/section-75.1107	us-gov-public-domain	30 CFR 75.1107; PART 75 - MANDATORY SAFETY STANDARDS - UNDERGROUND COAL MINES; Subpart L - Fire Protection; eCFR as of 2026-10-01
cfr30-75.1107-1	75.1107-1 Fire-resistant hydraulic fluids and fire suppression devices on underground equipment.	https://www.ecfr.gov/on/2026-10-01/title-30/section-75.1107-1	us-gov-public-domain	30 CFR 75.1107-1; PART 75 - MANDATORY SAFETY STANDARDS - UNDERGROUND COAL MINES; Subpart L - Fire Protection; eCFR as of 2026-10-01
cfr30-75.1107-2	75.1107-2 Approved fire-resistant hydraulic fluids; minimum requirements.	https://www.ecfr.gov/on/2026-10-01/title-30/section-75.1107-2	us-gov-public-domain	30 CFR 75.1107-2; PART 75 - MANDATORY SAFETY STANDARDS - UNDERGROUND COAL MINES; Subpart L - Fire Protection; eCFR as of 2026-10-01
cfr30-75.1107-3	75.1107-3 Fire suppression devices; approved components; installation requirements.	https://www.ecfr.gov/on/2026-10-01/title-30/section-75.1107-3	us-gov-public-domain	30 CFR 75.1107-3; PART 75 - MANDATORY SAFETY STANDARDS - UNDERGROUND COAL MINES; Subpart L - Fire Protection; eCFR as of 2026-10-01
cfr30-75.1107-4	75.1107-4 Automatic fire sensors and manual actuators; installation; minimum requirements.	https://www.ecfr.gov/on/2026-10-01/title-30/section-75.1107-4	us-gov-public-domain	30 CFR 75.1107-4; PART 75 - MANDATORY SAFETY STANDARDS - UNDERGROUND COAL MINES; Subpart L - Fire Protection; eCFR as of 2026-10-01
cfr30-75.1107-5	75.1107-5 Electrical components of fire suppression devices; permissibility requirements.	https://www.ecfr.gov/on/2026-10-01/title-30/section-75.1107-5	us-gov-public-domain	30 CFR 75.1107-5; PART 75 - MANDATORY SAFETY STANDARDS - UNDERGROUND COAL MINES; Subpart L - Fire Protection; eCFR as of 2026-10-01
cfr30-75.1107-6	75.1107-6 Capacity of fire suppression devices; location and direction of nozzles.	https://www.ecfr.gov/on/2026-10-01/title-30/section-75.1107-6	us-gov-public-domain	30 CFR 75.1107-6; PART 75 - MANDATORY SAFETY STANDARDS - UNDERGROUND COAL MINES; Subpart L - Fire Protection; eCFR as of 2026-10-01
cfr30-75.1107-7	75.1107-7 Water spray devices; capacity; water supply; minimum requirements.	https://www.ecfr.gov/on/2026-10-01/title-30/section-75.1107-7	us-gov-public-domain	30 CFR 75.1107-7; PART 75 - MANDATORY SAFETY STANDARDS - UNDERGROUND COAL MINES; Subpart L - Fire Protection; eCFR as of 2026-10-01
cfr30-75.1107-8	75.1107-8 Fire suppression devices; extinguishant supply systems.	https://www.ecfr.gov/on/2026-10-01/title-30/section-75.1107-8	us-gov-public-domain	30 CFR 75.1107-8; PART 75 - MANDATORY SAFETY STANDARDS - UNDERGROUND COAL MINES; Subpart L - Fire Protection; eCFR as of 2026-10-01
cfr30-75.1107-9	75.1107-9 Dry chemical devices; capacity; minimum requirements.	https://www.ecfr.gov/on/2026-10-01/title-30/section-75.1107-9	us-gov-public-domain	30 CFR 75.1107-9; PART 75 - MANDATORY SAFETY STANDARDS - UNDERGROUND COAL MINES; Subpart L - Fire Protection; eCFR as of 2026-10-01
cfr30-75.1107-10	75.1107-10 High expansion foam devices; minimum capacity.	https://www.ecfr.gov/on/2026-10-01/title-30/section-75.1107-10	us-gov-public-domain	30 CFR 75.1107-10; PART 75 - MANDATORY SAFETY STANDARDS - UNDERGROUND COAL MINES; Subpart L - Fire Protection; eCFR as of 2026-10-01
cfr30-75.1107-11	75.1107-11 Extinguishing agents; requirements on mining equipment employed in low coal.	https://www.ecfr.gov/on/2026-10-01/title-30/section-75.1107-11	us-gov-public-domain	30 CFR 75.1107-11; PART 75 - MANDATORY SAFETY STANDARDS - UNDERGROUND COAL MINES; Subpart L - Fire Protection; eCFR as of 2026-10-01
cfr30-75.1107-12	75.1107-12 Inerting of mine atmosphere prohibited.	https://www.ecfr.gov/on/2026-10-01/title-30/section-75.1107-12	us-gov-public-domain	30 CFR 75.1107-12; PART 75 - MANDATORY SAFETY STANDARDS - UNDERGROUND COAL MINES; Subpart L - Fire Protection; eCFR as of 2026-10-01
cfr30-75.1107-13	75.1107-13 Approval of other fire suppression devices.	https://www.ecfr.gov/on/2026-10-01/title-30/section-75.1107-13	us-gov-public-domain	30 CFR 75.1107-13; PART 75 - MANDATORY SAFETY STANDARDS - UNDERGROUND COAL MINES; Subpart L - Fire Protection; eCFR as of 2026-10-01
cfr30-75.1107-14	75.1107-14 Guards and handrails; requirements where fire suppression devices are employed.	https://www.ecfr.gov/on/2026-10-01/title-30/section-75.1107-14	us-gov-public-domain	30 CFR 75.1107-14; PART 75 - MANDATORY SAFETY STANDARDS - UNDERGROUND COAL MINES; Subpart L - Fire Protection; eCFR as of 2026-10-01
cfr30-75.1107-15	75.1107-15 Fire suppression devices; hazards; training of miners.	https://www.ecfr.gov/on/2026-10-01/title-30/section-75.1107-15	us-gov-public-domain	30 CFR 75.1107-15; PART 75 - MANDATORY SAFETY STANDARDS - UNDERGROUND COAL MINES; Subpart L - Fire Protection; eCFR as of 2026-10-01
cfr30-75.1107-16	75.1107-16 Inspection of fire suppression devices.	https://www.ecfr.gov/on/2026-10-01/title-30/section-75.1107-16	us-gov-public-domain	30 CFR 75.1107-16; PART 75 - MANDATORY SAFETY STANDARDS - UNDERGROUND COAL MINES; Subpart L - Fire Protection; eCFR as of 2026-10-01
cfr30-75.1107-17	75.1107-17 Incorporation by reference; availability of publications.	https://www.ecfr.gov/on/2026-10-01/title-30/section-75.1107-17	us-gov-public-domain	30 CFR 75.1107-17; PART 75 - MANDATORY SAFETY STANDARDS - UNDERGROUND COAL MINES; Subpart L - Fire Protection; eCFR as of 2026-10-01
cfr30-75.1108	75.1108 Approved conveyor belts.	https://www.ecfr.gov/on/2026-10-01/title-30/section-75.1108	us-gov-public-domain	30 CFR 75.1108; PART 75 - MANDATORY SAFETY STANDARDS - UNDERGROUND COAL MINES; Subpart L - Fire Protection; eCFR as of 2026-10-01
cfr30-75.1200	75.1200 Mine map.	https://www.ecfr.gov/on/2026-10-01/title-30/section-75.1200	us-gov-public-domain	30 CFR 75.1200; PART 75 - MANDATORY SAFETY STANDARDS - UNDERGROUND COAL MINES; Subpart M - Maps; eCFR as of 2026-10-01
cfr30-75.1200-1	75.1200-1 Additional information on mine map.	https://www.ecfr.gov/on/2026-10-01/title-30/section-75.1200-1	us-gov-public-domain	30 CFR 75.1200-1; PART 75 - MANDATORY SAFETY STANDARDS - UNDERGROUND COAL MINES; Subpart M - Maps; eCFR as of 2026-10-01
cfr30-75.1200-2	75.1200-2 Accuracy and scale of mine maps.	https://www.ecfr.gov/on/2026-10-01/title-30/section-75.1200-2	us-gov-public-domain	30 CFR 75.1200-2; PART 75 - MANDATORY SAFETY STANDARDS - UNDERGROUND COAL MINES; Subpart M - Maps; eCFR as of 2026-10-01
cfr30-75.1201	75.1201 Certification.	https://www.ecfr.gov/on/2026-10-01/title-30/section-75.1201	us-gov-public-domain	30 CFR 75.1201; PART 75 - MANDATORY SAFETY STANDARDS - UNDERGROUND COAL MINES; Subpart M - Maps; eCFR as of 2026-10-01
cfr30-75.1202	75.1202 Temporary notations, revisions, and supplements.	https://www.ecfr.gov/on/2026-10-01/title-30/section-75.1202	us-gov-public-domain	30 CFR 75.1202; PART 75 - MANDATORY SAFETY STANDARDS - UNDERGROUND COAL MINES; Subpart M - Maps; eCFR as of 2026-10-01
cfr30-75.1202-1	75.1202-1 Temporary notations, revisions, and supplements.	https://www.ecfr.gov/on/2026-10-01/title-30/section-75.1202-1	us-gov-public-domain	30 CFR 75.1202-1; PART 75 - MANDATORY SAFETY STANDARDS - UNDERGROUND COAL MINES; Subpart M - Maps; eCFR as of 2026-10-01
cfr30-75.1203	75.1203 Availability of mine map.	https://www.ecfr.gov/on/2026-10-01/title-30/section-75.1203	us-gov-public-domain	30 CFR 75.1203; PART 75 - MANDATORY SAFETY STANDARDS - UNDERGROUND COAL MINES; Subpart M - Maps; eCFR as of 2026-10-01
cfr30-75.1204	75.1204 Mine closure; filing of map with Secretary.	https://www.ecfr.gov/on/2026-10-01/title-30/section-75.1204	us-gov-public-domain	30 CFR 75.1204; PART 75 - MANDATORY SAFETY STANDARDS - UNDERGROUND COAL MINES; Subpart M - Maps; eCFR as of 2026-10-01
cfr30-75.1204-1	75.1204-1 Places to give notice and file maps.	https://www.ecfr.gov/on/2026-10-01/title-30/section-75.1204-1	us-gov-public-domain	30 CFR 75.1204-1; PART 75 - MANDATORY SAFETY STANDARDS - UNDERGROUND COAL MINES; Subpart M - Maps; eCFR as of 2026-10-01
cfr30-75.1300	75.1300 Definitions.	https://www.ecfr.gov/on/2026-10-01/title-30/section-75.1300	us-gov-public-domain	30 CFR 75.1300; PART 75 - MANDATORY SAFETY STANDARDS - UNDERGROUND COAL MINES; Subpart N - Explosives and Blasting; eCFR as of 2026-10-01
cfr30-75.1301	75.1301 Qualified person.	https://www.ecfr.gov/on/2026-10-01/title-30/section-75.1301	us-gov-public-domain	30 CFR 75.1301; PART 75 - MANDATORY SAFETY STANDARDS - UNDERGROUND COAL MINES; Subpart N - Explosives and Blasting; eCFR as of 2026-10-01
cfr30-75.1310	75.1310 Explosives and blasting equipment.	https://www.ecfr.gov/on/2026-10-01/title-30/section-75.1310	us-gov-public-domain	30 CFR 75.1310; PART 75 - MANDATORY SAFETY STANDARDS - UNDERGROUND COAL MINES; Subpart N - Explosives and Blasting; eCFR as of 2026-10-01
cfr30-75.1311	75.1311 Transporting explosives and detonators.	https://www.ecfr.gov/on/2026-10-01/title-30/section-75.1311	us-gov-public-domain	30 CFR 75.1311; PART 75 - MANDATORY SAFETY STANDARDS - UNDERGROUND COAL MINES; Subpart N - Explosives and Blasting; eCFR as of 2026-10-01
cfr30-75.1312	75.1312 Explosives and detonators in underground magazines.	https://www.ecfr.gov/on/2026-10-01/title-30/section-75.1312	us-gov-public-domain	30 CFR 75.1312; PART 75 - MANDATORY SAFETY STANDARDS - UNDERGROUND COAL MINES; Subpart N - Explosives and Blasting; eCFR as of 2026-10-01
cfr30-75.1313	75.1313 Explosives and detonators outside of magazines.	https://www.ecfr.gov/on/2026-10-01/title-30/section-75.1313	us-gov-public-domain	30 CFR 75.1313; PART 75 - MANDATORY SAFETY STANDARDS - UNDERGROUND COAL MINES; Subpart N - Explosives and Blasting; eCFR as of 2026-10-01
cfr30-75.1314	75.1314 Sheathed explosive units.	https://www.ecfr.gov/on/2026-10-01/title-30/section-75.1314	us-gov-public-domain	30 CFR 75.1314; PART 75 - MANDATORY SAFETY STANDARDS - UNDERGROUND COAL MINES; Subpart N - Explosives and Blasting; eCFR as of 2026-10-01
cfr30-75.1315	75.1315 Boreholes for explosives.	https://www.ecfr.gov/on/2026-10-01/title-30/section-75.1315	us-gov-public-domain	30 CFR 75.1315; PART 75 - MANDATORY SAFETY STANDARDS - UNDERGROUND COAL MINES; Subpart N - Explosives and Blasting; eCFR as of 2026-10-01
cfr30-75.1316	75.1316 Preparation before blasting.	https://www.ecfr.gov/on/2026-10-01/title-30/section-75.1316	us-gov-public-domain	30 CFR 75.1316; PART 75 - MANDATORY SAFETY STANDARDS - UNDERGROUND COAL MINES; Subpart N - Explosives and Blasting; eCFR as of 2026-10-01
cfr30-75.1317	75.1317 Primer cartridges.	https://www.ecfr.gov/on/2026-10-01/title-30/section-75.1317	us-gov-public-domain	30 CFR 75.1317; PART 75 - MANDATORY SAFETY STANDARDS - UNDERGROUND COAL MINES; Subpart N - Explosives and Blasting; eCFR as of 2026-10-01
cfr30-75.1318	75.1318 Loading boreholes.	https://www.ecfr.gov/on/2026-10-01/title-30/section-75.1318	us-gov-public-domain	30 CFR 75.1318; PART 75 - MANDATORY SAFETY STANDARDS - UNDERGROUND COAL MINES; Subpart N - Explosives and Blasting; eCFR as of 2026-10-01
cfr30-75.1319	75.1319 Weight of explosives permitted in boreholes in bituminous and lignite mines.	https://www.ecfr.gov/on/2026-10-01/title-30/section-75.1319	us-gov-public-domain	30 CFR 75.1319; PART 75 - MANDATORY SAFETY STANDARDS - UNDERGROUND COAL MINES; Subpart N - Explosives and Blasting; eCFR as of 2026-10-01
cfr30-75.1320	75.1320 Multiple-shot blasting.	https://www.ecfr.gov/on/2026-10-01/title-30/section-75.1320	us-gov-public-domain	30 CFR 75.1320; PART 75 - MANDATORY SAFETY STANDARDS - UNDERGROUND COAL MINES; Subpart N - Explosives and Blasting; eCFR as of 2026-10-01
cfr30-75.1321	75.1321 Permits for firing more than 20 boreholes and for use of nonpermissible blasting units.	https://www.ecfr.gov/on/2026-10-01/title-30/section-75.1321	us-gov-public-domain	30 CFR 75.1321; PART 75 - MANDATORY SAFETY STANDARDS - UNDERGROUND COAL MINES; Subpart N - Explosives and Blasting; eCFR as of 2026-10-01
cfr30-75.1322	75.1322 Stemming boreholes.	https://www.ecfr.gov/on/2026-10-01/title-30/section-75.1322	us-gov-public-domain	30 CFR 75.1322; PART 75 - MANDATORY SAFETY STANDARDS - UNDERGROUND COAL MINES; Subpart N - Explosives and Blasting; eCFR as of 2026-10-01
cfr30-75.1323	75.1323 Blasting circuits.	https://www.ecfr.gov/on/2026-10-01/title-30/section-75.1323	us-gov-public-domain	30 CFR 75.1323; PART 75 - MANDATORY SAFETY STANDARDS - UNDERGROUND COAL MINES; Subpart N - Explosives and Blasting; eCFR as of 2026-10-01
cfr30-75.1324	75.1324 Methane concentration and tests.	https://www.ecfr.gov/on/2026-10-01/title-30/section-75.1324	us-gov-public-domain	30 CFR 75.1324; PART 75 - MANDATORY SAFETY STANDARDS - UNDERGROUND COAL MINES; Subpart N - Explosives and Blasting; eCFR as of 2026-10-01
cfr30-75.1325	75.1325 Firing procedures.	https://www.ecfr.gov/on/2026-10-01/title-30/section-75.1325	us-gov-public-domain	30 CFR 75.1325; PART 75 - MANDATORY SAFETY STANDARDS - UNDERGROUND COAL MINES; Subpart N - Explosives and Blasting; eCFR as of 2026-10-01
cfr30-75.1326	75.1326 Examination after blasting.	https://www.ecfr.gov/on/2026-10-01/title-30/section-75.1326	us-gov-public-domain	30 CFR 75.1326; PART 75 - MANDATORY SAFETY STANDARDS - UNDERGROUND COAL MINES; Subpart N - Explosives and Blasting; eCFR as of 2026-10-01
cfr30-75.1327	75.1327 Misfires.	https://www.ecfr.gov/on/2026-10-01/title-30/section-75.1327	us-gov-public-domain	30 CFR 75.1327; PART 75 - MANDATORY SAFETY STANDARDS - UNDERGROUND COAL MINES; Subpart N - Explosives and Blasting; eCFR as of 2026-10-01
cfr30-75.1328	75.1328 Damaged or deteriorated explosives and detonators.	https://www.ecfr.gov/on/2026-10-01/title-30/section-75.1328	us-gov-public-domain	30 CFR 75.1328; PART 75 - MANDATORY SAFETY STANDARDS - UNDERGROUND COAL MINES; Subpart N - Explosives and Blasting; eCFR as of 2026-10-01
cfr30-75.1400	75.1400 Hoisting equipment; general.	https://www.ecfr.gov/on/2026-10-01/title-30/section-75.1400	us-gov-public-domain	30 CFR 75.1400; PART 75 - MANDATORY SAFETY STANDARDS - UNDERGROUND COAL MINES; Subpart O - Hoisting and Mantrips; eCFR as of 2026-10-01
cfr30-75.1400-1	75.1400-1 Hoists; brakes, capability.	https://www.ecfr.gov/on/2026-10-01/title-30/section-75.1400-1	us-gov-public-domain	30 CFR 75.1400-1; PART 75 - MANDATORY SAFETY STANDARDS - UNDERGROUND COAL MINES; Subpart O - Hoisting and Mantrips; eCFR as of 2026-10-01
cfr30-75.1400-2	75.1400-2 Hoists; tests of safety catches; records.	https://www.ecfr.gov/on/2026-10-01/title-30/section-75.1400-2	us-gov-public-domain	30 CFR 75.1400-2; PART 75 - MANDATORY SAFETY STANDARDS - UNDERGROUND COAL MINES; Subpart O - Hoisting and Mantrips; eCFR as of 2026-10-01
cfr30-75.1400-3	75.1400-3 Daily examination of hoisting equipment.	https://www.ecfr.gov/on/2026-10-01/title-30/section-75.1400-3	us-gov-public-domain	30 CFR 75.1400-3; PART 75 - MANDATORY SAFETY STANDARDS - UNDERGROUND COAL MINES; Subpart O - Hoisting and Mantrips; eCFR as of 2026-10-01
cfr30-75.1400-4	75.1400-4 Certifications and records of daily examinations.	https://www.ecfr.gov/on/2026-10-01/title-30/section-75.1400-4	us-gov-public-domain	30 CFR 75.1400-4; PART 75 - MANDATORY SAFETY STANDARDS - UNDERGROUND COAL MINES; Subpart O - Hoisting and Mantrips; eCFR as of 2026-10-01
cfr30-75.1401	75.1401 Hoists; rated capacities; indicators.	https://www.ecfr.gov/on/2026-10-01/title-30/section-75.1401	us-gov-public-domain	30 CFR 75.1401; PART 75 - MANDATORY SAFETY STANDARDS - UNDERGROUND COAL MINES; Subpart O - Hoisting and Mantrips; eCFR as of 2026-10-01
cfr30-75.1401-1	75.1401-1 Hoists; indicators.	https://www.ecfr.gov/on/2026-10-01/title-30/section-75.1401-1	us-gov-public-domain	30 CFR 75.1401-1; PART 75 - MANDATORY SAFETY STANDARDS - UNDERGROUND COAL MINES; Subpart O - Hoisting and Mantrips; eCFR as of 2026-10-01
cfr30-75.1402	75.1402 Communication between shaft stations and hoist room.	https://www.ecfr.gov/on/2026-10-01/title-30/section-75.1402	us-gov-public-domain	30 CFR 75.1402; PART 75 - MANDATORY SAFETY STANDARDS - UNDERGROUND COAL MINES; Subpart O - Hoisting and Mantrips; eCFR as of 2026-10-01
cfr30-75.1402-1	75.1402-1 Communication between shaft stations and hoist room.	https://www.ecfr.gov/on/2026-10-01/title-30/section-75.1402-1	us-gov-public-domain	30 CFR 75.1402-1; PART 75 - MANDATORY SAFETY STANDARDS - UNDERGROUND COAL MINES; Subpart O - Hoisting and Mantrips; eCFR as of 2026-10-01
cfr30-75.1402-2	75.1402-2 Tests of signaling systems.	https://www.ecfr.gov/on/2026-10-01/title-30/section-75.1402-2	us-gov-public-domain	30 CFR 75.1402-2; PART 75 - MANDATORY SAFETY STANDARDS - UNDERGROUND COAL MINES; Subpart O - Hoisting and Mantrips; eCFR as of 2026-10-01
cfr30-75.1403	75.1403 Other safeguards.	https://www.ecfr.gov/on/2026-10-01/title-30/section-75.1403	us-gov-public-domain	30 CFR 75.1403; PART 75 - MANDATORY SAFETY STANDARDS - UNDERGROUND COAL MINES; Subpart O - Hoisting and Mantrips; eCFR as of 2026-10-01
cfr30-75.1403-1	75.1403-1 General criteria.	https://www.ecfr.gov/on/2026-10-01/title-30/section-75.1403-1	us-gov-public-domain	30 CFR 75.1403-1; PART 75 - MANDATORY SAFETY STANDARDS - UNDERGROUND COAL MINES; Subpart O - Hoisting and Mantrips; eCFR as of 2026-10-01
cfr30-75.1403-2	75.1403-2 Criteria—Hoists transporting materials; brakes.	https://www.ecfr.gov/on/2026-10-01/title-30/section-75.1403-2	us-gov-public-domain	30 CFR 75.1403-2; PART 75 - MANDATORY SAFETY STANDARDS - UNDERGROUND COAL MINES; Subpart O - Hoisting and Mantrips; eCFR as of 2026-10-01
cfr30-75.1403-3	75.1403-3 Criteria—Drum clutch; cage construction.	https://www.ecfr.gov/on/2026-10-01/title-30/section-75.1403-3	us-gov-public-domain	30 CFR 75.1403-3; PART 75 - MANDATORY SAFETY STANDARDS - UNDERGROUND COAL MINES; Subpart O - Hoisting and Mantrips; eCFR as of 2026-10-01
cfr30-75.1403-4	75.1403-4 Criteria—Automatic elevators.	https://www.ecfr.gov/on/2026-10-01/title-30/section-75.1403-4	us-gov-public-domain	30 CFR 75.1403-4; PART 75 - MANDATORY SAFETY STANDARDS - UNDERGROUND COAL MINES; Subpart O - Hoisting and Mantrips; eCFR as of 2026-10-01
cfr30-75.1403-5	75.1403-5 Criteria—Belt conveyors.	https://www.ecfr.gov/on/2026-10-01/title-30/section-75.1403-5	us-gov-public-domain	30 CFR 75.1403-5; PART 75 - MANDATORY SAFETY STANDARDS - UNDERGROUND COAL MINES; Subpart O - Hoisting and Mantrips; eCFR as of 2026-10-01
cfr30-75.1403-6	75.1403-6 Criteria—Self-propelled personnel carriers.	https://www.ecfr.gov/on/2026-10-01/title-30/section-75.1403-6	us-gov-public-domain	30 CFR 75.1403-6; PART 75 - MANDATORY SAFETY STANDARDS - UNDERGROUND COAL MINES; Subpart O - Hoisting and Mantrips; eCFR as of 2026-10-01
cfr30-75.1403-7	75.1403-7 Criteria—Mantrips.	https://www.ecfr.gov/on/2026-10-01/title-30/section-75.1403-7	us-gov-public-domain	30 CFR 75.1403-7; PART 75 - MANDATORY SAFETY STANDARDS - UNDERGROUND COAL MINES; Subpart O - Hoisting and Mantrips; eCFR as of 2026-10-01
cfr30-75.1403-8	75.1403-8 Criteria—Track haulage roads.	https://www.ecfr.gov/on/2026-10-01/title-30/section-75.1403-8	us-gov-public-domain	30 CFR 75.1403-8; PART 75 - MANDATORY SAFETY STANDARDS - UNDERGROUND COAL MINES; Subpart O - Hoisting and Mantrips; eCFR as of 2026-10-01
cfr30-75.1403-9	75.1403-9 Criteria—Shelter holes.	https://www.ecfr.gov/on/2026-10-01/title-30/section-75.1403-9	us-gov-public-domain	30 CFR 75.1403-9; PART 75 - MANDATORY SAFETY STANDARDS - UNDERGROUND COAL MINES; Subpart O - Hoisting and Mantrips; eCFR as of 2026-10-01
cfr30-75.1403-10	75.1403-10 Criteria—Haulage; general.	https://www.ecfr.gov/on/2026-10-01/title-30/section-75.1403-10	us-gov-public-domain	30 CFR 75.1403-10; PART 75 - MANDATORY SAFETY STANDARDS - UNDERGROUND COAL MINES; Subpart O - Hoisting and Mantrips; eCFR as of 2026-10-01
cfr30-75.1403-11	75.1403-11 Criteria—Entrances to shafts and slopes.	https://www.ecfr.gov/on/2026-10-01/title-30/section-75.1403-11	us-gov-public-domain	30 CFR 75.1403-11; PART 75 - MANDATORY SAFETY STANDARDS - UNDERGROUND COAL MINES; Subpart O - Hoisting and Mantrips; eCFR as of 2026-10-01
cfr30-75.1404	75.1404 Automatic brakes; speed reduction gear.	https://www.ecfr.gov/on/2026-10-01/title-30/section-75.1404	us-gov-public-domain	30 CFR 75.1404; PART 75 - MANDATORY SAFETY STANDARDS - UNDERGROUND COAL MINES; Subpart O - Hoisting and Mantrips; eCFR as of 2026-10-01
cfr30-75.1404-1	75.1404-1 Braking system.	https://www.ecfr.gov/on/2026-10-01/title-30/section-75.1404-1	us-gov-public-domain	30 CFR 75.1404-1; PART 75 - MANDATORY SAFETY STANDARDS - UNDERGROUND COAL MINES; Subpart O - Hoisting and Mantrips; eCFR as of 2026-10-01
cfr30-75.1405	75.1405 Automatic couplers.	https://www.ecfr.gov/on/2026-10-01/title-30/section-75.1405	us-gov-public-domain	30 CFR 75.1405; PART 75 - MANDATORY SAFETY STANDARDS - UNDERGROUND COAL MINES; Subpart O - Hoisting and Mantrips; eCFR as of 2026-10-01
cfr30-75.1405-1	75.1405-1 Automatic couplers, haulage equipment.	https://www.ecfr.gov/on/2026-10-01/title-30/section-75.1405-1	us-gov-public-domain	30 CFR 75.1405-1; PART 75 - MANDATORY SAFETY STANDARDS - UNDERGROUND COAL MINES; Subpart O - Hoisting and Mantrips; eCFR as of 2026-10-01
cfr30-75.1429	75.1429 Guide ropes.	https://www.ecfr.gov/on/2026-10-01/title-30/section-75.1429	us-gov-public-domain	30 CFR 75.1429; PART 75 - MANDATORY SAFETY STANDARDS - UNDERGROUND COAL MINES; Subpart O - Hoisting and Mantrips; eCFR as of 2026-10-01
cfr30-75.1430	75.1430 Wire ropes; scope.	https://www.ecfr.gov/on/2026-10-01/title-30/section-75.1430	us-gov-public-domain	30 CFR 75.1430; PART 75 - MANDATORY SAFETY STANDARDS - UNDERGROUND COAL MINES; Subpart O - Hoisting and Mantrips; eCFR as of 2026-10-01
cfr30-75.1431	75.1431 Minimum rope strength.	https://www.ecfr.gov/on/2026-10-01/title-30/section-75.1431	us-gov-public-domain	30 CFR 75.1431; PART 75 - MANDATORY SAFETY STANDARDS - UNDERGROUND COAL MINES; Subpart O - Hoisting and Mantrips; eCFR as of 2026-10-01
cfr30-75.1432	75.1432 Initial measurement.	https://www.ecfr.gov/on/2026-10-01/title-30/section-75.1432	us-gov-public-domain	30 CFR 75.1432; PART 75 - MANDATORY SAFETY STANDARDS - UNDERGROUND COAL MINES; Subpart O - Hoisting and Mantrips; eCFR as of 2026-10-01
cfr30-75.1433	75.1433 Examinations.	https://www.ecfr.gov/on/2026-10-01/title-30/section-75.1433	us-gov-public-domain	30 CFR 75.1433; PART 75 - MANDATORY SAFETY STANDARDS - UNDERGROUND COAL MINES; Subpart O - Hoisting and Mantrips; eCFR as of 2026-10-01
cfr30-75.1434	75.1434 Retirement criteria.	https://www.ecfr.gov/on/2026-10-01/title-30/section-75.1434	us-gov-public-domain	30 CFR 75.1434; PART 75 - MANDATORY SAFETY STANDARDS - UNDERGROUND COAL MINES; Subpart O - Hoisting and Mantrips; eCFR as of 2026-10-01
cfr30-75.1435	75.1435 Load end attachments.	https://www.ecfr.gov/on/2026-10-01/title-30/section-75.1435	us-gov-public-domain	30 CFR 75.1435; PART 75 - MANDATORY SAFETY STANDARDS - UNDERGROUND COAL MINES; Subpart O - Hoisting and Mantrips; eCFR as of 2026-10-01
cfr30-75.1436	75.1436 Drum end attachment.	https://www.ecfr.gov/on/2026-10-01/title-30/section-75.1436	us-gov-public-domain	30 CFR 75.1436; PART 75 - MANDATORY SAFETY STANDARDS - UNDERGROUND COAL MINES; Subpart O - Hoisting and Mantrips; eCFR as of 2026-10-01
cfr30-75.1437	75.1437 End attachment retermination.	https://www.ecfr.gov/on/2026-10-01/title-30/section-75.1437	us-gov-public-domain	30 CFR 75.1437; PART 75 - MANDATORY SAFETY STANDARDS - UNDERGROUND COAL MINES; Subpart O - Hoisting and Mantrips; eCFR as of 2026-10-01
cfr30-75.1438	75.1438 End attachment replacement.	https://www.ecfr.gov/on/2026-10-01/title-30/section-75.1438	us-gov-public-domain	30 CFR 75.1438; PART 75 - MANDATORY SAFETY STANDARDS - UNDERGROUND COAL MINES; Subpart O - Hoisting and Mantrips; eCFR as of 2026-10-01
cfr30-75.1501	75.1501 Emergency evacuations.	https://www.ecfr.gov/on/2026-10-01/title-30/section-75.1501	us-gov-public-domain	30 CFR 75.1501; PART 75 - MANDATORY SAFETY STANDARDS - UNDERGROUND COAL MINES; Subpart P - Mine Emergencies; eCFR as of 2026-10-01
cfr30-75.1502	75.1502 Mine emergency evacuation and firefighting program of instruction.	https://www.ecfr.gov/on/2026-10-01/title-30/section-75.1502	us-gov-public-domain	30 CFR 75.1502; PART 75 - MANDATORY SAFETY STANDARDS - UNDERGROUND COAL MINES; Subpart P - Mine Emergencies; eCFR as of 2026-10-01
cfr30-75.1503	75.1503 Use of fire suppression equipment.	https://www.ecfr.gov/on/2026-10-01/title-30/section-75.1503	us-gov-public-domain	30 CFR 75.1503; PART 75 - MANDATORY SAFETY STANDARDS - UNDERGROUND COAL MINES; Subpart P - Mine Emergencies; eCFR as of 2026-10-01
cfr30-75.1504	75.1504 Mine emergency evacuation training and drills.	https://www.ecfr.gov/on/2026-10-01/title-30/section-75.1504	us-gov-public-domain	30 CFR 75.1504; PART 75 - MANDATORY SAFETY STANDARDS - UNDERGROUND COAL MINES; Subpart P - Mine Emergencies; eCFR as of 2026-10-01
cfr30-75.1505	75.1505 Escapeway maps.	https://www.ecfr.gov/on/2026-10-01/title-30/section-75.1505	us-gov-public-domain	30 CFR 75.1505; PART 75 - MANDATORY SAFETY STANDARDS - UNDERGROUND COAL MINES; Subpart P - Mine Emergencies; eCFR as of 2026-10-01
cfr30-75.1506	75.1506 Refuge alternatives.	https://www.ecfr.gov/on/2026-10-01/title-30/section-75.1506	us-gov-public-domain	30 CFR 75.1506; PART 75 - MANDATORY SAFETY STANDARDS - UNDERGROUND COAL MINES; Subpart P - Mine Emergencies; eCFR as of 2026-10-01
cfr30-75.1507	75.1507 Emergency Response Plan; refuge alternatives.	https://www.ecfr.gov/on/2026-10-01/title-30/section-75.1507	us-gov-public-domain	30 CFR 75.1507; PART 75 - MANDATORY SAFETY STANDARDS - UNDERGROUND COAL MINES; Subpart P - Mine Emergencies; eCFR as of 2026-10-01
cfr30-75.1508	75.1508 Training and records for examination, maintenance and repair of refuge alternatives and components.	https://www.ecfr.gov/on/2026-10-01/title-30/section-75.1508	us-gov-public-domain	30 CFR 75.1508; PART 75 - MANDATORY SAFETY STANDARDS - UNDERGROUND COAL MINES; Subpart P - Mine Emergencies; eCFR as of 2026-10-01
cfr30-75.1600	75.1600 Communications.	https://www.ecfr.gov/on/2026-10-01/title-30/section-75.1600	us-gov-public-domain	30 CFR 75.1600; PART 75 - MANDATORY SAFETY STANDARDS - UNDERGROUND COAL MINES; Subpart Q - Communications; eCFR as of 2026-10-01
cfr30-75.1600-1	75.1600-1 Communication facilities; main portals; installation requirements.	https://www.ecfr.gov/on/2026-10-01/title-30/section-75.1600-1	us-gov-public-domain	30 CFR 75.1600-1; PART 75 - MANDATORY SAFETY STANDARDS - UNDERGROUND COAL MINES; Subpart Q - Communications; eCFR as of 2026-10-01
cfr30-75.1600-2	75.1600-2 Communication facilities; working sections; installation and maintenance requirements; audible or visual alarms.	https://www.ecfr.gov/on/2026-10-01/title-30/section-75.1600-2	us-gov-public-domain	30 CFR 75.1600-2; PART 75 - MANDATORY SAFETY STANDARDS - UNDERGROUND COAL MINES; Subpart Q - Communications; eCFR as of 2026-10-01
cfr30-75.1600-3	75.1600-3 Communications facilities; refuge alternatives.	https://www.ecfr.gov/on/2026-10-01/title-30/section-75.1600-3	us-gov-public-domain	30 CFR 75.1600-3; PART 75 - MANDATORY SAFETY STANDARDS - UNDERGROUND COAL MINES; Subpart Q - Communications; eCFR as of 2026-10-01
cfr30-75.1700	75.1700 Oil and gas wells.	https://www.ecfr.gov/on/2026-10-01/title-30/section-75.1700	us-gov-public-domain	30 CFR 75.1700; PART 75 - MANDATORY SAFETY STANDARDS - UNDERGROUND COAL MINES; Subpart R - Miscellaneous; eCFR as of 2026-10-01
cfr30-75.1702	75.1702 Smoking; prohibition.	https://www.ecfr.gov/on/2026-10-01/title-30/section-75.1702	us-gov-public-domain	30 CFR 75.1702; PART 75 - MANDATORY SAFETY STANDARDS - UNDERGROUND COAL MINES; Subpart R - Miscellaneous; eCFR as of 2026-10-01
cfr30-75.1702-1	75.1702-1 Smoking programs.	https://www.ecfr.gov/on/2026-10-01/title-30/section-75.1702-1	us-gov-public-domain	30 CFR 75.1702-1; PART 75 - MANDATORY SAFETY STANDARDS - UNDERGROUND COAL MINES; Subpart R - Miscellaneous; eCFR as of 2026-10-01
cfr30-75.1703	75.1703 Portable electric lamps.	https://www.ecfr.gov/on/2026-10-01/title-30/section-75.1703	us-gov-public-domain	30 CFR 75.1703; PART 75 - MANDATORY SAFETY STANDARDS - UNDERGROUND COAL MINES; Subpart R - Miscellaneous; eCFR as of 2026-10-01
cfr30-75.1703-1	75.1703-1 Permissible lamps.	https://www.ecfr.gov/on/2026-10-01/title-30/section-75.1703-1	us-gov-public-domain	30 CFR 75.1703-1; PART 75 - MANDATORY SAFETY STANDARDS - UNDERGROUND COAL MINES; Subpart R - Miscellaneous; eCFR as of 2026-10-01
cfr30-75.1707-1	75.1707-1 New working section.	https://www.ecfr.gov/on/2026-10-01/title-30/section-75.1707-1	us-gov-public-domain	30 CFR 75.1707-1; PART 75 - MANDATORY SAFETY STANDARDS - UNDERGROUND COAL MINES; Subpart R - Miscellaneous; eCFR as of 2026-10-01
cfr30-75.1708	75.1708 Surface structures, fireproofing.	https://www.ecfr.gov/on/2026-10-01/title-30/section-75.1708	us-gov-public-domain	30 CFR 75.1708; PART 75 - MANDATORY SAFETY STANDARDS - UNDERGROUND COAL MINES; Subpart R - Miscellaneous; eCFR as of 2026-10-01
cfr30-75.1708-1	75.1708-1 Surface structures; fireproof construction.	https://www.ecfr.gov/on/2026-10-01/title-30/section-75.1708-1	us-gov-public-domain	30 CFR 75.1708-1; PART 75 - MANDATORY SAFETY STANDARDS - UNDERGROUND COAL MINES; Subpart R - Miscellaneous; eCFR as of 2026-10-01
cfr30-75.1709	75.1709 Accumulations of methane and coal dust on surface coal-handling facilities.	https://www.ecfr.gov/on/2026-10-01/title-30/section-75.1709	us-gov-public-domain	30 CFR 75.1709; PART 75 - MANDATORY SAFETY STANDARDS - UNDERGROUND COAL MINES; Subpart R - Miscellaneous; eCFR as of 2026-10-01
cfr30-75.1710	75.1710 Canopies or cabs; diesel-powered and electric face equipment.	https://www.ecfr.gov/on/2026-10-01/title-30/section-75.1710	us-gov-public-domain	30 CFR 75.1710; PART 75 - MANDATORY SAFETY STANDARDS - UNDERGROUND COAL MINES; Subpart R - Miscellaneous; eCFR as of 2026-10-01
cfr30-75.1710-1	75.1710-1 Canopies or cabs; self-propelled diesel-powered and electric face equipment; installation requirements.	https://www.ecfr.gov/on/2026-10-01/title-30/section-75.1710-1	us-gov-public-domain	30 CFR 75.1710-1; PART 75 - MANDATORY SAFETY STANDARDS - UNDERGROUND COAL MINES; Subpart R - Miscellaneous; eCFR as of 2026-10-01
cfr30-75.1711	75.1711 Sealing of mines.	https://www.ecfr.gov/on/2026-10-01/title-30/section-75.1711	us-gov-public-domain	30 CFR 75.1711; PART 75 - MANDATORY SAFETY STANDARDS - UNDERGROUND COAL MINES; Subpart R - Miscellaneous; eCFR as of 2026-10-01
cfr30-75.1711-1	75.1711-1 Sealing of shaft openings.	https://www.ecfr.gov/on/2026-10-01/title-30/section-75.1711-1	us-gov-public-domain	30 CFR 75.1711-1; PART 75 - MANDATORY SAFETY STANDARDS - UNDERGROUND COAL MINES; Subpart R - Miscellaneous; eCFR as of 2026-10-01
cfr30-75.1711-2	75.1711-2 Sealing of slope or drift openings.	https://www.ecfr.gov/on/2026-10-01/title-30/section-75.1711-2	us-gov-public-domain	30 CFR 75.1711-2; PART 75 - MANDATORY SAFETY STANDARDS - UNDERGROUND COAL MINES; Subpart R - Miscellaneous; eCFR as of 2026-10-01
cfr30-75.1711-3	75.1711-3 Openings of active mines.	https://www.ecfr.gov/on/2026-10-01/title-30/section-75.1711-3	us-gov-public-domain	30 CFR 75.1711-3; PART 75 - MANDATORY SAFETY STANDARDS - UNDERGROUND COAL MINES; Subpart R - Miscellaneous; eCFR as of 2026-10-01
cfr30-75.1712	75.1712 Bath houses and toilet facilities.	https://www.ecfr.gov/on/2026-10-01/title-30/section-75.1712	us-gov-public-domain	30 CFR 75.1712; PART 75 - MANDATORY SAFETY STANDARDS - UNDERGROUND COAL MINES; Subpart R - Miscellaneous; eCFR as of 2026-10-01
cfr30-75.1712-1	75.1712-1 Availability of surface bathing facilities; change rooms; and sanitary facilities.	https://www.ecfr.gov/on/2026-10-01/title-30/section-75.1712-1	us-gov-public-domain	30 CFR 75.1712-1; PART 75 - MANDATORY SAFETY STANDARDS - UNDERGROUND COAL MINES; Subpart R - Miscellaneous; eCFR as of 2026-10-01
cfr30-75.1712-2	75.1712-2 Location of surface facilities.	https://www.ecfr.gov/on/2026-10-01/title-30/section-75.1712-2	us-gov-public-domain	30 CFR 75.1712-2; PART 75 - MANDATORY SAFETY STANDARDS - UNDERGROUND COAL MINES; Subpart R - Miscellaneous; eCFR as of 2026-10-01
cfr30-75.1712-3	75.1712-3 Minimum requirements of surface bathing facilities, change rooms, and sanitary toilet facilities.	https://www.ecfr.gov/on/2026-10-01/title-30/section-75.1712-3	us-gov-public-domain	30 CFR 75.1712-3; PART 75 - MANDATORY SAFETY STANDARDS - UNDERGROUND COAL MINES; Subpart R - Miscellaneous; eCFR as of 2026-10-01
cfr30-75.1712-4	75.1712-4 Waiver of surface facilities requirements.	https://www.ecfr.gov/on/2026-10-01/title-30/section-75.1712-4	us-gov-public-domain	30 CFR 75.1712-4; PART 75 - MANDATORY SAFETY STANDARDS - UNDERGROUND COAL MINES; Subpart R - Miscellaneous; eCFR as of 2026-10-01
cfr30-75.1712-5	75.1712-5 Application for waiver of surface facilities.	https://www.ecfr.gov/on/2026-10-01/title-30/section-75.1712-5	us-gov-public-domain	30 CFR 75.1712-5; PART 75 - MANDATORY SAFETY STANDARDS - UNDERGROUND COAL MINES; Subpart R - Miscellaneous; eCFR as of 2026-10-01
cfr30-75.1712-6	75.1712-6 Underground sanitary facilities; installation and maintenance.	https://www.ecfr.gov/on/2026-10-01/title-30/section-75.1712-6	us-gov-public-domain	30 CFR 75.1712-6; PART 75 - MANDATORY SAFETY STANDARDS - UNDERGROUND COAL MINES; Subpart R - Miscellaneous; eCFR as of 2026-10-01
cfr30-75.1712-7	75.1712-7 Underground sanitary facilities; waiver of requirements.	https://www.ecfr.gov/on/2026-10-01/title-30/section-75.1712-7	us-gov-public-domain	30 CFR 75.1712-7; PART 75 - MANDATORY SAFETY STANDARDS - UNDERGROUND COAL MINES; Subpart R - Miscellaneous; eCFR as of 2026-10-01
cfr30-75.1712-8	75.1712-8 Application for waiver of location requirements for underground sanitary facilities.	https://www.ecfr.gov/on/2026-10-01/title-30/section-75.1712-8	us-gov-public-domain	30 CFR 75.1712-8; PART 75 - MANDATORY SAFETY STANDARDS - UNDERGROUND COAL MINES; Subpart R - Miscellaneous; eCFR as of 2026-10-01
cfr30-75.1712-9	75.1712-9 Issuance of waivers.	https://www.ecfr.gov/on/2026-10-01/title-30/section-75.1712-9	us-gov-public-domain	30 CFR 75.1712-9; PART 75 - MANDATORY SAFETY STANDARDS - UNDERGROUND COAL MINES; Subpart R - Miscellaneous; eCFR as of 2026-10-01
cfr30-75.1712-10	75.1712-10 Underground sanitary facilities; maintenance.	https://www.ecfr.gov/on/2026-10-01/title-30/section-75.1712-10	us-gov-public-domain	30 CFR 75.1712-10; PART 75 - MANDATORY SAFETY STANDARDS - UNDERGROUND COAL MINES; Subpart R - Miscellaneous; eCFR as of 2026-10-01
cfr30-75.1713	75.1713 Emergency medical assistance; first-aid.	https://www.ecfr.gov/on/2026-10-01/title-30/section-75.1713	us-gov-public-domain	30 CFR 75.1713; PART 75 - MANDATORY SAFETY STANDARDS - UNDERGROUND COAL MINES; Subpart R - Miscellaneous; eCFR as of 2026-10-01
cfr30-75.1713-1	75.1713-1 Arrangements for emergency medical assistance and transportation for injured persons; agreements; reporting requirements; posting requirements.	https://www.ecfr.gov/on/2026-10-01/title-30/section-75.1713-1	us-gov-public-domain	30 CFR 75.1713-1; PART 75 - MANDATORY SAFETY STANDARDS - UNDERGROUND COAL MINES; Subpart R - Miscellaneous; eCFR as of 2026-10-01
cfr30-75.1713-2	75.1713-2 Emergency communications; requirements.	https://www.ecfr.gov/on/2026-10-01/title-30/section-75.1713-2	us-gov-public-domain	30 CFR 75.1713-2; PART 75 - MANDATORY SAFETY STANDARDS - UNDERGROUND COAL MINES; Subpart R - Miscellaneous; eCFR as of 2026-10-01
cfr30-75.1713-3	75.1713-3 First-Aid training; supervisory employees.	https://www.ecfr.gov/on/2026-10-01/title-30/section-75.1713-3	us-gov-public-domain	30 CFR 75.1713-3; PART 75 - MANDATORY SAFETY STANDARDS - UNDERGROUND COAL MINES; Subpart R - Miscellaneous; eCFR as of 2026-10-01
cfr30-75.1713-4	75.1713-4 First-aid training program; availability of instruction to all miners.	https://www.ecfr.gov/on/2026-10-01/title-30/section-75.1713-4	us-gov-public-domain	30 CFR 75.1713-4; PART 75 - MANDATORY SAFETY STANDARDS - UNDERGROUND COAL MINES; Subpart R - Miscellaneous; eCFR as of 2026-10-01
cfr30-75.1713-5	75.1713-5 First-aid training program; retraining of supervisory employees; availability to all miners.	https://www.ecfr.gov/on/2026-10-01/title-30/section-75.1713-5	us-gov-public-domain	30 CFR 75.1713-5; PART 75 - MANDATORY SAFETY STANDARDS - UNDERGROUND COAL MINES; Subpart R - Miscellaneous; eCFR as of 2026-10-01
cfr30-75.1713-6	75.1713-6 First-aid training program; minimum requirements.	https://www.ecfr.gov/on/2026-10-01/title-30/section-75.1713-6	us-gov-public-domain	30 CFR 75.1713-6; PART 75 - MANDATORY SAFETY STANDARDS - UNDERGROUND COAL MINES; Subpart R - Miscellaneous; eCFR as of 2026-10-01
cfr30-75.1713-7	75.1713-7 First-aid equipment; location; minimum requirements.	https://www.ecfr.gov/on/2026-10-01/title-30/section-75.1713-7	us-gov-public-domain	30 CFR 75.1713-7; PART 75 - MANDATORY SAFETY STANDARDS - UNDERGROUND COAL MINES; Subpart R - Miscellaneous; eCFR as of 2026-10-01
cfr30-75.1714	75.1714 Availability of approved self-rescue devices; instruction in use and location.	https://www.ecfr.gov/on/2026-10-01/title-30/section-75.1714	us-gov-public-domain	30 CFR 75.1714; PART 75 - MANDATORY SAFETY STANDARDS - UNDERGROUND COAL MINES; Subpart R - Miscellaneous; eCFR as of 2026-10-01
cfr30-75.1714-1	75.1714-1 Approved self-rescue devices.	https://www.ecfr.gov/on/2026-10-01/title-30/section-75.1714-1	us-gov-public-domain	30 CFR 75.1714-1; PART 75 - MANDATORY SAFETY STANDARDS - UNDERGROUND COAL MINES; Subpart R - Miscellaneous; eCFR as of 2026-10-01
cfr30-75.1714-2	75.1714-2 Self-rescue devices; use and location requirements.	https://www.ecfr.gov/on/2026-10-01/title-30/section-75.1714-2	us-gov-public-domain	30 CFR 75.1714-2; PART 75 - MANDATORY SAFETY STANDARDS - UNDERGROUND COAL MINES; Subpart R - Miscellaneous; eCFR as of 2026-10-01
cfr30-75.1714-3	75.1714-3 Self-rescue devices; inspection, testing, maintenance, repair, and recordkeeping.	https://www.ecfr.gov/on/2026-10-01/title-30/section-75.1714-3	us-gov-public-domain	30 CFR 75.1714-3; PART 75 - MANDATORY SAFETY STANDARDS - UNDERGROUND COAL MINES; Subpart R - Miscellaneous; eCFR as of 2026-10-01
cfr30-75.1714-4	75.1714-4 Additional self-contained self-rescuers (SCSRs).	https://www.ecfr.gov/on/2026-10-01/title-30/section-75.1714-4	us-gov-public-domain	30 CFR 75.1714-4; PART 75 - MANDATORY SAFETY STANDARDS - UNDERGROUND COAL MINES; Subpart R - Miscellaneous; eCFR as of 2026-10-01
cfr30-75.1714-5	75.1714-5 Map locations of self-contained self-rescuers (SCSR).	https://www.ecfr.gov/on/2026-10-01/title-30/section-75.1714-5	us-gov-public-domain	30 CFR 75.1714-5; PART 75 - MANDATORY SAFETY STANDARDS - UNDERGROUND COAL MINES; Subpart R - Miscellaneous; eCFR as of 2026-10-01
cfr30-75.1714-6	75.1714-6 Emergency tethers.	https://www.ecfr.gov/on/2026-10-01/title-30/section-75.1714-6	us-gov-public-domain	30 CFR 75.1714-6; PART 75 - MANDATORY SAFETY STANDARDS - UNDERGROUND COAL MINES; Subpart R - Miscellaneous; eCFR as of 2026-10-01
cfr30-75.1714-7	75.1714-7 Multi-gas detectors.	https://www.ecfr.gov/on/2026-10-01/title-30/section-75.1714-7	us-gov-public-domain	30 CFR 75.1714-7; PART 75 - MANDATORY SAFETY STANDARDS - UNDERGROUND COAL MINES; Subpart R - Miscellaneous; eCFR as of 2026-10-01
cfr30-75.1714-8	75.1714-8 Reporting SCSR inventory and malfunctions; retention of SCSRs.	https://www.ecfr.gov/on/2026-10-01/title-30/section-75.1714-8	us-gov-public-domain	30 CFR 75.1714-8; PART 75 - MANDATORY SAFETY STANDARDS - UNDERGROUND COAL MINES; Subpart R - Miscellaneous; eCFR as of 2026-10-01
cfr30-75.1715	75.1715 Identification check system.	https://www.ecfr.gov/on/2026-10-01/title-30/section-75.1715	us-gov-public-domain	30 CFR 75.1715; PART 75 - MANDATORY SAFETY STANDARDS - UNDERGROUND COAL MINES; Subpart R - Miscellaneous; eCFR as of 2026-10-01
cfr30-75.1716	75.1716 Operations under water.	https://www.ecfr.gov/on/2026-10-01/title-30/section-75.1716	us-gov-public-domain	30 CFR 75.1716; PART 75 - MANDATORY SAFETY STANDARDS - UNDERGROUND COAL MINES; Subpart R - Miscellaneous; eCFR as of 2026-10-01
cfr30-75.1716-1	75.1716-1 Operations under water; notification by operator.	https://www.ecfr.gov/on/2026-10-01/title-30/section-75.1716-1	us-gov-public-domain	30 CFR 75.1716-1; PART 75 - MANDATORY SAFETY STANDARDS - UNDERGROUND COAL MINES; Subpart R - Miscellaneous; eCFR as of 2026-10-01
cfr30-75.1716-2	75.1716-2 Permit required.	https://www.ecfr.gov/on/2026-10-01/title-30/section-75.1716-2	us-gov-public-domain	30 CFR 75.1716-2; PART 75 - MANDATORY SAFETY STANDARDS - UNDERGROUND COAL MINES; Subpart R - Miscellaneous; eCFR as of 2026-10-01
cfr30-75.1716-3	75.1716-3 Applications for permits.	https://www.ecfr.gov/on/2026-10-01/title-30/section-75.1716-3	us-gov-public-domain	30 CFR 75.1716-3; PART 75 - MANDATORY SAFETY STANDARDS - UNDERGROUND COAL MINES; Subpart R - Miscellaneous; eCFR as of 2026-10-01
cfr30-75.1716-4	75.1716-4 Issuance of permits.	https://www.ecfr.gov/on/2026-10-01/title-30/section-75.1716-4	us-gov-public-domain	30 CFR 75.1716-4; PART 75 - MANDATORY SAFETY STANDARDS - UNDERGROUND COAL MINES; Subpart R - Miscellaneous; eCFR as of 2026-10-01
cfr30-75.1717	75.1717 Exemptions.	https://www.ecfr.gov/on/2026-10-01/title-30/section-75.1717	us-gov-public-domain	30 CFR 75.1717; PART 75 - MANDATORY SAFETY STANDARDS - UNDERGROUND COAL MINES; Subpart R - Miscellaneous; eCFR as of 2026-10-01
cfr30-75.1718	75.1718 Drinking water.	https://www.ecfr.gov/on/2026-10-01/title-30/section-75.1718	us-gov-public-domain	30 CFR 75.1718; PART 75 - MANDATORY SAFETY STANDARDS - UNDERGROUND COAL MINES; Subpart R - Miscellaneous; eCFR as of 2026-10-01
cfr30-75.1718-1	75.1718-1 Drinking water; quality.	https://www.ecfr.gov/on/2026-10-01/title-30/section-75.1718-1	us-gov-public-domain	30 CFR 75.1718-1; PART 75 - MANDATORY SAFETY STANDARDS - UNDERGROUND COAL MINES; Subpart R - Miscellaneous; eCFR as of 2026-10-01
cfr30-75.1719	75.1719 Illumination; purpose and scope of §§ 75.1719 through 75.1719-4; time for compliance.	https://www.ecfr.gov/on/2026-10-01/title-30/section-75.1719	us-gov-public-domain	30 CFR 75.1719; PART 75 - MANDATORY SAFETY STANDARDS - UNDERGROUND COAL MINES; Subpart R - Miscellaneous; eCFR as of 2026-10-01
cfr30-75.1719-1	75.1719-1 Illumination in working places.	https://www.ecfr.gov/on/2026-10-01/title-30/section-75.1719-1	us-gov-public-domain	30 CFR 75.1719-1; PART 75 - MANDATORY SAFETY STANDARDS - UNDERGROUND COAL MINES; Subpart R - Miscellaneous; eCFR as of 2026-10-01
cfr30-75.1719-2	75.1719-2 Lighting fixtures; requirements.	https://www.ecfr.gov/on/2026-10-01/title-30/section-75.1719-2	us-gov-public-domain	30 CFR 75.1719-2; PART 75 - MANDATORY SAFETY STANDARDS - UNDERGROUND COAL MINES; Subpart R - Miscellaneous; eCFR as of 2026-10-01; reviewed: US government work, "Copyright protection under this title is not available for any work of the United States Government" (17 U.S.C. 105); the name IEEE only identifies a standard or body that the rule cites, and no text of that standard is reproduced
cfr30-75.1719-3	75.1719-3 Methods of measurement; light measuring instruments.	https://www.ecfr.gov/on/2026-10-01/title-30/section-75.1719-3	us-gov-public-domain	30 CFR 75.1719-3; PART 75 - MANDATORY SAFETY STANDARDS - UNDERGROUND COAL MINES; Subpart R - Miscellaneous; eCFR as of 2026-10-01
cfr30-75.1719-4	75.1719-4 Mining machines, cap lamps; requirements.	https://www.ecfr.gov/on/2026-10-01/title-30/section-75.1719-4	us-gov-public-domain	30 CFR 75.1719-4; PART 75 - MANDATORY SAFETY STANDARDS - UNDERGROUND COAL MINES; Subpart R - Miscellaneous; eCFR as of 2026-10-01
cfr30-75.1720	75.1720 Protective clothing; requirements.	https://www.ecfr.gov/on/2026-10-01/title-30/section-75.1720	us-gov-public-domain	30 CFR 75.1720; PART 75 - MANDATORY SAFETY STANDARDS - UNDERGROUND COAL MINES; Subpart R - Miscellaneous; eCFR as of 2026-10-01
cfr30-75.1720-1	75.1720-1 Distinctively colored hard hats, or hard caps; identification for newly employed, inexperienced miners.	https://www.ecfr.gov/on/2026-10-01/title-30/section-75.1720-1	us-gov-public-domain	30 CFR 75.1720-1; PART 75 - MANDATORY SAFETY STANDARDS - UNDERGROUND COAL MINES; Subpart R - Miscellaneous; eCFR as of 2026-10-01
cfr30-75.1721	75.1721 Opening of new underground coal mines, or reopening and reactivating of abandoned or deactivated coal mines, notification by the operator; requirements.	https://www.ecfr.gov/on/2026-10-01/title-30/section-75.1721	us-gov-public-domain	30 CFR 75.1721; PART 75 - MANDATORY SAFETY STANDARDS - UNDERGROUND COAL MINES; Subpart R - Miscellaneous; eCFR as of 2026-10-01
cfr30-75.1722	75.1722 Mechanical equipment guards.	https://www.ecfr.gov/on/2026-10-01/title-30/section-75.1722	us-gov-public-domain	30 CFR 75.1722; PART 75 - MANDATORY SAFETY STANDARDS - UNDERGROUND COAL MINES; Subpart R - Miscellaneous; eCFR as of 2026-10-01
cfr30-75.1723	75.1723 Stationary grinding machines; protective devices.	https://www.ecfr.gov/on/2026-10-01/title-30/section-75.1723	us-gov-public-domain	30 CFR 75.1723; PART 75 - MANDATORY SAFETY STANDARDS - UNDERGROUND COAL MINES; Subpart R - Miscellaneous; eCFR as of 2026-10-01
cfr30-75.1724	75.1724 Hand-held power tools; safety devices.	https://www.ecfr.gov/on/2026-10-01/title-30/section-75.1724	us-gov-public-domain	30 CFR 75.1724; PART 75 - MANDATORY SAFETY STANDARDS - UNDERGROUND COAL MINES; Subpart R - Miscellaneous; eCFR as of 2026-10-01
cfr30-75.1725	75.1725 Machinery and equipment; operation and maintenance.	https://www.ecfr.gov/on/2026-10-01/title-30/section-75.1725	us-gov-public-domain	30 CFR 75.1725; PART 75 - MANDATORY SAFETY STANDARDS - UNDERGROUND COAL MINES; Subpart R - Miscellaneous; eCFR as of 2026-10-01
cfr30-75.1726	75.1726 Performing work from a raised position; safeguards.	https://www.ecfr.gov/on/2026-10-01/title-30/section-75.1726	us-gov-public-domain	30 CFR 75.1726; PART 75 - MANDATORY SAFETY STANDARDS - UNDERGROUND COAL MINES; Subpart R - Miscellaneous; eCFR as of 2026-10-01
cfr30-75.1727	75.1727 Drive belts.	https://www.ecfr.gov/on/2026-10-01/title-30/section-75.1727	us-gov-public-domain	30 CFR 75.1727; PART 75 - MANDATORY SAFETY STANDARDS - UNDERGROUND COAL MINES; Subpart R - Miscellaneous; eCFR as of 2026-10-01
cfr30-75.1728	75.1728 Power-driven pulleys.	https://www.ecfr.gov/on/2026-10-01/title-30/section-75.1728	us-gov-public-domain	30 CFR 75.1728; PART 75 - MANDATORY SAFETY STANDARDS - UNDERGROUND COAL MINES; Subpart R - Miscellaneous; eCFR as of 2026-10-01
cfr30-75.1729	75.1729 Welding operations.	https://www.ecfr.gov/on/2026-10-01/title-30/section-75.1729	us-gov-public-domain	30 CFR 75.1729; PART 75 - MANDATORY SAFETY STANDARDS - UNDERGROUND COAL MINES; Subpart R - Miscellaneous; eCFR as of 2026-10-01
cfr30-75.1730	75.1730 Compressed air; general; compressed air systems.	https://www.ecfr.gov/on/2026-10-01/title-30/section-75.1730	us-gov-public-domain	30 CFR 75.1730; PART 75 - MANDATORY SAFETY STANDARDS - UNDERGROUND COAL MINES; Subpart R - Miscellaneous; eCFR as of 2026-10-01
cfr30-75.1731	75.1731 Maintenance of belt conveyors and belt conveyor entries.	https://www.ecfr.gov/on/2026-10-01/title-30/section-75.1731	us-gov-public-domain	30 CFR 75.1731; PART 75 - MANDATORY SAFETY STANDARDS - UNDERGROUND COAL MINES; Subpart R - Miscellaneous; eCFR as of 2026-10-01
cfr30-75.1732	75.1732 Proximity detection systems.	https://www.ecfr.gov/on/2026-10-01/title-30/section-75.1732	us-gov-public-domain	30 CFR 75.1732; PART 75 - MANDATORY SAFETY STANDARDS - UNDERGROUND COAL MINES; Subpart R - Miscellaneous; eCFR as of 2026-10-01
cfr30-75.1900	75.1900 Definitions.	https://www.ecfr.gov/on/2026-10-01/title-30/section-75.1900	us-gov-public-domain	30 CFR 75.1900; PART 75 - MANDATORY SAFETY STANDARDS - UNDERGROUND COAL MINES; Subpart T - Diesel-Powered Equipment; eCFR as of 2026-10-01; reviewed: US government work, "Copyright protection under this title is not available for any work of the United States Government" (17 U.S.C. 105); the name ASTM only identifies a standard or body that the rule cites, and no text of that standard is reproduced
cfr30-75.1901	75.1901 Diesel fuel requirements.	https://www.ecfr.gov/on/2026-10-01/title-30/section-75.1901	us-gov-public-domain	30 CFR 75.1901; PART 75 - MANDATORY SAFETY STANDARDS - UNDERGROUND COAL MINES; Subpart T - Diesel-Powered Equipment; eCFR as of 2026-10-01
cfr30-75.1902	75.1902 Underground diesel fuel storage—general requirements.	https://www.ecfr.gov/on/2026-10-01/title-30/section-75.1902	us-gov-public-domain	30 CFR 75.1902; PART 75 - MANDATORY SAFETY STANDARDS - UNDERGROUND COAL MINES; Subpart T - Diesel-Powered Equipment; eCFR as of 2026-10-01
cfr30-75.1903	75.1903 Underground diesel fuel storage facilities and areas; construction and safety precautions.	https://www.ecfr.gov/on/2026-10-01/title-30/section-75.1903	us-gov-public-domain	30 CFR 75.1903; PART 75 - MANDATORY SAFETY STANDARDS - UNDERGROUND COAL MINES; Subpart T - Diesel-Powered Equipment; eCFR as of 2026-10-01
cfr30-75.1904	75.1904 Underground diesel fuel tanks and safety cans.	https://www.ecfr.gov/on/2026-10-01/title-30/section-75.1904	us-gov-public-domain	30 CFR 75.1904; PART 75 - MANDATORY SAFETY STANDARDS - UNDERGROUND COAL MINES; Subpart T - Diesel-Powered Equipment; eCFR as of 2026-10-01
cfr30-75.1905	75.1905 Dispensing of diesel fuel.	https://www.ecfr.gov/on/2026-10-01/title-30/section-75.1905	us-gov-public-domain	30 CFR 75.1905; PART 75 - MANDATORY SAFETY STANDARDS - UNDERGROUND COAL MINES; Subpart T - Diesel-Powered Equipment; eCFR as of 2026-10-01
cfr30-75.1905-1	75.1905-1 Diesel fuel piping systems.	https://www.ecfr.gov/on/2026-10-01/title-30/section-75.1905-1	us-gov-public-domain	30 CFR 75.1905-1; PART 75 - MANDATORY SAFETY STANDARDS - UNDERGROUND COAL MINES; Subpart T - Diesel-Powered Equipment; eCFR as of 2026-10-01
cfr30-75.1906	75.1906 Transport of diesel fuel.	https://www.ecfr.gov/on/2026-10-01/title-30/section-75.1906	us-gov-public-domain	30 CFR 75.1906; PART 75 - MANDATORY SAFETY STANDARDS - UNDERGROUND COAL MINES; Subpart T - Diesel-Powered Equipment; eCFR as of 2026-10-01
cfr30-75.1907	75.1907 Diesel-powered equipment intended for use in underground coal mines.	https://www.ecfr.gov/on/2026-10-01/title-30/section-75.1907	us-gov-public-domain	30 CFR 75.1907; PART 75 - MANDATORY SAFETY STANDARDS - UNDERGROUND COAL MINES; Subpart T - Diesel-Powered Equipment; eCFR as of 2026-10-01
cfr30-75.1908	75.1908 Nonpermissible diesel-powered equipment; categories.	https://www.ecfr.gov/on/2026-10-01/title-30/section-75.1908	us-gov-public-domain	30 CFR 75.1908; PART 75 - MANDATORY SAFETY STANDARDS - UNDERGROUND COAL MINES; Subpart T - Diesel-Powered Equipment; eCFR as of 2026-10-01
cfr30-75.1909	75.1909 Nonpermissible diesel-powered equipment; design and performance requirements.	https://www.ecfr.gov/on/2026-10-01/title-30/section-75.1909	us-gov-public-domain	30 CFR 75.1909; PART 75 - MANDATORY SAFETY STANDARDS - UNDERGROUND COAL MINES; Subpart T - Diesel-Powered Equipment; eCFR as of 2026-10-01
cfr30-75.1910	75.1910 Nonpermissible diesel-powered equipment; electrical system design and performance requirements.	https://www.ecfr.gov/on/2026-10-01/title-30/section-75.1910	us-gov-public-domain	30 CFR 75.1910; PART 75 - MANDATORY SAFETY STANDARDS - UNDERGROUND COAL MINES; Subpart T - Diesel-Powered Equipment; eCFR as of 2026-10-01
cfr30-75.1911	75.1911 Fire suppression systems for diesel-powered equipment and fuel transportation units.	https://www.ecfr.gov/on/2026-10-01/title-30/section-75.1911	us-gov-public-domain	30 CFR 75.1911; PART 75 - MANDATORY SAFETY STANDARDS - UNDERGROUND COAL MINES; Subpart T - Diesel-Powered Equipment; eCFR as of 2026-10-01
cfr30-75.1912	75.1912 Fire suppression systems for permanent underground diesel fuel storage facilities.	https://www.ecfr.gov/on/2026-10-01/title-30/section-75.1912	us-gov-public-domain	30 CFR 75.1912; PART 75 - MANDATORY SAFETY STANDARDS - UNDERGROUND COAL MINES; Subpart T - Diesel-Powered Equipment; eCFR as of 2026-10-01
cfr30-75.1913	75.1913 Starting aids.	https://www.ecfr.gov/on/2026-10-01/title-30/section-75.1913	us-gov-public-domain	30 CFR 75.1913; PART 75 - MANDATORY SAFETY STANDARDS - UNDERGROUND COAL MINES; Subpart T - Diesel-Powered Equipment; eCFR as of 2026-10-01
cfr30-75.1914	75.1914 Maintenance of diesel-powered equipment.	https://www.ecfr.gov/on/2026-10-01/title-30/section-75.1914	us-gov-public-domain	30 CFR 75.1914; PART 75 - MANDATORY SAFETY STANDARDS - UNDERGROUND COAL MINES; Subpart T - Diesel-Powered Equipment; eCFR as of 2026-10-01
cfr30-75.1915	75.1915 Training and qualification of persons working on diesel-powered equipment.	https://www.ecfr.gov/on/2026-10-01/title-30/section-75.1915	us-gov-public-domain	30 CFR 75.1915; PART 75 - MANDATORY SAFETY STANDARDS - UNDERGROUND COAL MINES; Subpart T - Diesel-Powered Equipment; eCFR as of 2026-10-01
cfr30-75.1916	75.1916 Operation of diesel-powered equipment.	https://www.ecfr.gov/on/2026-10-01/title-30/section-75.1916	us-gov-public-domain	30 CFR 75.1916; PART 75 - MANDATORY SAFETY STANDARDS - UNDERGROUND COAL MINES; Subpart T - Diesel-Powered Equipment; eCFR as of 2026-10-01
cfr30-77.1	77.1 Scope.	https://www.ecfr.gov/on/2026-10-01/title-30/section-77.1	us-gov-public-domain	30 CFR 77.1; PART 77 - MANDATORY SAFETY STANDARDS, SURFACE COAL MINES AND SURFACE WORK AREAS OF UNDERGROUND COAL MINES; Subpart A - General; eCFR as of 2026-10-01
cfr30-77.2	77.2 Definitions.	https://www.ecfr.gov/on/2026-10-01/title-30/section-77.2	us-gov-public-domain	30 CFR 77.2; PART 77 - MANDATORY SAFETY STANDARDS, SURFACE COAL MINES AND SURFACE WORK AREAS OF UNDERGROUND COAL MINES; Subpart A - General; eCFR as of 2026-10-01
cfr30-77.100	77.100 Certified person.	https://www.ecfr.gov/on/2026-10-01/title-30/section-77.100	us-gov-public-domain	30 CFR 77.100; PART 77 - MANDATORY SAFETY STANDARDS, SURFACE COAL MINES AND SURFACE WORK AREAS OF UNDERGROUND COAL MINES; Subpart B - Qualified and Certified Persons; eCFR as of 2026-10-01
cfr30-77.101	77.101 Tests for methane and for oxygen deficiency; qualified person.	https://www.ecfr.gov/on/2026-10-01/title-30/section-77.101	us-gov-public-domain	30 CFR 77.101; PART 77 - MANDATORY SAFETY STANDARDS, SURFACE COAL MINES AND SURFACE WORK AREAS OF UNDERGROUND COAL MINES; Subpart B - Qualified and Certified Persons; eCFR as of 2026-10-01
cfr30-77.102	77.102 Tests for methane; oxygen deficiency; qualified person, additional requirement.	https://www.ecfr.gov/on/2026-10-01/title-30/section-77.102	us-gov-public-domain	30 CFR 77.102; PART 77 - MANDATORY SAFETY STANDARDS, SURFACE COAL MINES AND SURFACE WORK AREAS OF UNDERGROUND COAL MINES; Subpart B - Qualified and Certified Persons; eCFR as of 2026-10-01
cfr30-77.103	77.103 Electrical work; qualified person.	https://www.ecfr.gov/on/2026-10-01/title-30/section-77.103	us-gov-public-domain	30 CFR 77.103; PART 77 - MANDATORY SAFETY STANDARDS, SURFACE COAL MINES AND SURFACE WORK AREAS OF UNDERGROUND COAL MINES; Subpart B - Qualified and Certified Persons; eCFR as of 2026-10-01
cfr30-77.104	77.104 Repair of energized surface high-voltage lines; qualified person.	https://www.ecfr.gov/on/2026-10-01/title-30/section-77.104	us-gov-public-domain	30 CFR 77.104; PART 77 - MANDATORY SAFETY STANDARDS, SURFACE COAL MINES AND SURFACE WORK AREAS OF UNDERGROUND COAL MINES; Subpart B - Qualified and Certified Persons; eCFR as of 2026-10-01
cfr30-77.105	77.105 Qualified hoistman; slope or shaft sinking operation; qualifications.	https://www.ecfr.gov/on/2026-10-01/title-30/section-77.105	us-gov-public-domain	30 CFR 77.105; PART 77 - MANDATORY SAFETY STANDARDS, SURFACE COAL MINES AND SURFACE WORK AREAS OF UNDERGROUND COAL MINES; Subpart B - Qualified and Certified Persons; eCFR as of 2026-10-01
cfr30-77.106	77.106 Records of certified and qualified persons.	https://www.ecfr.gov/on/2026-10-01/title-30/section-77.106	us-gov-public-domain	30 CFR 77.106; PART 77 - MANDATORY SAFETY STANDARDS, SURFACE COAL MINES AND SURFACE WORK AREAS OF UNDERGROUND COAL MINES; Subpart B - Qualified and Certified Persons; eCFR as of 2026-10-01
cfr30-77.107	77.107 Training programs.	https://www.ecfr.gov/on/2026-10-01/title-30/section-77.107	us-gov-public-domain	30 CFR 77.107; PART 77 - MANDATORY SAFETY STANDARDS, SURFACE COAL MINES AND SURFACE WORK AREAS OF UNDERGROUND COAL MINES; Subpart B - Qualified and Certified Persons; eCFR as of 2026-10-01
cfr30-77.107-1	77.107-1 Plans for training programs.	https://www.ecfr.gov/on/2026-10-01/title-30/section-77.107-1	us-gov-public-domain	30 CFR 77.107-1; PART 77 - MANDATORY SAFETY STANDARDS, SURFACE COAL MINES AND SURFACE WORK AREAS OF UNDERGROUND COAL MINES; Subpart B - Qualified and Certified Persons; eCFR as of 2026-10-01
cfr30-77.200	77.200 Surface installations; general.	https://www.ecfr.gov/on/2026-10-01/title-30/section-77.200	us-gov-public-domain	30 CFR 77.200; PART 77 - MANDATORY SAFETY STANDARDS, SURFACE COAL MINES AND SURFACE WORK AREAS OF UNDERGROUND COAL MINES; Subpart C - Surface Installations; eCFR as of 2026-10-01
cfr30-77.201	77.201 Methane content in surface installations.	https://www.ecfr.gov/on/2026-10-01/title-30/section-77.201	us-gov-public-domain	30 CFR 77.201; PART 77 - MANDATORY SAFETY STANDARDS, SURFACE COAL MINES AND SURFACE WORK AREAS OF UNDERGROUND COAL MINES; Subpart C - Surface Installations; eCFR as of 2026-10-01
cfr30-77.201-1	77.201-1 Tests for methane; qualified person; use of approved device.	https://www.ecfr.gov/on/2026-10-01/title-30/section-77.201-1	us-gov-public-domain	30 CFR 77.201-1; PART 77 - MANDATORY SAFETY STANDARDS, SURFACE COAL MINES AND SURFACE WORK AREAS OF UNDERGROUND COAL MINES; Subpart C - Surface Installations; eCFR as of 2026-10-01
cfr30-77.201-2	77.201-2 Methane accumulations; change in ventilation.	https://www.ecfr.gov/on/2026-10-01/title-30/section-77.201-2	us-gov-public-domain	30 CFR 77.201-2; PART 77 - MANDATORY SAFETY STANDARDS, SURFACE COAL MINES AND SURFACE WORK AREAS OF UNDERGROUND COAL MINES; Subpart C - Surface Installations; eCFR as of 2026-10-01
cfr30-77.202	77.202 Dust accumulations in surface installations.	https://www.ecfr.gov/on/2026-10-01/title-30/section-77.202	us-gov-public-domain	30 CFR 77.202; PART 77 - MANDATORY SAFETY STANDARDS, SURFACE COAL MINES AND SURFACE WORK AREAS OF UNDERGROUND COAL MINES; Subpart C - Surface Installations; eCFR as of 2026-10-01
cfr30-77.203	77.203 Use of material or equipment overhead; safeguards.	https://www.ecfr.gov/on/2026-10-01/title-30/section-77.203	us-gov-public-domain	30 CFR 77.203; PART 77 - MANDATORY SAFETY STANDARDS, SURFACE COAL MINES AND SURFACE WORK AREAS OF UNDERGROUND COAL MINES; Subpart C - Surface Installations; eCFR as of 2026-10-01
cfr30-77.204	77.204 Openings in surface installations; safeguards.	https://www.ecfr.gov/on/2026-10-01/title-30/section-77.204	us-gov-public-domain	30 CFR 77.204; PART 77 - MANDATORY SAFETY STANDARDS, SURFACE COAL MINES AND SURFACE WORK AREAS OF UNDERGROUND COAL MINES; Subpart C - Surface Installations; eCFR as of 2026-10-01
cfr30-77.205	77.205 Travelways at surface installations.	https://www.ecfr.gov/on/2026-10-01/title-30/section-77.205	us-gov-public-domain	30 CFR 77.205; PART 77 - MANDATORY SAFETY STANDARDS, SURFACE COAL MINES AND SURFACE WORK AREAS OF UNDERGROUND COAL MINES; Subpart C - Surface Installations; eCFR as of 2026-10-01
cfr30-77.206	77.206 Ladders; construction; installation and maintenance.	https://www.ecfr.gov/on/2026-10-01/title-30/section-77.206	us-gov-public-domain	30 CFR 77.206; PART 77 - MANDATORY SAFETY STANDARDS, SURFACE COAL MINES AND SURFACE WORK AREAS OF UNDERGROUND COAL MINES; Subpart C - Surface Installations; eCFR as of 2026-10-01
cfr30-77.207	77.207 Illumination.	https://www.ecfr.gov/on/2026-10-01/title-30/section-77.207	us-gov-public-domain	30 CFR 77.207; PART 77 - MANDATORY SAFETY STANDARDS, SURFACE COAL MINES AND SURFACE WORK AREAS OF UNDERGROUND COAL MINES; Subpart C - Surface Installations; eCFR as of 2026-10-01
cfr30-77.208	77.208 Storage of materials.	https://www.ecfr.gov/on/2026-10-01/title-30/section-77.208	us-gov-public-domain	30 CFR 77.208; PART 77 - MANDATORY SAFETY STANDARDS, SURFACE COAL MINES AND SURFACE WORK AREAS OF UNDERGROUND COAL MINES; Subpart C - Surface Installations; eCFR as of 2026-10-01
cfr30-77.209	77.209 Surge and storage piles.	https://www.ecfr.gov/on/2026-10-01/title-30/section-77.209	us-gov-public-domain	30 CFR 77.209; PART 77 - MANDATORY SAFETY STANDARDS, SURFACE COAL MINES AND SURFACE WORK AREAS OF UNDERGROUND COAL MINES; Subpart C - Surface Installations; eCFR as of 2026-10-01
cfr30-77.210	77.210 Hoisting of materials.	https://www.ecfr.gov/on/2026-10-01/title-30/section-77.210	us-gov-public-domain	30 CFR 77.210; PART 77 - MANDATORY SAFETY STANDARDS, SURFACE COAL MINES AND SURFACE WORK AREAS OF UNDERGROUND COAL MINES; Subpart C - Surface Installations; eCFR as of 2026-10-01
cfr30-77.211	77.211 Draw-off tunnels; stockpiling and reclaiming operations; general.	https://www.ecfr.gov/on/2026-10-01/title-30/section-77.211	us-gov-public-domain	30 CFR 77.211; PART 77 - MANDATORY SAFETY STANDARDS, SURFACE COAL MINES AND SURFACE WORK AREAS OF UNDERGROUND COAL MINES; Subpart C - Surface Installations; eCFR as of 2026-10-01
cfr30-77.211-1	77.211-1 Continuous methane monitoring device; installation and operation; automatic deenergization of electric equipment.	https://www.ecfr.gov/on/2026-10-01/title-30/section-77.211-1	us-gov-public-domain	30 CFR 77.211-1; PART 77 - MANDATORY SAFETY STANDARDS, SURFACE COAL MINES AND SURFACE WORK AREAS OF UNDERGROUND COAL MINES; Subpart C - Surface Installations; eCFR as of 2026-10-01
cfr30-77.212	77.212 Draw-off tunnel ventilation fans; installation.	https://www.ecfr.gov/on/2026-10-01/title-30/section-77.212	us-gov-public-domain	30 CFR 77.212; PART 77 - MANDATORY SAFETY STANDARDS, SURFACE COAL MINES AND SURFACE WORK AREAS OF UNDERGROUND COAL MINES; Subpart C - Surface Installations; eCFR as of 2026-10-01
cfr30-77.213	77.213 Draw-off tunnel escapeways.	https://www.ecfr.gov/on/2026-10-01/title-30/section-77.213	us-gov-public-domain	30 CFR 77.213; PART 77 - MANDATORY SAFETY STANDARDS, SURFACE COAL MINES AND SURFACE WORK AREAS OF UNDERGROUND COAL MINES; Subpart C - Surface Installations; eCFR as of 2026-10-01
cfr30-77.214	77.214 Refuse piles; general.	https://www.ecfr.gov/on/2026-10-01/title-30/section-77.214	us-gov-public-domain	30 CFR 77.214; PART 77 - MANDATORY SAFETY STANDARDS, SURFACE COAL MINES AND SURFACE WORK AREAS OF UNDERGROUND COAL MINES; Subpart C - Surface Installations; eCFR as of 2026-10-01
cfr30-77.215	77.215 Refuse piles; construction requirements.	https://www.ecfr.gov/on/2026-10-01/title-30/section-77.215	us-gov-public-domain	30 CFR 77.215; PART 77 - MANDATORY SAFETY STANDARDS, SURFACE COAL MINES AND SURFACE WORK AREAS OF UNDERGROUND COAL MINES; Subpart C - Surface Installations; eCFR as of 2026-10-01
cfr30-77.215-1	77.215-1 Refuse piles; identification.	https://www.ecfr.gov/on/2026-10-01/title-30/section-77.215-1	us-gov-public-domain	30 CFR 77.215-1; PART 77 - MANDATORY SAFETY STANDARDS, SURFACE COAL MINES AND SURFACE WORK AREAS OF UNDERGROUND COAL MINES; Subpart C - Surface Installations; eCFR as of 2026-10-01
cfr30-77.215-2	77.215-2 Refuse piles; reporting requirements.	https://www.ecfr.gov/on/2026-10-01/title-30/section-77.215-2	us-gov-public-domain	30 CFR 77.215-2; PART 77 - MANDATORY SAFETY STANDARDS, SURFACE COAL MINES AND SURFACE WORK AREAS OF UNDERGROUND COAL MINES; Subpart C - Surface Installations; eCFR as of 2026-10-01
cfr30-77.215-3	77.215-3 Refuse piles: certification.	https://www.ecfr.gov/on/2026-10-01/title-30/section-77.215-3	us-gov-public-domain	30 CFR 77.215-3; PART 77 - MANDATORY SAFETY STANDARDS, SURFACE COAL MINES AND SURFACE WORK AREAS OF UNDERGROUND COAL MINES; Subpart C - Surface Installations; eCFR as of 2026-10-01
cfr30-77.215-4	77.215-4 Refuse piles; abandonment.	https://www.ecfr.gov/on/2026-10-01/title-30/section-77.215-4	us-gov-public-domain	30 CFR 77.215-4; PART 77 - MANDATORY SAFETY STANDARDS, SURFACE COAL MINES AND SURFACE WORK AREAS OF UNDERGROUND COAL MINES; Subpart C - Surface Installations; eCFR as of 2026-10-01
cfr30-77.216	77.216 Water, sediment, or slurry impoundments and impounding structures; general.	https://www.ecfr.gov/on/2026-10-01/title-30/section-77.216	us-gov-public-domain	30 CFR 77.216; PART 77 - MANDATORY SAFETY STANDARDS, SURFACE COAL MINES AND SURFACE WORK AREAS OF UNDERGROUND COAL MINES; Subpart C - Surface Installations; eCFR as of 2026-10-01
cfr30-77.216-1	77.216-1 Water, sediment or slurry impoundments and impounding structures; identification.	https://www.ecfr.gov/on/2026-10-01/title-30/section-77.216-1	us-gov-public-domain	30 CFR 77.216-1; PART 77 - MANDATORY SAFETY STANDARDS, SURFACE COAL MINES AND SURFACE WORK AREAS OF UNDERGROUND COAL MINES; Subpart C - Surface Installations; eCFR as of 2026-10-01
cfr30-77.216-2	77.216-2 Water, sediment, or slurry impoundments and impounding structures; minimum plan requirements; changes or modifications; certification.	https://www.ecfr.gov/on/2026-10-01/title-30/section-77.216-2	us-gov-public-domain	30 CFR 77.216-2; PART 77 - MANDATORY SAFETY STANDARDS, SURFACE COAL MINES AND SURFACE WORK AREAS OF UNDERGROUND COAL MINES; Subpart C - Surface Installations; eCFR as of 2026-10-01
cfr30-77.216-3	77.216-3 Water, sediment, or slurry impoundments and impounding structures; inspection requirements; correction of hazards; program requirements.	https://www.ecfr.gov/on/2026-10-01/title-30/section-77.216-3	us-gov-public-domain	30 CFR 77.216-3; PART 77 - MANDATORY SAFETY STANDARDS, SURFACE COAL MINES AND SURFACE WORK AREAS OF UNDERGROUND COAL MINES; Subpart C - Surface Installations; eCFR as of 2026-10-01
cfr30-77.216-4	77.216-4 Water, sediment or slurry impoundments and impounding structures; reporting requirements; certification.	https://www.ecfr.gov/on/2026-10-01/title-30/section-77.216-4	us-gov-public-domain	30 CFR 77.216-4; PART 77 - MANDATORY SAFETY STANDARDS, SURFACE COAL MINES AND SURFACE WORK AREAS OF UNDERGROUND COAL MINES; Subpart C - Surface Installations; eCFR as of 2026-10-01
cfr30-77.216-5	77.216-5 Water, sediment or slurry impoundments and impounding structures; abandonment.	https://www.ecfr.gov/on/2026-10-01/title-30/section-77.216-5	us-gov-public-domain	30 CFR 77.216-5; PART 77 - MANDATORY SAFETY STANDARDS, SURFACE COAL MINES AND SURFACE WORK AREAS OF UNDERGROUND COAL MINES; Subpart C - Surface Installations; eCFR as of 2026-10-01
cfr30-77.217	77.217 Definitions.	https://www.ecfr.gov/on/2026-10-01/title-30/section-77.217	us-gov-public-domain	30 CFR 77.217; PART 77 - MANDATORY SAFETY STANDARDS, SURFACE COAL MINES AND SURFACE WORK AREAS OF UNDERGROUND COAL MINES; Subpart C - Surface Installations; eCFR as of 2026-10-01
cfr30-77.300	77.300 Thermal dryers; general.	https://www.ecfr.gov/on/2026-10-01/title-30/section-77.300	us-gov-public-domain	30 CFR 77.300; PART 77 - MANDATORY SAFETY STANDARDS, SURFACE COAL MINES AND SURFACE WORK AREAS OF UNDERGROUND COAL MINES; Subpart D - Thermal Dryers; eCFR as of 2026-10-01
cfr30-77.301	77.301 Dryer heating units; operation.	https://www.ecfr.gov/on/2026-10-01/title-30/section-77.301	us-gov-public-domain	30 CFR 77.301; PART 77 - MANDATORY SAFETY STANDARDS, SURFACE COAL MINES AND SURFACE WORK AREAS OF UNDERGROUND COAL MINES; Subpart D - Thermal Dryers; eCFR as of 2026-10-01
cfr30-77.302	77.302 Bypass stacks.	https://www.ecfr.gov/on/2026-10-01/title-30/section-77.302	us-gov-public-domain	30 CFR 77.302; PART 77 - MANDATORY SAFETY STANDARDS, SURFACE COAL MINES AND SURFACE WORK AREAS OF UNDERGROUND COAL MINES; Subpart D - Thermal Dryers; eCFR as of 2026-10-01
cfr30-77.303	77.303 Hot gas inlet chamber dropout doors.	https://www.ecfr.gov/on/2026-10-01/title-30/section-77.303	us-gov-public-domain	30 CFR 77.303; PART 77 - MANDATORY SAFETY STANDARDS, SURFACE COAL MINES AND SURFACE WORK AREAS OF UNDERGROUND COAL MINES; Subpart D - Thermal Dryers; eCFR as of 2026-10-01
cfr30-77.304	77.304 Explosion release vents.	https://www.ecfr.gov/on/2026-10-01/title-30/section-77.304	us-gov-public-domain	30 CFR 77.304; PART 77 - MANDATORY SAFETY STANDARDS, SURFACE COAL MINES AND SURFACE WORK AREAS OF UNDERGROUND COAL MINES; Subpart D - Thermal Dryers; eCFR as of 2026-10-01
cfr30-77.305	77.305 Access to drying chambers, hot gas inlet chambers and ductwork; installation and maintenance.	https://www.ecfr.gov/on/2026-10-01/title-30/section-77.305	us-gov-public-domain	30 CFR 77.305; PART 77 - MANDATORY SAFETY STANDARDS, SURFACE COAL MINES AND SURFACE WORK AREAS OF UNDERGROUND COAL MINES; Subpart D - Thermal Dryers; eCFR as of 2026-10-01
cfr30-77.306	77.306 Fire protection.	https://www.ecfr.gov/on/2026-10-01/title-30/section-77.306	us-gov-public-domain	30 CFR 77.306; PART 77 - MANDATORY SAFETY STANDARDS, SURFACE COAL MINES AND SURFACE WORK AREAS OF UNDERGROUND COAL MINES; Subpart D - Thermal Dryers; eCFR as of 2026-10-01
cfr30-77.307	77.307 Thermal dryers; location and installation; general.	https://www.ecfr.gov/on/2026-10-01/title-30/section-77.307	us-gov-public-domain	30 CFR 77.307; PART 77 - MANDATORY SAFETY STANDARDS, SURFACE COAL MINES AND SURFACE WORK AREAS OF UNDERGROUND COAL MINES; Subpart D - Thermal Dryers; eCFR as of 2026-10-01
cfr30-77.308	77.308 Structures housing other facilities; use of partitions.	https://www.ecfr.gov/on/2026-10-01/title-30/section-77.308	us-gov-public-domain	30 CFR 77.308; PART 77 - MANDATORY SAFETY STANDARDS, SURFACE COAL MINES AND SURFACE WORK AREAS OF UNDERGROUND COAL MINES; Subpart D - Thermal Dryers; eCFR as of 2026-10-01
cfr30-77.309	77.309 Visual check of system equipment.	https://www.ecfr.gov/on/2026-10-01/title-30/section-77.309	us-gov-public-domain	30 CFR 77.309; PART 77 - MANDATORY SAFETY STANDARDS, SURFACE COAL MINES AND SURFACE WORK AREAS OF UNDERGROUND COAL MINES; Subpart D - Thermal Dryers; eCFR as of 2026-10-01
cfr30-77.309-1	77.309-1 Control stations; location.	https://www.ecfr.gov/on/2026-10-01/title-30/section-77.309-1	us-gov-public-domain	30 CFR 77.309-1; PART 77 - MANDATORY SAFETY STANDARDS, SURFACE COAL MINES AND SURFACE WORK AREAS OF UNDERGROUND COAL MINES; Subpart D - Thermal Dryers; eCFR as of 2026-10-01
cfr30-77.310	77.310 Control panels.	https://www.ecfr.gov/on/2026-10-01/title-30/section-77.310	us-gov-public-domain	30 CFR 77.310; PART 77 - MANDATORY SAFETY STANDARDS, SURFACE COAL MINES AND SURFACE WORK AREAS OF UNDERGROUND COAL MINES; Subpart D - Thermal Dryers; eCFR as of 2026-10-01
cfr30-77.311	77.311 Alarm devices.	https://www.ecfr.gov/on/2026-10-01/title-30/section-77.311	us-gov-public-domain	30 CFR 77.311; PART 77 - MANDATORY SAFETY STANDARDS, SURFACE COAL MINES AND SURFACE WORK AREAS OF UNDERGROUND COAL MINES; Subpart D - Thermal Dryers; eCFR as of 2026-10-01
cfr30-77.312	77.312 Fail safe monitoring systems.	https://www.ecfr.gov/on/2026-10-01/title-30/section-77.312	us-gov-public-domain	30 CFR 77.312; PART 77 - MANDATORY SAFETY STANDARDS, SURFACE COAL MINES AND SURFACE WORK AREAS OF UNDERGROUND COAL MINES; Subpart D - Thermal Dryers; eCFR as of 2026-10-01
cfr30-77.313	77.313 Wet-coal feedbins; low-level indicators.	https://www.ecfr.gov/on/2026-10-01/title-30/section-77.313	us-gov-public-domain	30 CFR 77.313; PART 77 - MANDATORY SAFETY STANDARDS, SURFACE COAL MINES AND SURFACE WORK AREAS OF UNDERGROUND COAL MINES; Subpart D - Thermal Dryers; eCFR as of 2026-10-01
cfr30-77.314	77.314 Automatic temperature control instruments.	https://www.ecfr.gov/on/2026-10-01/title-30/section-77.314	us-gov-public-domain	30 CFR 77.314; PART 77 - MANDATORY SAFETY STANDARDS, SURFACE COAL MINES AND SURFACE WORK AREAS OF UNDERGROUND COAL MINES; Subpart D - Thermal Dryers; eCFR as of 2026-10-01
cfr30-77.315	77.315 Thermal dryers; examination and inspection.	https://www.ecfr.gov/on/2026-10-01/title-30/section-77.315	us-gov-public-domain	30 CFR 77.315; PART 77 - MANDATORY SAFETY STANDARDS, SURFACE COAL MINES AND SURFACE WORK AREAS OF UNDERGROUND COAL MINES; Subpart D - Thermal Dryers; eCFR as of 2026-10-01
cfr30-77.400	77.400 Mechanical equipment guards.	https://www.ecfr.gov/on/2026-10-01/title-30/section-77.400	us-gov-public-domain	30 CFR 77.400; PART 77 - MANDATORY SAFETY STANDARDS, SURFACE COAL MINES AND SURFACE WORK AREAS OF UNDERGROUND COAL MINES; Subpart E - Safeguards for Mechanical Equipment; eCFR as of 2026-10-01
cfr30-77.401	77.401 Stationary grinding machines; protective devices.	https://www.ecfr.gov/on/2026-10-01/title-30/section-77.401	us-gov-public-domain	30 CFR 77.401; PART 77 - MANDATORY SAFETY STANDARDS, SURFACE COAL MINES AND SURFACE WORK AREAS OF UNDERGROUND COAL MINES; Subpart E - Safeguards for Mechanical Equipment; eCFR as of 2026-10-01
cfr30-77.402	77.402 Hand-held power tools; safety devices.	https://www.ecfr.gov/on/2026-10-01/title-30/section-77.402	us-gov-public-domain	30 CFR 77.402; PART 77 - MANDATORY SAFETY STANDARDS, SURFACE COAL MINES AND SURFACE WORK AREAS OF UNDERGROUND COAL MINES; Subpart E - Safeguards for Mechanical Equipment; eCFR as of 2026-10-01
cfr30-77.403	77.403 Mobile equipment; falling object protective structures (FOPS).	https://www.ecfr.gov/on/2026-10-01/title-30/section-77.403	us-gov-public-domain	30 CFR 77.403; PART 77 - MANDATORY SAFETY STANDARDS, SURFACE COAL MINES AND SURFACE WORK AREAS OF UNDERGROUND COAL MINES; Subpart E - Safeguards for Mechanical Equipment; eCFR as of 2026-10-01
cfr30-77.403-1	77.403-1 Mobile equipment; rollover protective structures (ROPS).	https://www.ecfr.gov/on/2026-10-01/title-30/section-77.403-1	us-gov-public-domain	30 CFR 77.403-1; PART 77 - MANDATORY SAFETY STANDARDS, SURFACE COAL MINES AND SURFACE WORK AREAS OF UNDERGROUND COAL MINES; Subpart E - Safeguards for Mechanical Equipment; eCFR as of 2026-10-01
cfr30-77.403-2	77.403-2 Incorporation by reference.	https://www.ecfr.gov/on/2026-10-01/title-30/section-77.403-2	us-gov-public-domain	30 CFR 77.403-2; PART 77 - MANDATORY SAFETY STANDARDS, SURFACE COAL MINES AND SURFACE WORK AREAS OF UNDERGROUND COAL MINES; Subpart E - Safeguards for Mechanical Equipment; eCFR as of 2026-10-01
cfr30-77.404	77.404 Machinery and equipment; operation and maintenance.	https://www.ecfr.gov/on/2026-10-01/title-30/section-77.404	us-gov-public-domain	30 CFR 77.404; PART 77 - MANDATORY SAFETY STANDARDS, SURFACE COAL MINES AND SURFACE WORK AREAS OF UNDERGROUND COAL MINES; Subpart E - Safeguards for Mechanical Equipment; eCFR as of 2026-10-01
cfr30-77.405	77.405 Performing work from a raised position; safeguards.	https://www.ecfr.gov/on/2026-10-01/title-30/section-77.405	us-gov-public-domain	30 CFR 77.405; PART 77 - MANDATORY SAFETY STANDARDS, SURFACE COAL MINES AND SURFACE WORK AREAS OF UNDERGROUND COAL MINES; Subpart E - Safeguards for Mechanical Equipment; eCFR as of 2026-10-01
cfr30-77.406	77.406 Drive belts.	https://www.ecfr.gov/on/2026-10-01/title-30/section-77.406	us-gov-public-domain	30 CFR 77.406; PART 77 - MANDATORY SAFETY STANDARDS, SURFACE COAL MINES AND SURFACE WORK AREAS OF UNDERGROUND COAL MINES; Subpart E - Safeguards for Mechanical Equipment; eCFR as of 2026-10-01
cfr30-77.407	77.407 Power-driven pulleys.	https://www.ecfr.gov/on/2026-10-01/title-30/section-77.407	us-gov-public-domain	30 CFR 77.407; PART 77 - MANDATORY SAFETY STANDARDS, SURFACE COAL MINES AND SURFACE WORK AREAS OF UNDERGROUND COAL MINES; Subpart E - Safeguards for Mechanical Equipment; eCFR as of 2026-10-01
cfr30-77.408	77.408 Welding operations.	https://www.ecfr.gov/on/2026-10-01/title-30/section-77.408	us-gov-public-domain	30 CFR 77.408; PART 77 - MANDATORY SAFETY STANDARDS, SURFACE COAL MINES AND SURFACE WORK AREAS OF UNDERGROUND COAL MINES; Subpart E - Safeguards for Mechanical Equipment; eCFR as of 2026-10-01
cfr30-77.409	77.409 Shovels, draglines, and tractors.	https://www.ecfr.gov/on/2026-10-01/title-30/section-77.409	us-gov-public-domain	30 CFR 77.409; PART 77 - MANDATORY SAFETY STANDARDS, SURFACE COAL MINES AND SURFACE WORK AREAS OF UNDERGROUND COAL MINES; Subpart E - Safeguards for Mechanical Equipment; eCFR as of 2026-10-01
cfr30-77.410	77.410 Mobile equipment; automatic warning devices.	https://www.ecfr.gov/on/2026-10-01/title-30/section-77.410	us-gov-public-domain	30 CFR 77.410; PART 77 - MANDATORY SAFETY STANDARDS, SURFACE COAL MINES AND SURFACE WORK AREAS OF UNDERGROUND COAL MINES; Subpart E - Safeguards for Mechanical Equipment; eCFR as of 2026-10-01
cfr30-77.411	77.411 Compressed air and boilers; general.	https://www.ecfr.gov/on/2026-10-01/title-30/section-77.411	us-gov-public-domain	30 CFR 77.411; PART 77 - MANDATORY SAFETY STANDARDS, SURFACE COAL MINES AND SURFACE WORK AREAS OF UNDERGROUND COAL MINES; Subpart E - Safeguards for Mechanical Equipment; eCFR as of 2026-10-01
cfr30-77.412	77.412 Compressed air systems.	https://www.ecfr.gov/on/2026-10-01/title-30/section-77.412	us-gov-public-domain	30 CFR 77.412; PART 77 - MANDATORY SAFETY STANDARDS, SURFACE COAL MINES AND SURFACE WORK AREAS OF UNDERGROUND COAL MINES; Subpart E - Safeguards for Mechanical Equipment; eCFR as of 2026-10-01
cfr30-77.413	77.413 Boilers.	https://www.ecfr.gov/on/2026-10-01/title-30/section-77.413	us-gov-public-domain	30 CFR 77.413; PART 77 - MANDATORY SAFETY STANDARDS, SURFACE COAL MINES AND SURFACE WORK AREAS OF UNDERGROUND COAL MINES; Subpart E - Safeguards for Mechanical Equipment; eCFR as of 2026-10-01
cfr30-77.500	77.500 Electric power circuits and electric equipment; deenergization.	https://www.ecfr.gov/on/2026-10-01/title-30/section-77.500	us-gov-public-domain	30 CFR 77.500; PART 77 - MANDATORY SAFETY STANDARDS, SURFACE COAL MINES AND SURFACE WORK AREAS OF UNDERGROUND COAL MINES; Subpart F - Electrical Equipment - General; eCFR as of 2026-10-01
cfr30-77.501	77.501 Electric distribution circuits and equipment; repair.	https://www.ecfr.gov/on/2026-10-01/title-30/section-77.501	us-gov-public-domain	30 CFR 77.501; PART 77 - MANDATORY SAFETY STANDARDS, SURFACE COAL MINES AND SURFACE WORK AREAS OF UNDERGROUND COAL MINES; Subpart F - Electrical Equipment - General; eCFR as of 2026-10-01
cfr30-77.501-1	77.501-1 Qualified person.	https://www.ecfr.gov/on/2026-10-01/title-30/section-77.501-1	us-gov-public-domain	30 CFR 77.501-1; PART 77 - MANDATORY SAFETY STANDARDS, SURFACE COAL MINES AND SURFACE WORK AREAS OF UNDERGROUND COAL MINES; Subpart F - Electrical Equipment - General; eCFR as of 2026-10-01
cfr30-77.502	77.502 Electric equipment; examination, testing, and maintenance.	https://www.ecfr.gov/on/2026-10-01/title-30/section-77.502	us-gov-public-domain	30 CFR 77.502; PART 77 - MANDATORY SAFETY STANDARDS, SURFACE COAL MINES AND SURFACE WORK AREAS OF UNDERGROUND COAL MINES; Subpart F - Electrical Equipment - General; eCFR as of 2026-10-01
cfr30-77.502-1	77.502-1 Qualified person.	https://www.ecfr.gov/on/2026-10-01/title-30/section-77.502-1	us-gov-public-domain	30 CFR 77.502-1; PART 77 - MANDATORY SAFETY STANDARDS, SURFACE COAL MINES AND SURFACE WORK AREAS OF UNDERGROUND COAL MINES; Subpart F - Electrical Equipment - General; eCFR as of 2026-10-01
cfr30-77.502-2	77.502-2 Electric equipment; frequency of examination and testing.	https://www.ecfr.gov/on/2026-10-01/title-30/section-77.502-2	us-gov-public-domain	30 CFR 77.502-2; PART 77 - MANDATORY SAFETY STANDARDS, SURFACE COAL MINES AND SURFACE WORK AREAS OF UNDERGROUND COAL MINES; Subpart F - Electrical Equipment - General; eCFR as of 2026-10-01
cfr30-77.503	77.503 Electric conductors; capacity and insulation.	https://www.ecfr.gov/on/2026-10-01/title-30/section-77.503	us-gov-public-domain	30 CFR 77.503; PART 77 - MANDATORY SAFETY STANDARDS, SURFACE COAL MINES AND SURFACE WORK AREAS OF UNDERGROUND COAL MINES; Subpart F - Electrical Equipment - General; eCFR as of 2026-10-01
cfr30-77.503-1	77.503-1 Electric conductors.	https://www.ecfr.gov/on/2026-10-01/title-30/section-77.503-1	us-gov-public-domain	30 CFR 77.503-1; PART 77 - MANDATORY SAFETY STANDARDS, SURFACE COAL MINES AND SURFACE WORK AREAS OF UNDERGROUND COAL MINES; Subpart F - Electrical Equipment - General; eCFR as of 2026-10-01
cfr30-77.504	77.504 Electrical connections or splices; suitability.	https://www.ecfr.gov/on/2026-10-01/title-30/section-77.504	us-gov-public-domain	30 CFR 77.504; PART 77 - MANDATORY SAFETY STANDARDS, SURFACE COAL MINES AND SURFACE WORK AREAS OF UNDERGROUND COAL MINES; Subpart F - Electrical Equipment - General; eCFR as of 2026-10-01
cfr30-77.505	77.505 Cable fittings; suitability.	https://www.ecfr.gov/on/2026-10-01/title-30/section-77.505	us-gov-public-domain	30 CFR 77.505; PART 77 - MANDATORY SAFETY STANDARDS, SURFACE COAL MINES AND SURFACE WORK AREAS OF UNDERGROUND COAL MINES; Subpart F - Electrical Equipment - General; eCFR as of 2026-10-01
cfr30-77.506	77.506 Electric equipment and circuits; overload and short-circuit protection.	https://www.ecfr.gov/on/2026-10-01/title-30/section-77.506	us-gov-public-domain	30 CFR 77.506; PART 77 - MANDATORY SAFETY STANDARDS, SURFACE COAL MINES AND SURFACE WORK AREAS OF UNDERGROUND COAL MINES; Subpart F - Electrical Equipment - General; eCFR as of 2026-10-01
cfr30-77.506-1	77.506-1 Electric equipment and circuits; overload and short circuit protection; minimum requirements.	https://www.ecfr.gov/on/2026-10-01/title-30/section-77.506-1	us-gov-public-domain	30 CFR 77.506-1; PART 77 - MANDATORY SAFETY STANDARDS, SURFACE COAL MINES AND SURFACE WORK AREAS OF UNDERGROUND COAL MINES; Subpart F - Electrical Equipment - General; eCFR as of 2026-10-01
cfr30-77.507	77.507 Electric equipment; switches.	https://www.ecfr.gov/on/2026-10-01/title-30/section-77.507	us-gov-public-domain	30 CFR 77.507; PART 77 - MANDATORY SAFETY STANDARDS, SURFACE COAL MINES AND SURFACE WORK AREAS OF UNDERGROUND COAL MINES; Subpart F - Electrical Equipment - General; eCFR as of 2026-10-01
cfr30-77.508	77.508 Lightning arresters, ungrounded and exposed power conductors and telephone wires.	https://www.ecfr.gov/on/2026-10-01/title-30/section-77.508	us-gov-public-domain	30 CFR 77.508; PART 77 - MANDATORY SAFETY STANDARDS, SURFACE COAL MINES AND SURFACE WORK AREAS OF UNDERGROUND COAL MINES; Subpart F - Electrical Equipment - General; eCFR as of 2026-10-01
cfr30-77.508-1	77.508-1 Lightning arresters; wires entering buildings.	https://www.ecfr.gov/on/2026-10-01/title-30/section-77.508-1	us-gov-public-domain	30 CFR 77.508-1; PART 77 - MANDATORY SAFETY STANDARDS, SURFACE COAL MINES AND SURFACE WORK AREAS OF UNDERGROUND COAL MINES; Subpart F - Electrical Equipment - General; eCFR as of 2026-10-01
cfr30-77.509	77.509 Transformers; installation and guarding.	https://www.ecfr.gov/on/2026-10-01/title-30/section-77.509	us-gov-public-domain	30 CFR 77.509; PART 77 - MANDATORY SAFETY STANDARDS, SURFACE COAL MINES AND SURFACE WORK AREAS OF UNDERGROUND COAL MINES; Subpart F - Electrical Equipment - General; eCFR as of 2026-10-01
cfr30-77.510	77.510 Resistors; location and guarding.	https://www.ecfr.gov/on/2026-10-01/title-30/section-77.510	us-gov-public-domain	30 CFR 77.510; PART 77 - MANDATORY SAFETY STANDARDS, SURFACE COAL MINES AND SURFACE WORK AREAS OF UNDERGROUND COAL MINES; Subpart F - Electrical Equipment - General; eCFR as of 2026-10-01
cfr30-77.511	77.511 Danger signs at electrical installations.	https://www.ecfr.gov/on/2026-10-01/title-30/section-77.511	us-gov-public-domain	30 CFR 77.511; PART 77 - MANDATORY SAFETY STANDARDS, SURFACE COAL MINES AND SURFACE WORK AREAS OF UNDERGROUND COAL MINES; Subpart F - Electrical Equipment - General; eCFR as of 2026-10-01
cfr30-77.512	77.512 Inspection and cover plates.	https://www.ecfr.gov/on/2026-10-01/title-30/section-77.512	us-gov-public-domain	30 CFR 77.512; PART 77 - MANDATORY SAFETY STANDARDS, SURFACE COAL MINES AND SURFACE WORK AREAS OF UNDERGROUND COAL MINES; Subpart F - Electrical Equipment - General; eCFR as of 2026-10-01
cfr30-77.513	77.513 Insulating mats at power switches.	https://www.ecfr.gov/on/2026-10-01/title-30/section-77.513	us-gov-public-domain	30 CFR 77.513; PART 77 - MANDATORY SAFETY STANDARDS, SURFACE COAL MINES AND SURFACE WORK AREAS OF UNDERGROUND COAL MINES; Subpart F - Electrical Equipment - General; eCFR as of 2026-10-01
cfr30-77.514	77.514 Switchboards; passageways and clearance.	https://www.ecfr.gov/on/2026-10-01/title-30/section-77.514	us-gov-public-domain	30 CFR 77.514; PART 77 - MANDATORY SAFETY STANDARDS, SURFACE COAL MINES AND SURFACE WORK AREAS OF UNDERGROUND COAL MINES; Subpart F - Electrical Equipment - General; eCFR as of 2026-10-01
cfr30-77.515	77.515 Bare signal or control wires; voltage.	https://www.ecfr.gov/on/2026-10-01/title-30/section-77.515	us-gov-public-domain	30 CFR 77.515; PART 77 - MANDATORY SAFETY STANDARDS, SURFACE COAL MINES AND SURFACE WORK AREAS OF UNDERGROUND COAL MINES; Subpart F - Electrical Equipment - General; eCFR as of 2026-10-01
cfr30-77.516	77.516 Electric wiring and equipment; installation and maintenance.	https://www.ecfr.gov/on/2026-10-01/title-30/section-77.516	us-gov-public-domain	30 CFR 77.516; PART 77 - MANDATORY SAFETY STANDARDS, SURFACE COAL MINES AND SURFACE WORK AREAS OF UNDERGROUND COAL MINES; Subpart F - Electrical Equipment - General; eCFR as of 2026-10-01
cfr30-77.600	77.600 Trailing cables; short-circuit protection; disconnecting devices.	https://www.ecfr.gov/on/2026-10-01/title-30/section-77.600	us-gov-public-domain	30 CFR 77.600; PART 77 - MANDATORY SAFETY STANDARDS, SURFACE COAL MINES AND SURFACE WORK AREAS OF UNDERGROUND COAL MINES; Subpart G - Trailing Cables; eCFR as of 2026-10-01
cfr30-77.601	77.601 Trailing cables or portable cables; temporary splices.	https://www.ecfr.gov/on/2026-10-01/title-30/section-77.601	us-gov-public-domain	30 CFR 77.601; PART 77 - MANDATORY SAFETY STANDARDS, SURFACE COAL MINES AND SURFACE WORK AREAS OF UNDERGROUND COAL MINES; Subpart G - Trailing Cables; eCFR as of 2026-10-01
cfr30-77.602	77.602 Permanent splicing of trailing cables.	https://www.ecfr.gov/on/2026-10-01/title-30/section-77.602	us-gov-public-domain	30 CFR 77.602; PART 77 - MANDATORY SAFETY STANDARDS, SURFACE COAL MINES AND SURFACE WORK AREAS OF UNDERGROUND COAL MINES; Subpart G - Trailing Cables; eCFR as of 2026-10-01
cfr30-77.603	77.603 Clamping of trailing cables to equipment.	https://www.ecfr.gov/on/2026-10-01/title-30/section-77.603	us-gov-public-domain	30 CFR 77.603; PART 77 - MANDATORY SAFETY STANDARDS, SURFACE COAL MINES AND SURFACE WORK AREAS OF UNDERGROUND COAL MINES; Subpart G - Trailing Cables; eCFR as of 2026-10-01
cfr30-77.604	77.604 Protection of trailing cables.	https://www.ecfr.gov/on/2026-10-01/title-30/section-77.604	us-gov-public-domain	30 CFR 77.604; PART 77 - MANDATORY SAFETY STANDARDS, SURFACE COAL MINES AND SURFACE WORK AREAS OF UNDERGROUND COAL MINES; Subpart G - Trailing Cables; eCFR as of 2026-10-01
cfr30-77.605	77.605 Breaking trailing cable and power cable connections.	https://www.ecfr.gov/on/2026-10-01/title-30/section-77.605	us-gov-public-domain	30 CFR 77.605; PART 77 - MANDATORY SAFETY STANDARDS, SURFACE COAL MINES AND SURFACE WORK AREAS OF UNDERGROUND COAL MINES; Subpart G - Trailing Cables; eCFR as of 2026-10-01
cfr30-77.606	77.606 Energized trailing cables; handling.	https://www.ecfr.gov/on/2026-10-01/title-30/section-77.606	us-gov-public-domain	30 CFR 77.606; PART 77 - MANDATORY SAFETY STANDARDS, SURFACE COAL MINES AND SURFACE WORK AREAS OF UNDERGROUND COAL MINES; Subpart G - Trailing Cables; eCFR as of 2026-10-01
cfr30-77.606-1	77.606-1 Rubber gloves; minimum requirements.	https://www.ecfr.gov/on/2026-10-01/title-30/section-77.606-1	us-gov-public-domain	30 CFR 77.606-1; PART 77 - MANDATORY SAFETY STANDARDS, SURFACE COAL MINES AND SURFACE WORK AREAS OF UNDERGROUND COAL MINES; Subpart G - Trailing Cables; eCFR as of 2026-10-01
cfr30-77.700	77.700 Grounding metallic sheaths, armors, and conduits enclosing power conductors.	https://www.ecfr.gov/on/2026-10-01/title-30/section-77.700	us-gov-public-domain	30 CFR 77.700; PART 77 - MANDATORY SAFETY STANDARDS, SURFACE COAL MINES AND SURFACE WORK AREAS OF UNDERGROUND COAL MINES; Subpart H - Grounding; eCFR as of 2026-10-01
cfr30-77.700-1	77.700-1 Approved methods of grounding.	https://www.ecfr.gov/on/2026-10-01/title-30/section-77.700-1	us-gov-public-domain	30 CFR 77.700-1; PART 77 - MANDATORY SAFETY STANDARDS, SURFACE COAL MINES AND SURFACE WORK AREAS OF UNDERGROUND COAL MINES; Subpart H - Grounding; eCFR as of 2026-10-01
cfr30-77.701	77.701 Grounding metallic frames, casings, and other enclosures of electric equipment.	https://www.ecfr.gov/on/2026-10-01/title-30/section-77.701	us-gov-public-domain	30 CFR 77.701; PART 77 - MANDATORY SAFETY STANDARDS, SURFACE COAL MINES AND SURFACE WORK AREAS OF UNDERGROUND COAL MINES; Subpart H - Grounding; eCFR as of 2026-10-01
cfr30-77.701-1	77.701-1 Approved methods of grounding of equipment receiving power from ungrounded alternating current power systems.	https://www.ecfr.gov/on/2026-10-01/title-30/section-77.701-1	us-gov-public-domain	30 CFR 77.701-1; PART 77 - MANDATORY SAFETY STANDARDS, SURFACE COAL MINES AND SURFACE WORK AREAS OF UNDERGROUND COAL MINES; Subpart H - Grounding; eCFR as of 2026-10-01
cfr30-77.701-2	77.701-2 Approved methods of grounding metallic frames, casings, and other enclosures of electric equipment receiving power from a direct-current power system.	https://www.ecfr.gov/on/2026-10-01/title-30/section-77.701-2	us-gov-public-domain	30 CFR 77.701-2; PART 77 - MANDATORY SAFETY STANDARDS, SURFACE COAL MINES AND SURFACE WORK AREAS OF UNDERGROUND COAL MINES; Subpart H - Grounding; eCFR as of 2026-10-01
cfr30-77.701-3	77.701-3 Grounding wires; capacity.	https://www.ecfr.gov/on/2026-10-01/title-30/section-77.701-3	us-gov-public-domain	30 CFR 77.701-3; PART 77 - MANDATORY SAFETY STANDARDS, SURFACE COAL MINES AND SURFACE WORK AREAS OF UNDERGROUND COAL MINES; Subpart H - Grounding; eCFR as of 2026-10-01
cfr30-77.701-4	77.701-4 Use of grounding connectors.	https://www.ecfr.gov/on/2026-10-01/title-30/section-77.701-4	us-gov-public-domain	30 CFR 77.701-4; PART 77 - MANDATORY SAFETY STANDARDS, SURFACE COAL MINES AND SURFACE WORK AREAS OF UNDERGROUND COAL MINES; Subpart H - Grounding; eCFR as of 2026-10-01
cfr30-77.702	77.702 Protection other than grounding.	https://www.ecfr.gov/on/2026-10-01/title-30/section-77.702	us-gov-public-domain	30 CFR 77.702; PART 77 - MANDATORY SAFETY STANDARDS, SURFACE COAL MINES AND SURFACE WORK AREAS OF UNDERGROUND COAL MINES; Subpart H - Grounding; eCFR as of 2026-10-01
cfr30-77.703	77.703 Grounding frames of stationary high-voltage equipment receiving power from ungrounded delta systems.	https://www.ecfr.gov/on/2026-10-01/title-30/section-77.703	us-gov-public-domain	30 CFR 77.703; PART 77 - MANDATORY SAFETY STANDARDS, SURFACE COAL MINES AND SURFACE WORK AREAS OF UNDERGROUND COAL MINES; Subpart H - Grounding; eCFR as of 2026-10-01
cfr30-77.703-1	77.703-1 Approved methods of grounding.	https://www.ecfr.gov/on/2026-10-01/title-30/section-77.703-1	us-gov-public-domain	30 CFR 77.703-1; PART 77 - MANDATORY SAFETY STANDARDS, SURFACE COAL MINES AND SURFACE WORK AREAS OF UNDERGROUND COAL MINES; Subpart H - Grounding; eCFR as of 2026-10-01
cfr30-77.704	77.704 Work on high-voltage lines; deenergizing and grounding.	https://www.ecfr.gov/on/2026-10-01/title-30/section-77.704	us-gov-public-domain	30 CFR 77.704; PART 77 - MANDATORY SAFETY STANDARDS, SURFACE COAL MINES AND SURFACE WORK AREAS OF UNDERGROUND COAL MINES; Subpart H - Grounding; eCFR as of 2026-10-01
cfr30-77.704-1	77.704-1 Work on high-voltage lines.	https://www.ecfr.gov/on/2026-10-01/title-30/section-77.704-1	us-gov-public-domain	30 CFR 77.704-1; PART 77 - MANDATORY SAFETY STANDARDS, SURFACE COAL MINES AND SURFACE WORK AREAS OF UNDERGROUND COAL MINES; Subpart H - Grounding; eCFR as of 2026-10-01
cfr30-77.704-2	77.704-2 Repairs to energized high-voltage lines.	https://www.ecfr.gov/on/2026-10-01/title-30/section-77.704-2	us-gov-public-domain	30 CFR 77.704-2; PART 77 - MANDATORY SAFETY STANDARDS, SURFACE COAL MINES AND SURFACE WORK AREAS OF UNDERGROUND COAL MINES; Subpart H - Grounding; eCFR as of 2026-10-01
cfr30-77.704-3	77.704-3 Work on energized high-voltage surface lines; reporting.	https://www.ecfr.gov/on/2026-10-01/title-30/section-77.704-3	us-gov-public-domain	30 CFR 77.704-3; PART 77 - MANDATORY SAFETY STANDARDS, SURFACE COAL MINES AND SURFACE WORK AREAS OF UNDERGROUND COAL MINES; Subpart H - Grounding; eCFR as of 2026-10-01
cfr30-77.704-4	77.704-4 Simultaneous repairs.	https://www.ecfr.gov/on/2026-10-01/title-30/section-77.704-4	us-gov-public-domain	30 CFR 77.704-4; PART 77 - MANDATORY SAFETY STANDARDS, SURFACE COAL MINES AND SURFACE WORK AREAS OF UNDERGROUND COAL MINES; Subpart H - Grounding; eCFR as of 2026-10-01
cfr30-77.704-5	77.704-5 Installation of protective equipment.	https://www.ecfr.gov/on/2026-10-01/title-30/section-77.704-5	us-gov-public-domain	30 CFR 77.704-5; PART 77 - MANDATORY SAFETY STANDARDS, SURFACE COAL MINES AND SURFACE WORK AREAS OF UNDERGROUND COAL MINES; Subpart H - Grounding; eCFR as of 2026-10-01
cfr30-77.704-6	77.704-6 Protective clothing; use and inspection.	https://www.ecfr.gov/on/2026-10-01/title-30/section-77.704-6	us-gov-public-domain	30 CFR 77.704-6; PART 77 - MANDATORY SAFETY STANDARDS, SURFACE COAL MINES AND SURFACE WORK AREAS OF UNDERGROUND COAL MINES; Subpart H - Grounding; eCFR as of 2026-10-01
cfr30-77.704-7	77.704-7 Protective equipment; inspection.	https://www.ecfr.gov/on/2026-10-01/title-30/section-77.704-7	us-gov-public-domain	30 CFR 77.704-7; PART 77 - MANDATORY SAFETY STANDARDS, SURFACE COAL MINES AND SURFACE WORK AREAS OF UNDERGROUND COAL MINES; Subpart H - Grounding; eCFR as of 2026-10-01
cfr30-77.704-8	77.704-8 Protective equipment; testing and storage.	https://www.ecfr.gov/on/2026-10-01/title-30/section-77.704-8	us-gov-public-domain	30 CFR 77.704-8; PART 77 - MANDATORY SAFETY STANDARDS, SURFACE COAL MINES AND SURFACE WORK AREAS OF UNDERGROUND COAL MINES; Subpart H - Grounding; eCFR as of 2026-10-01; reviewed: US government work, "Copyright protection under this title is not available for any work of the United States Government" (17 U.S.C. 105); the name ASTM only identifies a standard or body that the rule cites, and no text of that standard is reproduced
cfr30-77.704-9	77.704-9 Operating disconnecting or cutout switches.	https://www.ecfr.gov/on/2026-10-01/title-30/section-77.704-9	us-gov-public-domain	30 CFR 77.704-9; PART 77 - MANDATORY SAFETY STANDARDS, SURFACE COAL MINES AND SURFACE WORK AREAS OF UNDERGROUND COAL MINES; Subpart H - Grounding; eCFR as of 2026-10-01
cfr30-77.704-10	77.704-10 Tying into energized high-voltage surface circuits.	https://www.ecfr.gov/on/2026-10-01/title-30/section-77.704-10	us-gov-public-domain	30 CFR 77.704-10; PART 77 - MANDATORY SAFETY STANDARDS, SURFACE COAL MINES AND SURFACE WORK AREAS OF UNDERGROUND COAL MINES; Subpart H - Grounding; eCFR as of 2026-10-01
cfr30-77.704-11	77.704-11 Use of grounded messenger wires; ungrounded systems.	https://www.ecfr.gov/on/2026-10-01/title-30/section-77.704-11	us-gov-public-domain	30 CFR 77.704-11; PART 77 - MANDATORY SAFETY STANDARDS, SURFACE COAL MINES AND SURFACE WORK AREAS OF UNDERGROUND COAL MINES; Subpart H - Grounding; eCFR as of 2026-10-01
cfr30-77.705	77.705 Guy wires; grounding.	https://www.ecfr.gov/on/2026-10-01/title-30/section-77.705	us-gov-public-domain	30 CFR 77.705; PART 77 - MANDATORY SAFETY STANDARDS, SURFACE COAL MINES AND SURFACE WORK AREAS OF UNDERGROUND COAL MINES; Subpart H - Grounding; eCFR as of 2026-10-01
cfr30-77.800	77.800 High-voltage circuits; circuit breakers.	https://www.ecfr.gov/on/2026-10-01/title-30/section-77.800	us-gov-public-domain	30 CFR 77.800; PART 77 - MANDATORY SAFETY STANDARDS, SURFACE COAL MINES AND SURFACE WORK AREAS OF UNDERGROUND COAL MINES; Subpart I - Surface High-Voltage Distribution; eCFR as of 2026-10-01
cfr30-77.800-1	77.800-1 Testing, examination, and maintenance of circuit breakers; procedures.	https://www.ecfr.gov/on/2026-10-01/title-30/section-77.800-1	us-gov-public-domain	30 CFR 77.800-1; PART 77 - MANDATORY SAFETY STANDARDS, SURFACE COAL MINES AND SURFACE WORK AREAS OF UNDERGROUND COAL MINES; Subpart I - Surface High-Voltage Distribution; eCFR as of 2026-10-01
cfr30-77.800-2	77.800-2 Testing, examination, and maintenance of circuit breakers; record.	https://www.ecfr.gov/on/2026-10-01/title-30/section-77.800-2	us-gov-public-domain	30 CFR 77.800-2; PART 77 - MANDATORY SAFETY STANDARDS, SURFACE COAL MINES AND SURFACE WORK AREAS OF UNDERGROUND COAL MINES; Subpart I - Surface High-Voltage Distribution; eCFR as of 2026-10-01
cfr30-77.801	77.801 Grounding resistors.	https://www.ecfr.gov/on/2026-10-01/title-30/section-77.801	us-gov-public-domain	30 CFR 77.801; PART 77 - MANDATORY SAFETY STANDARDS, SURFACE COAL MINES AND SURFACE WORK AREAS OF UNDERGROUND COAL MINES; Subpart I - Surface High-Voltage Distribution; eCFR as of 2026-10-01
cfr30-77.801-1	77.801-1 Grounding resistors; continuous current rating.	https://www.ecfr.gov/on/2026-10-01/title-30/section-77.801-1	us-gov-public-domain	30 CFR 77.801-1; PART 77 - MANDATORY SAFETY STANDARDS, SURFACE COAL MINES AND SURFACE WORK AREAS OF UNDERGROUND COAL MINES; Subpart I - Surface High-Voltage Distribution; eCFR as of 2026-10-01
cfr30-77.802	77.802 Protection of high-voltage circuits; neutral grounding resistors; disconnecting devices.	https://www.ecfr.gov/on/2026-10-01/title-30/section-77.802	us-gov-public-domain	30 CFR 77.802; PART 77 - MANDATORY SAFETY STANDARDS, SURFACE COAL MINES AND SURFACE WORK AREAS OF UNDERGROUND COAL MINES; Subpart I - Surface High-Voltage Distribution; eCFR as of 2026-10-01
cfr30-77.803	77.803 Fail safe ground check circuits on high-voltage resistance grounded systems.	https://www.ecfr.gov/on/2026-10-01/title-30/section-77.803	us-gov-public-domain	30 CFR 77.803; PART 77 - MANDATORY SAFETY STANDARDS, SURFACE COAL MINES AND SURFACE WORK AREAS OF UNDERGROUND COAL MINES; Subpart I - Surface High-Voltage Distribution; eCFR as of 2026-10-01
cfr30-77.803-1	77.803-1 Fail safe ground check circuits; maximum voltage.	https://www.ecfr.gov/on/2026-10-01/title-30/section-77.803-1	us-gov-public-domain	30 CFR 77.803-1; PART 77 - MANDATORY SAFETY STANDARDS, SURFACE COAL MINES AND SURFACE WORK AREAS OF UNDERGROUND COAL MINES; Subpart I - Surface High-Voltage Distribution; eCFR as of 2026-10-01
cfr30-77.803-2	77.803-2 Ground check systems not employing pilot check wires; approval by the Secretary.	https://www.ecfr.gov/on/2026-10-01/title-30/section-77.803-2	us-gov-public-domain	30 CFR 77.803-2; PART 77 - MANDATORY SAFETY STANDARDS, SURFACE COAL MINES AND SURFACE WORK AREAS OF UNDERGROUND COAL MINES; Subpart I - Surface High-Voltage Distribution; eCFR as of 2026-10-01
cfr30-77.804	77.804 High-voltage trailing cables; minimum design requirements.	https://www.ecfr.gov/on/2026-10-01/title-30/section-77.804	us-gov-public-domain	30 CFR 77.804; PART 77 - MANDATORY SAFETY STANDARDS, SURFACE COAL MINES AND SURFACE WORK AREAS OF UNDERGROUND COAL MINES; Subpart I - Surface High-Voltage Distribution; eCFR as of 2026-10-01
cfr30-77.805	77.805 Cable couplers and connection boxes; minimum design requirements.	https://www.ecfr.gov/on/2026-10-01/title-30/section-77.805	us-gov-public-domain	30 CFR 77.805; PART 77 - MANDATORY SAFETY STANDARDS, SURFACE COAL MINES AND SURFACE WORK AREAS OF UNDERGROUND COAL MINES; Subpart I - Surface High-Voltage Distribution; eCFR as of 2026-10-01
cfr30-77.806	77.806 Connection of single-phase loads.	https://www.ecfr.gov/on/2026-10-01/title-30/section-77.806	us-gov-public-domain	30 CFR 77.806; PART 77 - MANDATORY SAFETY STANDARDS, SURFACE COAL MINES AND SURFACE WORK AREAS OF UNDERGROUND COAL MINES; Subpart I - Surface High-Voltage Distribution; eCFR as of 2026-10-01
cfr30-77.807	77.807 Installation of high-voltage transmission cables.	https://www.ecfr.gov/on/2026-10-01/title-30/section-77.807	us-gov-public-domain	30 CFR 77.807; PART 77 - MANDATORY SAFETY STANDARDS, SURFACE COAL MINES AND SURFACE WORK AREAS OF UNDERGROUND COAL MINES; Subpart I - Surface High-Voltage Distribution; eCFR as of 2026-10-01
cfr30-77.807-1	77.807-1 High-voltage powerlines; clearances above ground.	https://www.ecfr.gov/on/2026-10-01/title-30/section-77.807-1	us-gov-public-domain	30 CFR 77.807-1; PART 77 - MANDATORY SAFETY STANDARDS, SURFACE COAL MINES AND SURFACE WORK AREAS OF UNDERGROUND COAL MINES; Subpart I - Surface High-Voltage Distribution; eCFR as of 2026-10-01
cfr30-77.807-2	77.807-2 Booms and masts; minimum distance from high-voltage lines.	https://www.ecfr.gov/on/2026-10-01/title-30/section-77.807-2	us-gov-public-domain	30 CFR 77.807-2; PART 77 - MANDATORY SAFETY STANDARDS, SURFACE COAL MINES AND SURFACE WORK AREAS OF UNDERGROUND COAL MINES; Subpart I - Surface High-Voltage Distribution; eCFR as of 2026-10-01
cfr30-77.807-3	77.807-3 Movement of equipment; minimum distance from high-voltage lines.	https://www.ecfr.gov/on/2026-10-01/title-30/section-77.807-3	us-gov-public-domain	30 CFR 77.807-3; PART 77 - MANDATORY SAFETY STANDARDS, SURFACE COAL MINES AND SURFACE WORK AREAS OF UNDERGROUND COAL MINES; Subpart I - Surface High-Voltage Distribution; eCFR as of 2026-10-01
cfr30-77.808	77.808 Disconnecting devices.	https://www.ecfr.gov/on/2026-10-01/title-30/section-77.808	us-gov-public-domain	30 CFR 77.808; PART 77 - MANDATORY SAFETY STANDARDS, SURFACE COAL MINES AND SURFACE WORK AREAS OF UNDERGROUND COAL MINES; Subpart I - Surface High-Voltage Distribution; eCFR as of 2026-10-01
cfr30-77.809	77.809 Identification of circuit breakers and disconnecting switches.	https://www.ecfr.gov/on/2026-10-01/title-30/section-77.809	us-gov-public-domain	30 CFR 77.809; PART 77 - MANDATORY SAFETY STANDARDS, SURFACE COAL MINES AND SURFACE WORK AREAS OF UNDERGROUND COAL MINES; Subpart I - Surface High-Voltage Distribution; eCFR as of 2026-10-01
cfr30-77.810	77.810 High-voltage equipment; grounding.	https://www.ecfr.gov/on/2026-10-01/title-30/section-77.810	us-gov-public-domain	30 CFR 77.810; PART 77 - MANDATORY SAFETY STANDARDS, SURFACE COAL MINES AND SURFACE WORK AREAS OF UNDERGROUND COAL MINES; Subpart I - Surface High-Voltage Distribution; eCFR as of 2026-10-01
cfr30-77.811	77.811 Movement of portable substations and transformers.	https://www.ecfr.gov/on/2026-10-01/title-30/section-77.811	us-gov-public-domain	30 CFR 77.811; PART 77 - MANDATORY SAFETY STANDARDS, SURFACE COAL MINES AND SURFACE WORK AREAS OF UNDERGROUND COAL MINES; Subpart I - Surface High-Voltage Distribution; eCFR as of 2026-10-01
cfr30-77.900	77.900 Low- and medium-voltage circuits serving portable or mobile three-phase alternating current equipment; circuit breakers.	https://www.ecfr.gov/on/2026-10-01/title-30/section-77.900	us-gov-public-domain	30 CFR 77.900; PART 77 - MANDATORY SAFETY STANDARDS, SURFACE COAL MINES AND SURFACE WORK AREAS OF UNDERGROUND COAL MINES; Subpart J - Low- and Medium-Voltage Alternating Current Circuits; eCFR as of 2026-10-01
cfr30-77.900-1	77.900-1 Testing, examination, and maintenance of circuit breakers; procedures.	https://www.ecfr.gov/on/2026-10-01/title-30/section-77.900-1	us-gov-public-domain	30 CFR 77.900-1; PART 77 - MANDATORY SAFETY STANDARDS, SURFACE COAL MINES AND SURFACE WORK AREAS OF UNDERGROUND COAL MINES; Subpart J - Low- and Medium-Voltage Alternating Current Circuits; eCFR as of 2026-10-01
cfr30-77.900-2	77.900-2 Testing, examination, and maintenance of circuit breakers; record.	https://www.ecfr.gov/on/2026-10-01/title-30/section-77.900-2	us-gov-public-domain	30 CFR 77.900-2; PART 77 - MANDATORY SAFETY STANDARDS, SURFACE COAL MINES AND SURFACE WORK AREAS OF UNDERGROUND COAL MINES; Subpart J - Low- and Medium-Voltage Alternating Current Circuits; eCFR as of 2026-10-01
cfr30-77.901	77.901 Protection of low- and medium-voltage three-phase circuits.	https://www.ecfr.gov/on/2026-10-01/title-30/section-77.901	us-gov-public-domain	30 CFR 77.901; PART 77 - MANDATORY SAFETY STANDARDS, SURFACE COAL MINES AND SURFACE WORK AREAS OF UNDERGROUND COAL MINES; Subpart J - Low- and Medium-Voltage Alternating Current Circuits; eCFR as of 2026-10-01
cfr30-77.901-1	77.901-1 Grounding resistor; continuous current rating.	https://www.ecfr.gov/on/2026-10-01/title-30/section-77.901-1	us-gov-public-domain	30 CFR 77.901-1; PART 77 - MANDATORY SAFETY STANDARDS, SURFACE COAL MINES AND SURFACE WORK AREAS OF UNDERGROUND COAL MINES; Subpart J - Low- and Medium-Voltage Alternating Current Circuits; eCFR as of 2026-10-01
cfr30-77.902	77.902 Low- and medium-voltage ground check monitor circuits.	https://www.ecfr.gov/on/2026-10-01/title-30/section-77.902	us-gov-public-domain	30 CFR 77.902; PART 77 - MANDATORY SAFETY STANDARDS, SURFACE COAL MINES AND SURFACE WORK AREAS OF UNDERGROUND COAL MINES; Subpart J - Low- and Medium-Voltage Alternating Current Circuits; eCFR as of 2026-10-01
cfr30-77.902-1	77.902-1 Fail safe ground check circuits; maximum voltage.	https://www.ecfr.gov/on/2026-10-01/title-30/section-77.902-1	us-gov-public-domain	30 CFR 77.902-1; PART 77 - MANDATORY SAFETY STANDARDS, SURFACE COAL MINES AND SURFACE WORK AREAS OF UNDERGROUND COAL MINES; Subpart J - Low- and Medium-Voltage Alternating Current Circuits; eCFR as of 2026-10-01
cfr30-77.902-2	77.902-2 Approved ground check systems not employing pilot check wires.	https://www.ecfr.gov/on/2026-10-01/title-30/section-77.902-2	us-gov-public-domain	30 CFR 77.902-2; PART 77 - MANDATORY SAFETY STANDARDS, SURFACE COAL MINES AND SURFACE WORK AREAS OF UNDERGROUND COAL MINES; Subpart J - Low- and Medium-Voltage Alternating Current Circuits; eCFR as of 2026-10-01
cfr30-77.902-3	77.902-3 Attachment of ground conductors and ground check wires to equipment frames; use of separate connections.	https://www.ecfr.gov/on/2026-10-01/title-30/section-77.902-3	us-gov-public-domain	30 CFR 77.902-3; PART 77 - MANDATORY SAFETY STANDARDS, SURFACE COAL MINES AND SURFACE WORK AREAS OF UNDERGROUND COAL MINES; Subpart J - Low- and Medium-Voltage Alternating Current Circuits; eCFR as of 2026-10-01
cfr30-77.903	77.903 Disconnecting devices.	https://www.ecfr.gov/on/2026-10-01/title-30/section-77.903	us-gov-public-domain	30 CFR 77.903; PART 77 - MANDATORY SAFETY STANDARDS, SURFACE COAL MINES AND SURFACE WORK AREAS OF UNDERGROUND COAL MINES; Subpart J - Low- and Medium-Voltage Alternating Current Circuits; eCFR as of 2026-10-01
cfr30-77.904	77.904 Identification of circuit breakers.	https://www.ecfr.gov/on/2026-10-01/title-30/section-77.904	us-gov-public-domain	30 CFR 77.904; PART 77 - MANDATORY SAFETY STANDARDS, SURFACE COAL MINES AND SURFACE WORK AREAS OF UNDERGROUND COAL MINES; Subpart J - Low- and Medium-Voltage Alternating Current Circuits; eCFR as of 2026-10-01
cfr30-77.905	77.905 Connection of single-phase loads.	https://www.ecfr.gov/on/2026-10-01/title-30/section-77.905	us-gov-public-domain	30 CFR 77.905; PART 77 - MANDATORY SAFETY STANDARDS, SURFACE COAL MINES AND SURFACE WORK AREAS OF UNDERGROUND COAL MINES; Subpart J - Low- and Medium-Voltage Alternating Current Circuits; eCFR as of 2026-10-01
cfr30-77.906	77.906 Trailing cables supplying power to low-voltage mobile equipment; ground wires and ground check wires.	https://www.ecfr.gov/on/2026-10-01/title-30/section-77.906	us-gov-public-domain	30 CFR 77.906; PART 77 - MANDATORY SAFETY STANDARDS, SURFACE COAL MINES AND SURFACE WORK AREAS OF UNDERGROUND COAL MINES; Subpart J - Low- and Medium-Voltage Alternating Current Circuits; eCFR as of 2026-10-01
cfr30-77.1000	77.1000 Highwalls, pits and spoil banks; plans.	https://www.ecfr.gov/on/2026-10-01/title-30/section-77.1000	us-gov-public-domain	30 CFR 77.1000; PART 77 - MANDATORY SAFETY STANDARDS, SURFACE COAL MINES AND SURFACE WORK AREAS OF UNDERGROUND COAL MINES; Subpart K - Ground Control; eCFR as of 2026-10-01
cfr30-77.1000-1	77.1000-1 Filing of plan.	https://www.ecfr.gov/on/2026-10-01/title-30/section-77.1000-1	us-gov-public-domain	30 CFR 77.1000-1; PART 77 - MANDATORY SAFETY STANDARDS, SURFACE COAL MINES AND SURFACE WORK AREAS OF UNDERGROUND COAL MINES; Subpart K - Ground Control; eCFR as of 2026-10-01
cfr30-77.1001	77.1001 Stripping; loose material.	https://www.ecfr.gov/on/2026-10-01/title-30/section-77.1001	us-gov-public-domain	30 CFR 77.1001; PART 77 - MANDATORY SAFETY STANDARDS, SURFACE COAL MINES AND SURFACE WORK AREAS OF UNDERGROUND COAL MINES; Subpart K - Ground Control; eCFR as of 2026-10-01
cfr30-77.1002	77.1002 Box cuts; spoil material placement.	https://www.ecfr.gov/on/2026-10-01/title-30/section-77.1002	us-gov-public-domain	30 CFR 77.1002; PART 77 - MANDATORY SAFETY STANDARDS, SURFACE COAL MINES AND SURFACE WORK AREAS OF UNDERGROUND COAL MINES; Subpart K - Ground Control; eCFR as of 2026-10-01
cfr30-77.1003	77.1003 Benches.	https://www.ecfr.gov/on/2026-10-01/title-30/section-77.1003	us-gov-public-domain	30 CFR 77.1003; PART 77 - MANDATORY SAFETY STANDARDS, SURFACE COAL MINES AND SURFACE WORK AREAS OF UNDERGROUND COAL MINES; Subpart K - Ground Control; eCFR as of 2026-10-01
cfr30-77.1004	77.1004 Ground control; inspection and maintenance; general.	https://www.ecfr.gov/on/2026-10-01/title-30/section-77.1004	us-gov-public-domain	30 CFR 77.1004; PART 77 - MANDATORY SAFETY STANDARDS, SURFACE COAL MINES AND SURFACE WORK AREAS OF UNDERGROUND COAL MINES; Subpart K - Ground Control; eCFR as of 2026-10-01
cfr30-77.1005	77.1005 Scaling highwalls; general.	https://www.ecfr.gov/on/2026-10-01/title-30/section-77.1005	us-gov-public-domain	30 CFR 77.1005; PART 77 - MANDATORY SAFETY STANDARDS, SURFACE COAL MINES AND SURFACE WORK AREAS OF UNDERGROUND COAL MINES; Subpart K - Ground Control; eCFR as of 2026-10-01
cfr30-77.1006	77.1006 Highwalls; men working.	https://www.ecfr.gov/on/2026-10-01/title-30/section-77.1006	us-gov-public-domain	30 CFR 77.1006; PART 77 - MANDATORY SAFETY STANDARDS, SURFACE COAL MINES AND SURFACE WORK AREAS OF UNDERGROUND COAL MINES; Subpart K - Ground Control; eCFR as of 2026-10-01
cfr30-77.1007	77.1007 Drilling; general.	https://www.ecfr.gov/on/2026-10-01/title-30/section-77.1007	us-gov-public-domain	30 CFR 77.1007; PART 77 - MANDATORY SAFETY STANDARDS, SURFACE COAL MINES AND SURFACE WORK AREAS OF UNDERGROUND COAL MINES; Subpart K - Ground Control; eCFR as of 2026-10-01
cfr30-77.1008	77.1008 Relocation of drills; safeguards.	https://www.ecfr.gov/on/2026-10-01/title-30/section-77.1008	us-gov-public-domain	30 CFR 77.1008; PART 77 - MANDATORY SAFETY STANDARDS, SURFACE COAL MINES AND SURFACE WORK AREAS OF UNDERGROUND COAL MINES; Subpart K - Ground Control; eCFR as of 2026-10-01
cfr30-77.1009	77.1009 Drill; operation.	https://www.ecfr.gov/on/2026-10-01/title-30/section-77.1009	us-gov-public-domain	30 CFR 77.1009; PART 77 - MANDATORY SAFETY STANDARDS, SURFACE COAL MINES AND SURFACE WORK AREAS OF UNDERGROUND COAL MINES; Subpart K - Ground Control; eCFR as of 2026-10-01
cfr30-77.1010	77.1010 Collaring holes.	https://www.ecfr.gov/on/2026-10-01/title-30/section-77.1010	us-gov-public-domain	30 CFR 77.1010; PART 77 - MANDATORY SAFETY STANDARDS, SURFACE COAL MINES AND SURFACE WORK AREAS OF UNDERGROUND COAL MINES; Subpart K - Ground Control; eCFR as of 2026-10-01
cfr30-77.1011	77.1011 Drill holes; guarding.	https://www.ecfr.gov/on/2026-10-01/title-30/section-77.1011	us-gov-public-domain	30 CFR 77.1011; PART 77 - MANDATORY SAFETY STANDARDS, SURFACE COAL MINES AND SURFACE WORK AREAS OF UNDERGROUND COAL MINES; Subpart K - Ground Control; eCFR as of 2026-10-01
cfr30-77.1012	77.1012 Jackhammers; operation; safeguards.	https://www.ecfr.gov/on/2026-10-01/title-30/section-77.1012	us-gov-public-domain	30 CFR 77.1012; PART 77 - MANDATORY SAFETY STANDARDS, SURFACE COAL MINES AND SURFACE WORK AREAS OF UNDERGROUND COAL MINES; Subpart K - Ground Control; eCFR as of 2026-10-01
cfr30-77.1013	77.1013 Air drills; safeguards.	https://www.ecfr.gov/on/2026-10-01/title-30/section-77.1013	us-gov-public-domain	30 CFR 77.1013; PART 77 - MANDATORY SAFETY STANDARDS, SURFACE COAL MINES AND SURFACE WORK AREAS OF UNDERGROUND COAL MINES; Subpart K - Ground Control; eCFR as of 2026-10-01
cfr30-77.1100	77.1100 Fire protection; training and organization.	https://www.ecfr.gov/on/2026-10-01/title-30/section-77.1100	us-gov-public-domain	30 CFR 77.1100; PART 77 - MANDATORY SAFETY STANDARDS, SURFACE COAL MINES AND SURFACE WORK AREAS OF UNDERGROUND COAL MINES; Subpart L - Fire Protection; eCFR as of 2026-10-01
cfr30-77.1101	77.1101 Escape and evacuation; plan.	https://www.ecfr.gov/on/2026-10-01/title-30/section-77.1101	us-gov-public-domain	30 CFR 77.1101; PART 77 - MANDATORY SAFETY STANDARDS, SURFACE COAL MINES AND SURFACE WORK AREAS OF UNDERGROUND COAL MINES; Subpart L - Fire Protection; eCFR as of 2026-10-01
cfr30-77.1102	77.1102 Warning signs; smoking and open flame.	https://www.ecfr.gov/on/2026-10-01/title-30/section-77.1102	us-gov-public-domain	30 CFR 77.1102; PART 77 - MANDATORY SAFETY STANDARDS, SURFACE COAL MINES AND SURFACE WORK AREAS OF UNDERGROUND COAL MINES; Subpart L - Fire Protection; eCFR as of 2026-10-01
cfr30-77.1103	77.1103 Flammable liquids; storage.	https://www.ecfr.gov/on/2026-10-01/title-30/section-77.1103	us-gov-public-domain	30 CFR 77.1103; PART 77 - MANDATORY SAFETY STANDARDS, SURFACE COAL MINES AND SURFACE WORK AREAS OF UNDERGROUND COAL MINES; Subpart L - Fire Protection; eCFR as of 2026-10-01
cfr30-77.1104	77.1104 Accumulations of combustible materials.	https://www.ecfr.gov/on/2026-10-01/title-30/section-77.1104	us-gov-public-domain	30 CFR 77.1104; PART 77 - MANDATORY SAFETY STANDARDS, SURFACE COAL MINES AND SURFACE WORK AREAS OF UNDERGROUND COAL MINES; Subpart L - Fire Protection; eCFR as of 2026-10-01
cfr30-77.1105	77.1105 Internal combustion engines; fueling.	https://www.ecfr.gov/on/2026-10-01/title-30/section-77.1105	us-gov-public-domain	30 CFR 77.1105; PART 77 - MANDATORY SAFETY STANDARDS, SURFACE COAL MINES AND SURFACE WORK AREAS OF UNDERGROUND COAL MINES; Subpart L - Fire Protection; eCFR as of 2026-10-01
cfr30-77.1106	77.1106 Battery-charging stations; ventilation.	https://www.ecfr.gov/on/2026-10-01/title-30/section-77.1106	us-gov-public-domain	30 CFR 77.1106; PART 77 - MANDATORY SAFETY STANDARDS, SURFACE COAL MINES AND SURFACE WORK AREAS OF UNDERGROUND COAL MINES; Subpart L - Fire Protection; eCFR as of 2026-10-01
cfr30-77.1107	77.1107 Belt conveyors.	https://www.ecfr.gov/on/2026-10-01/title-30/section-77.1107	us-gov-public-domain	30 CFR 77.1107; PART 77 - MANDATORY SAFETY STANDARDS, SURFACE COAL MINES AND SURFACE WORK AREAS OF UNDERGROUND COAL MINES; Subpart L - Fire Protection; eCFR as of 2026-10-01
cfr30-77.1108	77.1108 Firefighting equipment; requirements; general.	https://www.ecfr.gov/on/2026-10-01/title-30/section-77.1108	us-gov-public-domain	30 CFR 77.1108; PART 77 - MANDATORY SAFETY STANDARDS, SURFACE COAL MINES AND SURFACE WORK AREAS OF UNDERGROUND COAL MINES; Subpart L - Fire Protection; eCFR as of 2026-10-01
cfr30-77.1108-1	77.1108-1 Type and capacity of firefighting equipment.	https://www.ecfr.gov/on/2026-10-01/title-30/section-77.1108-1	us-gov-public-domain	30 CFR 77.1108-1; PART 77 - MANDATORY SAFETY STANDARDS, SURFACE COAL MINES AND SURFACE WORK AREAS OF UNDERGROUND COAL MINES; Subpart L - Fire Protection; eCFR as of 2026-10-01
cfr30-77.1109	77.1109 Quantity and location of firefighting equipment.	https://www.ecfr.gov/on/2026-10-01/title-30/section-77.1109	us-gov-public-domain	30 CFR 77.1109; PART 77 - MANDATORY SAFETY STANDARDS, SURFACE COAL MINES AND SURFACE WORK AREAS OF UNDERGROUND COAL MINES; Subpart L - Fire Protection; eCFR as of 2026-10-01
cfr30-77.1110	77.1110 Examination and maintenance of firefighting equipment.	https://www.ecfr.gov/on/2026-10-01/title-30/section-77.1110	us-gov-public-domain	30 CFR 77.1110; PART 77 - MANDATORY SAFETY STANDARDS, SURFACE COAL MINES AND SURFACE WORK AREAS OF UNDERGROUND COAL MINES; Subpart L - Fire Protection; eCFR as of 2026-10-01
cfr30-77.1111	77.1111 Welding, cutting, soldering; use of fire extinguisher.	https://www.ecfr.gov/on/2026-10-01/title-30/section-77.1111	us-gov-public-domain	30 CFR 77.1111; PART 77 - MANDATORY SAFETY STANDARDS, SURFACE COAL MINES AND SURFACE WORK AREAS OF UNDERGROUND COAL MINES; Subpart L - Fire Protection; eCFR as of 2026-10-01
cfr30-77.1112	77.1112 Welding, cutting, or soldering with arc or flame; safeguards.	https://www.ecfr.gov/on/2026-10-01/title-30/section-77.1112	us-gov-public-domain	30 CFR 77.1112; PART 77 - MANDATORY SAFETY STANDARDS, SURFACE COAL MINES AND SURFACE WORK AREAS OF UNDERGROUND COAL MINES; Subpart L - Fire Protection; eCFR as of 2026-10-01
cfr30-77.1200	77.1200 Mine map.	https://www.ecfr.gov/on/2026-10-01/title-30/section-77.1200	us-gov-public-domain	30 CFR 77.1200; PART 77 - MANDATORY SAFETY STANDARDS, SURFACE COAL MINES AND SURFACE WORK AREAS OF UNDERGROUND COAL MINES; Subpart M - Maps; eCFR as of 2026-10-01
cfr30-77.1201	77.1201 Certification of mine maps.	https://www.ecfr.gov/on/2026-10-01/title-30/section-77.1201	us-gov-public-domain	30 CFR 77.1201; PART 77 - MANDATORY SAFETY STANDARDS, SURFACE COAL MINES AND SURFACE WORK AREAS OF UNDERGROUND COAL MINES; Subpart M - Maps; eCFR as of 2026-10-01
cfr30-77.1202	77.1202 Availability of mine map.	https://www.ecfr.gov/on/2026-10-01/title-30/section-77.1202	us-gov-public-domain	30 CFR 77.1202; PART 77 - MANDATORY SAFETY STANDARDS, SURFACE COAL MINES AND SURFACE WORK AREAS OF UNDERGROUND COAL MINES; Subpart M - Maps; eCFR as of 2026-10-01
cfr30-77.1300	77.1300 Explosives and blasting.	https://www.ecfr.gov/on/2026-10-01/title-30/section-77.1300	us-gov-public-domain	30 CFR 77.1300; PART 77 - MANDATORY SAFETY STANDARDS, SURFACE COAL MINES AND SURFACE WORK AREAS OF UNDERGROUND COAL MINES; Subpart N - Explosives and Blasting; eCFR as of 2026-10-01
cfr30-77.1301	77.1301 Explosives; magazines.	https://www.ecfr.gov/on/2026-10-01/title-30/section-77.1301	us-gov-public-domain	30 CFR 77.1301; PART 77 - MANDATORY SAFETY STANDARDS, SURFACE COAL MINES AND SURFACE WORK AREAS OF UNDERGROUND COAL MINES; Subpart N - Explosives and Blasting; eCFR as of 2026-10-01
cfr30-77.1302	77.1302 Vehicles used to transport explosives.	https://www.ecfr.gov/on/2026-10-01/title-30/section-77.1302	us-gov-public-domain	30 CFR 77.1302; PART 77 - MANDATORY SAFETY STANDARDS, SURFACE COAL MINES AND SURFACE WORK AREAS OF UNDERGROUND COAL MINES; Subpart N - Explosives and Blasting; eCFR as of 2026-10-01
cfr30-77.1303	77.1303 Explosives, handling and use.	https://www.ecfr.gov/on/2026-10-01/title-30/section-77.1303	us-gov-public-domain	30 CFR 77.1303; PART 77 - MANDATORY SAFETY STANDARDS, SURFACE COAL MINES AND SURFACE WORK AREAS OF UNDERGROUND COAL MINES; Subpart N - Explosives and Blasting; eCFR as of 2026-10-01
cfr30-77.1304	77.1304 Blasting agents; special provisions.	https://www.ecfr.gov/on/2026-10-01/title-30/section-77.1304	us-gov-public-domain	30 CFR 77.1304; PART 77 - MANDATORY SAFETY STANDARDS, SURFACE COAL MINES AND SURFACE WORK AREAS OF UNDERGROUND COAL MINES; Subpart N - Explosives and Blasting; eCFR as of 2026-10-01
cfr30-77.1400	77.1400 Personnel hoists and elevators.	https://www.ecfr.gov/on/2026-10-01/title-30/section-77.1400	us-gov-public-domain	30 CFR 77.1400; PART 77 - MANDATORY SAFETY STANDARDS, SURFACE COAL MINES AND SURFACE WORK AREAS OF UNDERGROUND COAL MINES; Subpart O - Personnel Hoisting; eCFR as of 2026-10-01
cfr30-77.1401	77.1401 Automatic controls and brakes.	https://www.ecfr.gov/on/2026-10-01/title-30/section-77.1401	us-gov-public-domain	30 CFR 77.1401; PART 77 - MANDATORY SAFETY STANDARDS, SURFACE COAL MINES AND SURFACE WORK AREAS OF UNDERGROUND COAL MINES; Subpart O - Personnel Hoisting; eCFR as of 2026-10-01
cfr30-77.1402	77.1402 Rated capacity.	https://www.ecfr.gov/on/2026-10-01/title-30/section-77.1402	us-gov-public-domain	30 CFR 77.1402; PART 77 - MANDATORY SAFETY STANDARDS, SURFACE COAL MINES AND SURFACE WORK AREAS OF UNDERGROUND COAL MINES; Subpart O - Personnel Hoisting; eCFR as of 2026-10-01
cfr30-77.1402-1	77.1402-1 Maximum load; posting.	https://www.ecfr.gov/on/2026-10-01/title-30/section-77.1402-1	us-gov-public-domain	30 CFR 77.1402-1; PART 77 - MANDATORY SAFETY STANDARDS, SURFACE COAL MINES AND SURFACE WORK AREAS OF UNDERGROUND COAL MINES; Subpart O - Personnel Hoisting; eCFR as of 2026-10-01
cfr30-77.1403	77.1403 Daily examination of hoisting equipment.	https://www.ecfr.gov/on/2026-10-01/title-30/section-77.1403	us-gov-public-domain	30 CFR 77.1403; PART 77 - MANDATORY SAFETY STANDARDS, SURFACE COAL MINES AND SURFACE WORK AREAS OF UNDERGROUND COAL MINES; Subpart O - Personnel Hoisting; eCFR as of 2026-10-01
cfr30-77.1404	77.1404 Certifications and records of daily examinations.	https://www.ecfr.gov/on/2026-10-01/title-30/section-77.1404	us-gov-public-domain	30 CFR 77.1404; PART 77 - MANDATORY SAFETY STANDARDS, SURFACE COAL MINES AND SURFACE WORK AREAS OF UNDERGROUND COAL MINES; Subpart O - Personnel Hoisting; eCFR as of 2026-10-01
cfr30-77.1405	77.1405 Operation of hoisting equipment after repairs.	https://www.ecfr.gov/on/2026-10-01/title-30/section-77.1405	us-gov-public-domain	30 CFR 77.1405; PART 77 - MANDATORY SAFETY STANDARDS, SURFACE COAL MINES AND SURFACE WORK AREAS OF UNDERGROUND COAL MINES; Subpart O - Personnel Hoisting; eCFR as of 2026-10-01
cfr30-77.1430	77.1430 Wire ropes; scope.	https://www.ecfr.gov/on/2026-10-01/title-30/section-77.1430	us-gov-public-domain	30 CFR 77.1430; PART 77 - MANDATORY SAFETY STANDARDS, SURFACE COAL MINES AND SURFACE WORK AREAS OF UNDERGROUND COAL MINES; Subpart O - Personnel Hoisting; eCFR as of 2026-10-01
cfr30-77.1431	77.1431 Minimum rope strength.	https://www.ecfr.gov/on/2026-10-01/title-30/section-77.1431	us-gov-public-domain	30 CFR 77.1431; PART 77 - MANDATORY SAFETY STANDARDS, SURFACE COAL MINES AND SURFACE WORK AREAS OF UNDERGROUND COAL MINES; Subpart O - Personnel Hoisting; eCFR as of 2026-10-01
cfr30-77.1432	77.1432 Initial measurement.	https://www.ecfr.gov/on/2026-10-01/title-30/section-77.1432	us-gov-public-domain	30 CFR 77.1432; PART 77 - MANDATORY SAFETY STANDARDS, SURFACE COAL MINES AND SURFACE WORK AREAS OF UNDERGROUND COAL MINES; Subpart O - Personnel Hoisting; eCFR as of 2026-10-01
cfr30-77.1433	77.1433 Examinations.	https://www.ecfr.gov/on/2026-10-01/title-30/section-77.1433	us-gov-public-domain	30 CFR 77.1433; PART 77 - MANDATORY SAFETY STANDARDS, SURFACE COAL MINES AND SURFACE WORK AREAS OF UNDERGROUND COAL MINES; Subpart O - Personnel Hoisting; eCFR as of 2026-10-01
cfr30-77.1434	77.1434 Retirement criteria.	https://www.ecfr.gov/on/2026-10-01/title-30/section-77.1434	us-gov-public-domain	30 CFR 77.1434; PART 77 - MANDATORY SAFETY STANDARDS, SURFACE COAL MINES AND SURFACE WORK AREAS OF UNDERGROUND COAL MINES; Subpart O - Personnel Hoisting; eCFR as of 2026-10-01
cfr30-77.1435	77.1435 Load end attachments.	https://www.ecfr.gov/on/2026-10-01/title-30/section-77.1435	us-gov-public-domain	30 CFR 77.1435; PART 77 - MANDATORY SAFETY STANDARDS, SURFACE COAL MINES AND SURFACE WORK AREAS OF UNDERGROUND COAL MINES; Subpart O - Personnel Hoisting; eCFR as of 2026-10-01
cfr30-77.1436	77.1436 Drum end attachment.	https://www.ecfr.gov/on/2026-10-01/title-30/section-77.1436	us-gov-public-domain	30 CFR 77.1436; PART 77 - MANDATORY SAFETY STANDARDS, SURFACE COAL MINES AND SURFACE WORK AREAS OF UNDERGROUND COAL MINES; Subpart O - Personnel Hoisting; eCFR as of 2026-10-01
cfr30-77.1437	77.1437 End attachment retermination.	https://www.ecfr.gov/on/2026-10-01/title-30/section-77.1437	us-gov-public-domain	30 CFR 77.1437; PART 77 - MANDATORY SAFETY STANDARDS, SURFACE COAL MINES AND SURFACE WORK AREAS OF UNDERGROUND COAL MINES; Subpart O - Personnel Hoisting; eCFR as of 2026-10-01
cfr30-77.1438	77.1438 End attachment replacement.	https://www.ecfr.gov/on/2026-10-01/title-30/section-77.1438	us-gov-public-domain	30 CFR 77.1438; PART 77 - MANDATORY SAFETY STANDARDS, SURFACE COAL MINES AND SURFACE WORK AREAS OF UNDERGROUND COAL MINES; Subpart O - Personnel Hoisting; eCFR as of 2026-10-01
cfr30-77.1500	77.1500 Auger mining; planning.	https://www.ecfr.gov/on/2026-10-01/title-30/section-77.1500	us-gov-public-domain	30 CFR 77.1500; PART 77 - MANDATORY SAFETY STANDARDS, SURFACE COAL MINES AND SURFACE WORK AREAS OF UNDERGROUND COAL MINES; Subpart P - Auger Mining; eCFR as of 2026-10-01
cfr30-77.1501	77.1501 Auger mining; inspections.	https://www.ecfr.gov/on/2026-10-01/title-30/section-77.1501	us-gov-public-domain	30 CFR 77.1501; PART 77 - MANDATORY SAFETY STANDARDS, SURFACE COAL MINES AND SURFACE WORK AREAS OF UNDERGROUND COAL MINES; Subpart P - Auger Mining; eCFR as of 2026-10-01
cfr30-77.1502	77.1502 Auger holes; restriction against entering.	https://www.ecfr.gov/on/2026-10-01/title-30/section-77.1502	us-gov-public-domain	30 CFR 77.1502; PART 77 - MANDATORY SAFETY STANDARDS, SURFACE COAL MINES AND SURFACE WORK AREAS OF UNDERGROUND COAL MINES; Subpart P - Auger Mining; eCFR as of 2026-10-01
cfr30-77.1503	77.1503 Augering equipment; overhead protection.	https://www.ecfr.gov/on/2026-10-01/title-30/section-77.1503	us-gov-public-domain	30 CFR 77.1503; PART 77 - MANDATORY SAFETY STANDARDS, SURFACE COAL MINES AND SURFACE WORK AREAS OF UNDERGROUND COAL MINES; Subpart P - Auger Mining; eCFR as of 2026-10-01
cfr30-77.1504	77.1504 Auger equipment; operation.	https://www.ecfr.gov/on/2026-10-01/title-30/section-77.1504	us-gov-public-domain	30 CFR 77.1504; PART 77 - MANDATORY SAFETY STANDARDS, SURFACE COAL MINES AND SURFACE WORK AREAS OF UNDERGROUND COAL MINES; Subpart P - Auger Mining; eCFR as of 2026-10-01
cfr30-77.1505	77.1505 Auger holes; blocking.	https://www.ecfr.gov/on/2026-10-01/title-30/section-77.1505	us-gov-public-domain	30 CFR 77.1505; PART 77 - MANDATORY SAFETY STANDARDS, SURFACE COAL MINES AND SURFACE WORK AREAS OF UNDERGROUND COAL MINES; Subpart P - Auger Mining; eCFR as of 2026-10-01
cfr30-77.1600	77.1600 Loading and haulage; general.	https://www.ecfr.gov/on/2026-10-01/title-30/section-77.1600	us-gov-public-domain	30 CFR 77.1600; PART 77 - MANDATORY SAFETY STANDARDS, SURFACE COAL MINES AND SURFACE WORK AREAS OF UNDERGROUND COAL MINES; Subpart Q - Loading and Haulage; eCFR as of 2026-10-01
cfr30-77.1601	77.1601 Transportation of persons; restrictions.	https://www.ecfr.gov/on/2026-10-01/title-30/section-77.1601	us-gov-public-domain	30 CFR 77.1601; PART 77 - MANDATORY SAFETY STANDARDS, SURFACE COAL MINES AND SURFACE WORK AREAS OF UNDERGROUND COAL MINES; Subpart Q - Loading and Haulage; eCFR as of 2026-10-01
cfr30-77.1602	77.1602 Use of aerial tramways to transport persons.	https://www.ecfr.gov/on/2026-10-01/title-30/section-77.1602	us-gov-public-domain	30 CFR 77.1602; PART 77 - MANDATORY SAFETY STANDARDS, SURFACE COAL MINES AND SURFACE WORK AREAS OF UNDERGROUND COAL MINES; Subpart Q - Loading and Haulage; eCFR as of 2026-10-01
cfr30-77.1603	77.1603 Trains and locomotives; authorized persons.	https://www.ecfr.gov/on/2026-10-01/title-30/section-77.1603	us-gov-public-domain	30 CFR 77.1603; PART 77 - MANDATORY SAFETY STANDARDS, SURFACE COAL MINES AND SURFACE WORK AREAS OF UNDERGROUND COAL MINES; Subpart Q - Loading and Haulage; eCFR as of 2026-10-01
cfr30-77.1604	77.1604 Transportation of persons; overcrowding.	https://www.ecfr.gov/on/2026-10-01/title-30/section-77.1604	us-gov-public-domain	30 CFR 77.1604; PART 77 - MANDATORY SAFETY STANDARDS, SURFACE COAL MINES AND SURFACE WORK AREAS OF UNDERGROUND COAL MINES; Subpart Q - Loading and Haulage; eCFR as of 2026-10-01
cfr30-77.1605	77.1605 Loading and haulage equipment; installations.	https://www.ecfr.gov/on/2026-10-01/title-30/section-77.1605	us-gov-public-domain	30 CFR 77.1605; PART 77 - MANDATORY SAFETY STANDARDS, SURFACE COAL MINES AND SURFACE WORK AREAS OF UNDERGROUND COAL MINES; Subpart Q - Loading and Haulage; eCFR as of 2026-10-01
cfr30-77.1606	77.1606 Loading and haulage equipment; inspection and maintenance.	https://www.ecfr.gov/on/2026-10-01/title-30/section-77.1606	us-gov-public-domain	30 CFR 77.1606; PART 77 - MANDATORY SAFETY STANDARDS, SURFACE COAL MINES AND SURFACE WORK AREAS OF UNDERGROUND COAL MINES; Subpart Q - Loading and Haulage; eCFR as of 2026-10-01
cfr30-77.1607	77.1607 Loading and haulage equipment; operation.	https://www.ecfr.gov/on/2026-10-01/title-30/section-77.1607	us-gov-public-domain	30 CFR 77.1607; PART 77 - MANDATORY SAFETY STANDARDS, SURFACE COAL MINES AND SURFACE WORK AREAS OF UNDERGROUND COAL MINES; Subpart Q - Loading and Haulage; eCFR as of 2026-10-01
cfr30-77.1608	77.1608 Dumping facilities.	https://www.ecfr.gov/on/2026-10-01/title-30/section-77.1608	us-gov-public-domain	30 CFR 77.1608; PART 77 - MANDATORY SAFETY STANDARDS, SURFACE COAL MINES AND SURFACE WORK AREAS OF UNDERGROUND COAL MINES; Subpart Q - Loading and Haulage; eCFR as of 2026-10-01
cfr30-77.1700	77.1700 Communications in work areas.	https://www.ecfr.gov/on/2026-10-01/title-30/section-77.1700	us-gov-public-domain	30 CFR 77.1700; PART 77 - MANDATORY SAFETY STANDARDS, SURFACE COAL MINES AND SURFACE WORK AREAS OF UNDERGROUND COAL MINES; Subpart R - Miscellaneous; eCFR as of 2026-10-01
cfr30-77.1701	77.1701 Emergency communications; requirements.	https://www.ecfr.gov/on/2026-10-01/title-30/section-77.1701	us-gov-public-domain	30 CFR 77.1701; PART 77 - MANDATORY SAFETY STANDARDS, SURFACE COAL MINES AND SURFACE WORK AREAS OF UNDERGROUND COAL MINES; Subpart R - Miscellaneous; eCFR as of 2026-10-01
cfr30-77.1702	77.1702 Arrangements for emergency medical assistance and transportation for injured persons; reporting requirements; posting requirements.	https://www.ecfr.gov/on/2026-10-01/title-30/section-77.1702	us-gov-public-domain	30 CFR 77.1702; PART 77 - MANDATORY SAFETY STANDARDS, SURFACE COAL MINES AND SURFACE WORK AREAS OF UNDERGROUND COAL MINES; Subpart R - Miscellaneous; eCFR as of 2026-10-01
cfr30-77.1703	77.1703 First-Aid training; supervisory employees.	https://www.ecfr.gov/on/2026-10-01/title-30/section-77.1703	us-gov-public-domain	30 CFR 77.1703; PART 77 - MANDATORY SAFETY STANDARDS, SURFACE COAL MINES AND SURFACE WORK AREAS OF UNDERGROUND COAL MINES; Subpart R - Miscellaneous; eCFR as of 2026-10-01
cfr30-77.1704	77.1704 First aid training program; availability of instruction to all miners.	https://www.ecfr.gov/on/2026-10-01/title-30/section-77.1704	us-gov-public-domain	30 CFR 77.1704; PART 77 - MANDATORY SAFETY STANDARDS, SURFACE COAL MINES AND SURFACE WORK AREAS OF UNDERGROUND COAL MINES; Subpart R - Miscellaneous; eCFR as of 2026-10-01
cfr30-77.1705	77.1705 First aid training program; retraining of supervisory employees; availability to all miners.	https://www.ecfr.gov/on/2026-10-01/title-30/section-77.1705	us-gov-public-domain	30 CFR 77.1705; PART 77 - MANDATORY SAFETY STANDARDS, SURFACE COAL MINES AND SURFACE WORK AREAS OF UNDERGROUND COAL MINES; Subpart R - Miscellaneous; eCFR as of 2026-10-01
cfr30-77.1706	77.1706 First aid training program; minimum requirements.	https://www.ecfr.gov/on/2026-10-01/title-30/section-77.1706	us-gov-public-domain	30 CFR 77.1706; PART 77 - MANDATORY SAFETY STANDARDS, SURFACE COAL MINES AND SURFACE WORK AREAS OF UNDERGROUND COAL MINES; Subpart R - Miscellaneous; eCFR as of 2026-10-01
cfr30-77.1707	77.1707 First aid equipment; location; minimum requirements.	https://www.ecfr.gov/on/2026-10-01/title-30/section-77.1707	us-gov-public-domain	30 CFR 77.1707; PART 77 - MANDATORY SAFETY STANDARDS, SURFACE COAL MINES AND SURFACE WORK AREAS OF UNDERGROUND COAL MINES; Subpart R - Miscellaneous; eCFR as of 2026-10-01
cfr30-77.1708	77.1708 Safety program; instruction of persons employed at the mine.	https://www.ecfr.gov/on/2026-10-01/title-30/section-77.1708	us-gov-public-domain	30 CFR 77.1708; PART 77 - MANDATORY SAFETY STANDARDS, SURFACE COAL MINES AND SURFACE WORK AREAS OF UNDERGROUND COAL MINES; Subpart R - Miscellaneous; eCFR as of 2026-10-01
cfr30-77.1710	77.1710 Protective clothing; requirements.	https://www.ecfr.gov/on/2026-10-01/title-30/section-77.1710	us-gov-public-domain	30 CFR 77.1710; PART 77 - MANDATORY SAFETY STANDARDS, SURFACE COAL MINES AND SURFACE WORK AREAS OF UNDERGROUND COAL MINES; Subpart R - Miscellaneous; eCFR as of 2026-10-01
cfr30-77.1710-1	77.1710-1 Distinctively colored hard hats or hard caps; identification for newly employed, inexperienced miners.	https://www.ecfr.gov/on/2026-10-01/title-30/section-77.1710-1	us-gov-public-domain	30 CFR 77.1710-1; PART 77 - MANDATORY SAFETY STANDARDS, SURFACE COAL MINES AND SURFACE WORK AREAS OF UNDERGROUND COAL MINES; Subpart R - Miscellaneous; eCFR as of 2026-10-01
cfr30-77.1711	77.1711 Smoking prohibition.	https://www.ecfr.gov/on/2026-10-01/title-30/section-77.1711	us-gov-public-domain	30 CFR 77.1711; PART 77 - MANDATORY SAFETY STANDARDS, SURFACE COAL MINES AND SURFACE WORK AREAS OF UNDERGROUND COAL MINES; Subpart R - Miscellaneous; eCFR as of 2026-10-01
cfr30-77.1712	77.1712 Reopening mines; notification; inspection prior to mining.	https://www.ecfr.gov/on/2026-10-01/title-30/section-77.1712	us-gov-public-domain	30 CFR 77.1712; PART 77 - MANDATORY SAFETY STANDARDS, SURFACE COAL MINES AND SURFACE WORK AREAS OF UNDERGROUND COAL MINES; Subpart R - Miscellaneous; eCFR as of 2026-10-01
cfr30-77.1713	77.1713 Daily inspection of surface coal mine; certified person; reports of inspection.	https://www.ecfr.gov/on/2026-10-01/title-30/section-77.1713	us-gov-public-domain	30 CFR 77.1713; PART 77 - MANDATORY SAFETY STANDARDS, SURFACE COAL MINES AND SURFACE WORK AREAS OF UNDERGROUND COAL MINES; Subpart R - Miscellaneous; eCFR as of 2026-10-01
cfr30-77.1800	77.1800 Cutout switches.	https://www.ecfr.gov/on/2026-10-01/title-30/section-77.1800	us-gov-public-domain	30 CFR 77.1800; PART 77 - MANDATORY SAFETY STANDARDS, SURFACE COAL MINES AND SURFACE WORK AREAS OF UNDERGROUND COAL MINES; Subpart S - Trolley Wires and Trolley Feeder Wires; eCFR as of 2026-10-01
cfr30-77.1801	77.1801 Overcurrent protection.	https://www.ecfr.gov/on/2026-10-01/title-30/section-77.1801	us-gov-public-domain	30 CFR 77.1801; PART 77 - MANDATORY SAFETY STANDARDS, SURFACE COAL MINES AND SURFACE WORK AREAS OF UNDERGROUND COAL MINES; Subpart S - Trolley Wires and Trolley Feeder Wires; eCFR as of 2026-10-01
cfr30-77.1801-1	77.1801-1 Devices for overcurrent protection.	https://www.ecfr.gov/on/2026-10-01/title-30/section-77.1801-1	us-gov-public-domain	30 CFR 77.1801-1; PART 77 - MANDATORY SAFETY STANDARDS, SURFACE COAL MINES AND SURFACE WORK AREAS OF UNDERGROUND COAL MINES; Subpart S - Trolley Wires and Trolley Feeder Wires; eCFR as of 2026-10-01
cfr30-77.1802	77.1802 Insulation of trolley wires, trolley feeder wires and bare signal wires; guarding of trolley wires and trolley feeder wires.	https://www.ecfr.gov/on/2026-10-01/title-30/section-77.1802	us-gov-public-domain	30 CFR 77.1802; PART 77 - MANDATORY SAFETY STANDARDS, SURFACE COAL MINES AND SURFACE WORK AREAS OF UNDERGROUND COAL MINES; Subpart S - Trolley Wires and Trolley Feeder Wires; eCFR as of 2026-10-01
cfr30-77.1900	77.1900 Slopes and shafts; approval of plans.	https://www.ecfr.gov/on/2026-10-01/title-30/section-77.1900	us-gov-public-domain	30 CFR 77.1900; PART 77 - MANDATORY SAFETY STANDARDS, SURFACE COAL MINES AND SURFACE WORK AREAS OF UNDERGROUND COAL MINES; Subpart T - Slope and Shaft Sinking; eCFR as of 2026-10-01
cfr30-77.1900-1	77.1900-1 Compliance with approved slope and shaft sinking plans.	https://www.ecfr.gov/on/2026-10-01/title-30/section-77.1900-1	us-gov-public-domain	30 CFR 77.1900-1; PART 77 - MANDATORY SAFETY STANDARDS, SURFACE COAL MINES AND SURFACE WORK AREAS OF UNDERGROUND COAL MINES; Subpart T - Slope and Shaft Sinking; eCFR as of 2026-10-01
cfr30-77.1901	77.1901 Preshift and onshift inspections; reports.	https://www.ecfr.gov/on/2026-10-01/title-30/section-77.1901	us-gov-public-domain	30 CFR 77.1901; PART 77 - MANDATORY SAFETY STANDARDS, SURFACE COAL MINES AND SURFACE WORK AREAS OF UNDERGROUND COAL MINES; Subpart T - Slope and Shaft Sinking; eCFR as of 2026-10-01
cfr30-77.1901-1	77.1901-1 Methane and oxygen deficiency tests; approved devices.	https://www.ecfr.gov/on/2026-10-01/title-30/section-77.1901-1	us-gov-public-domain	30 CFR 77.1901-1; PART 77 - MANDATORY SAFETY STANDARDS, SURFACE COAL MINES AND SURFACE WORK AREAS OF UNDERGROUND COAL MINES; Subpart T - Slope and Shaft Sinking; eCFR as of 2026-10-01
cfr30-77.1902	77.1902 Drilling and mucking operations.	https://www.ecfr.gov/on/2026-10-01/title-30/section-77.1902	us-gov-public-domain	30 CFR 77.1902; PART 77 - MANDATORY SAFETY STANDARDS, SURFACE COAL MINES AND SURFACE WORK AREAS OF UNDERGROUND COAL MINES; Subpart T - Slope and Shaft Sinking; eCFR as of 2026-10-01
cfr30-77.1902-1	77.1902-1 Permissible diesel-powered equipment.	https://www.ecfr.gov/on/2026-10-01/title-30/section-77.1902-1	us-gov-public-domain	30 CFR 77.1902-1; PART 77 - MANDATORY SAFETY STANDARDS, SURFACE COAL MINES AND SURFACE WORK AREAS OF UNDERGROUND COAL MINES; Subpart T - Slope and Shaft Sinking; eCFR as of 2026-10-01
cfr30-77.1903	77.1903 Hoists and hoisting; minimum requirements.	https://www.ecfr.gov/on/2026-10-01/title-30/section-77.1903	us-gov-public-domain	30 CFR 77.1903; PART 77 - MANDATORY SAFETY STANDARDS, SURFACE COAL MINES AND SURFACE WORK AREAS OF UNDERGROUND COAL MINES; Subpart T - Slope and Shaft Sinking; eCFR as of 2026-10-01
cfr30-77.1904	77.1904 Communications between slope and shaft bottoms and hoist operators.	https://www.ecfr.gov/on/2026-10-01/title-30/section-77.1904	us-gov-public-domain	30 CFR 77.1904; PART 77 - MANDATORY SAFETY STANDARDS, SURFACE COAL MINES AND SURFACE WORK AREAS OF UNDERGROUND COAL MINES; Subpart T - Slope and Shaft Sinking; eCFR as of 2026-10-01
cfr30-77.1905	77.1905 Hoist safeguards; general.	https://www.ecfr.gov/on/2026-10-01/title-30/section-77.1905	us-gov-public-domain	30 CFR 77.1905; PART 77 - MANDATORY SAFETY STANDARDS, SURFACE COAL MINES AND SURFACE WORK AREAS OF UNDERGROUND COAL MINES; Subpart T - Slope and Shaft Sinking; eCFR as of 2026-10-01
cfr30-77.1906	77.1906 Hoists; daily inspection.	https://www.ecfr.gov/on/2026-10-01/title-30/section-77.1906	us-gov-public-domain	30 CFR 77.1906; PART 77 - MANDATORY SAFETY STANDARDS, SURFACE COAL MINES AND SURFACE WORK AREAS OF UNDERGROUND COAL MINES; Subpart T - Slope and Shaft Sinking; eCFR as of 2026-10-01
cfr30-77.1907	77.1907 Hoist construction; general.	https://www.ecfr.gov/on/2026-10-01/title-30/section-77.1907	us-gov-public-domain	30 CFR 77.1907; PART 77 - MANDATORY SAFETY STANDARDS, SURFACE COAL MINES AND SURFACE WORK AREAS OF UNDERGROUND COAL MINES; Subpart T - Slope and Shaft Sinking; eCFR as of 2026-10-01
cfr30-77.1908	77.1908 Hoist installations; use.	https://www.ecfr.gov/on/2026-10-01/title-30/section-77.1908	us-gov-public-domain	30 CFR 77.1908; PART 77 - MANDATORY SAFETY STANDARDS, SURFACE COAL MINES AND SURFACE WORK AREAS OF UNDERGROUND COAL MINES; Subpart T - Slope and Shaft Sinking; eCFR as of 2026-10-01
cfr30-77.1908-1	77.1908-1 Hoist operation; qualified hoistman.	https://www.ecfr.gov/on/2026-10-01/title-30/section-77.1908-1	us-gov-public-domain	30 CFR 77.1908-1; PART 77 - MANDATORY SAFETY STANDARDS, SURFACE COAL MINES AND SURFACE WORK AREAS OF UNDERGROUND COAL MINES; Subpart T - Slope and Shaft Sinking; eCFR as of 2026-10-01
cfr30-77.1909	77.1909 Explosives and blasting; use of permissible explosives and shot-firing units.	https://www.ecfr.gov/on/2026-10-01/title-30/section-77.1909	us-gov-public-domain	30 CFR 77.1909; PART 77 - MANDATORY SAFETY STANDARDS, SURFACE COAL MINES AND SURFACE WORK AREAS OF UNDERGROUND COAL MINES; Subpart T - Slope and Shaft Sinking; eCFR as of 2026-10-01
cfr30-77.1909-1	77.1909-1 Use of nonpermissible explosives and nonpermissible shot-firing units; approval by Health and Safety District Manager.	https://www.ecfr.gov/on/2026-10-01/title-30/section-77.1909-1	us-gov-public-domain	30 CFR 77.1909-1; PART 77 - MANDATORY SAFETY STANDARDS, SURFACE COAL MINES AND SURFACE WORK AREAS OF UNDERGROUND COAL MINES; Subpart T - Slope and Shaft Sinking; eCFR as of 2026-10-01
cfr30-77.1910	77.1910 Explosives and blasting; general.	https://www.ecfr.gov/on/2026-10-01/title-30/section-77.1910	us-gov-public-domain	30 CFR 77.1910; PART 77 - MANDATORY SAFETY STANDARDS, SURFACE COAL MINES AND SURFACE WORK AREAS OF UNDERGROUND COAL MINES; Subpart T - Slope and Shaft Sinking; eCFR as of 2026-10-01
cfr30-77.1911	77.1911 Ventilation of slopes and shafts.	https://www.ecfr.gov/on/2026-10-01/title-30/section-77.1911	us-gov-public-domain	30 CFR 77.1911; PART 77 - MANDATORY SAFETY STANDARDS, SURFACE COAL MINES AND SURFACE WORK AREAS OF UNDERGROUND COAL MINES; Subpart T - Slope and Shaft Sinking; eCFR as of 2026-10-01
cfr30-77.1912	77.1912 Ladders and stairways.	https://www.ecfr.gov/on/2026-10-01/title-30/section-77.1912	us-gov-public-domain	30 CFR 77.1912; PART 77 - MANDATORY SAFETY STANDARDS, SURFACE COAL MINES AND SURFACE WORK AREAS OF UNDERGROUND COAL MINES; Subpart T - Slope and Shaft Sinking; eCFR as of 2026-10-01
cfr30-77.1913	77.1913 Fire-resistant wood.	https://www.ecfr.gov/on/2026-10-01/title-30/section-77.1913	us-gov-public-domain	30 CFR 77.1913; PART 77 - MANDATORY SAFETY STANDARDS, SURFACE COAL MINES AND SURFACE WORK AREAS OF UNDERGROUND COAL MINES; Subpart T - Slope and Shaft Sinking; eCFR as of 2026-10-01
cfr30-77.1914	77.1914 Electrical equipment.	https://www.ecfr.gov/on/2026-10-01/title-30/section-77.1914	us-gov-public-domain	30 CFR 77.1914; PART 77 - MANDATORY SAFETY STANDARDS, SURFACE COAL MINES AND SURFACE WORK AREAS OF UNDERGROUND COAL MINES; Subpart T - Slope and Shaft Sinking; eCFR as of 2026-10-01
cfr30-77.1915	77.1915 Storage and handling of combustible materials.	https://www.ecfr.gov/on/2026-10-01/title-30/section-77.1915	us-gov-public-domain	30 CFR 77.1915; PART 77 - MANDATORY SAFETY STANDARDS, SURFACE COAL MINES AND SURFACE WORK AREAS OF UNDERGROUND COAL MINES; Subpart T - Slope and Shaft Sinking; eCFR as of 2026-10-01
cfr30-77.1916	77.1916 Welding, cutting, and soldering; fire protection.	https://www.ecfr.gov/on/2026-10-01/title-30/section-77.1916	us-gov-public-domain	30 CFR 77.1916; PART 77 - MANDATORY SAFETY STANDARDS, SURFACE COAL MINES AND SURFACE WORK AREAS OF UNDERGROUND COAL MINES; Subpart T - Slope and Shaft Sinking; eCFR as of 2026-10-01
cfr30-77.2100	77.2100 Purpose and scope.	https://www.ecfr.gov/on/2026-10-01/title-30/section-77.2100	us-gov-public-domain	30 CFR 77.2100; PART 77 - MANDATORY SAFETY STANDARDS, SURFACE COAL MINES AND SURFACE WORK AREAS OF UNDERGROUND COAL MINES; Subpart V - Safety Program for Surface Mobile Equipment; eCFR as of 2026-10-01
cfr30-77.2101	77.2101 Definitions.	https://www.ecfr.gov/on/2026-10-01/title-30/section-77.2101	us-gov-public-domain	30 CFR 77.2101; PART 77 - MANDATORY SAFETY STANDARDS, SURFACE COAL MINES AND SURFACE WORK AREAS OF UNDERGROUND COAL MINES; Subpart V - Safety Program for Surface Mobile Equipment; eCFR as of 2026-10-01
cfr30-77.2102	77.2102 Written safety program.	https://www.ecfr.gov/on/2026-10-01/title-30/section-77.2102	us-gov-public-domain	30 CFR 77.2102; PART 77 - MANDATORY SAFETY STANDARDS, SURFACE COAL MINES AND SURFACE WORK AREAS OF UNDERGROUND COAL MINES; Subpart V - Safety Program for Surface Mobile Equipment; eCFR as of 2026-10-01
cfr30-77.2103	77.2103 Requirements for written safety program.	https://www.ecfr.gov/on/2026-10-01/title-30/section-77.2103	us-gov-public-domain	30 CFR 77.2103; PART 77 - MANDATORY SAFETY STANDARDS, SURFACE COAL MINES AND SURFACE WORK AREAS OF UNDERGROUND COAL MINES; Subpart V - Safety Program for Surface Mobile Equipment; eCFR as of 2026-10-01
cfr30-77.2104	77.2104 Record and inspection.	https://www.ecfr.gov/on/2026-10-01/title-30/section-77.2104	us-gov-public-domain	30 CFR 77.2104; PART 77 - MANDATORY SAFETY STANDARDS, SURFACE COAL MINES AND SURFACE WORK AREAS OF UNDERGROUND COAL MINES; Subpart V - Safety Program for Surface Mobile Equipment; eCFR as of 2026-10-01
cfr30-90.1	90.1 Scope.	https://www.ecfr.gov/on/2026-10-01/title-30/section-90.1	us-gov-public-domain	30 CFR 90.1; PART 90 - MANDATORY HEALTH STANDARDS - COAL MINERS WHO HAVE EVIDENCE OF THE DEVELOPMENT OF PNEUMOCONIOSIS; Subpart A - General; eCFR as of 2026-10-01
cfr30-90.2	90.2 Definitions.	https://www.ecfr.gov/on/2026-10-01/title-30/section-90.2	us-gov-public-domain	30 CFR 90.2; PART 90 - MANDATORY HEALTH STANDARDS - COAL MINERS WHO HAVE EVIDENCE OF THE DEVELOPMENT OF PNEUMOCONIOSIS; Subpart A - General; eCFR as of 2026-10-01
cfr30-90.3	90.3 Part 90 option; notice of eligibility; exercise of option.	https://www.ecfr.gov/on/2026-10-01/title-30/section-90.3	us-gov-public-domain	30 CFR 90.3; PART 90 - MANDATORY HEALTH STANDARDS - COAL MINERS WHO HAVE EVIDENCE OF THE DEVELOPMENT OF PNEUMOCONIOSIS; Subpart A - General; eCFR as of 2026-10-01
cfr30-90.100	90.100 Respirable dust standard.	https://www.ecfr.gov/on/2026-10-01/title-30/section-90.100	us-gov-public-domain	30 CFR 90.100; PART 90 - MANDATORY HEALTH STANDARDS - COAL MINERS WHO HAVE EVIDENCE OF THE DEVELOPMENT OF PNEUMOCONIOSIS; Subpart B - Dust Standards, Rights of Part 90 Miners; eCFR as of 2026-10-01
cfr30-90.102	90.102 Transfer; notice.	https://www.ecfr.gov/on/2026-10-01/title-30/section-90.102	us-gov-public-domain	30 CFR 90.102; PART 90 - MANDATORY HEALTH STANDARDS - COAL MINERS WHO HAVE EVIDENCE OF THE DEVELOPMENT OF PNEUMOCONIOSIS; Subpart B - Dust Standards, Rights of Part 90 Miners; eCFR as of 2026-10-01
cfr30-90.103	90.103 Compensation.	https://www.ecfr.gov/on/2026-10-01/title-30/section-90.103	us-gov-public-domain	30 CFR 90.103; PART 90 - MANDATORY HEALTH STANDARDS - COAL MINERS WHO HAVE EVIDENCE OF THE DEVELOPMENT OF PNEUMOCONIOSIS; Subpart B - Dust Standards, Rights of Part 90 Miners; eCFR as of 2026-10-01
cfr30-90.104	90.104 Waiver of rights; re-exercise of option.	https://www.ecfr.gov/on/2026-10-01/title-30/section-90.104	us-gov-public-domain	30 CFR 90.104; PART 90 - MANDATORY HEALTH STANDARDS - COAL MINERS WHO HAVE EVIDENCE OF THE DEVELOPMENT OF PNEUMOCONIOSIS; Subpart B - Dust Standards, Rights of Part 90 Miners; eCFR as of 2026-10-01
cfr30-90.201	90.201 Sampling; general and technical requirements.	https://www.ecfr.gov/on/2026-10-01/title-30/section-90.201	us-gov-public-domain	30 CFR 90.201; PART 90 - MANDATORY HEALTH STANDARDS - COAL MINERS WHO HAVE EVIDENCE OF THE DEVELOPMENT OF PNEUMOCONIOSIS; Subpart C - Sampling Procedures; eCFR as of 2026-10-01
cfr30-90.202	90.202 Certified person; sampling.	https://www.ecfr.gov/on/2026-10-01/title-30/section-90.202	us-gov-public-domain	30 CFR 90.202; PART 90 - MANDATORY HEALTH STANDARDS - COAL MINERS WHO HAVE EVIDENCE OF THE DEVELOPMENT OF PNEUMOCONIOSIS; Subpart C - Sampling Procedures; eCFR as of 2026-10-01
cfr30-90.203	90.203 Certified person; maintenance and calibration.	https://www.ecfr.gov/on/2026-10-01/title-30/section-90.203	us-gov-public-domain	30 CFR 90.203; PART 90 - MANDATORY HEALTH STANDARDS - COAL MINERS WHO HAVE EVIDENCE OF THE DEVELOPMENT OF PNEUMOCONIOSIS; Subpart C - Sampling Procedures; eCFR as of 2026-10-01
cfr30-90.204	90.204 Approved sampling devices; maintenance and calibration.	https://www.ecfr.gov/on/2026-10-01/title-30/section-90.204	us-gov-public-domain	30 CFR 90.204; PART 90 - MANDATORY HEALTH STANDARDS - COAL MINERS WHO HAVE EVIDENCE OF THE DEVELOPMENT OF PNEUMOCONIOSIS; Subpart C - Sampling Procedures; eCFR as of 2026-10-01
cfr30-90.205	90.205 Approved sampling devices; operation; air flowrate.	https://www.ecfr.gov/on/2026-10-01/title-30/section-90.205	us-gov-public-domain	30 CFR 90.205; PART 90 - MANDATORY HEALTH STANDARDS - COAL MINERS WHO HAVE EVIDENCE OF THE DEVELOPMENT OF PNEUMOCONIOSIS; Subpart C - Sampling Procedures; eCFR as of 2026-10-01
cfr30-90.206	90.206 Exercise of option or transfer sampling.	https://www.ecfr.gov/on/2026-10-01/title-30/section-90.206	us-gov-public-domain	30 CFR 90.206; PART 90 - MANDATORY HEALTH STANDARDS - COAL MINERS WHO HAVE EVIDENCE OF THE DEVELOPMENT OF PNEUMOCONIOSIS; Subpart C - Sampling Procedures; eCFR as of 2026-10-01
cfr30-90.207	90.207 Quarterly sampling.	https://www.ecfr.gov/on/2026-10-01/title-30/section-90.207	us-gov-public-domain	30 CFR 90.207; PART 90 - MANDATORY HEALTH STANDARDS - COAL MINERS WHO HAVE EVIDENCE OF THE DEVELOPMENT OF PNEUMOCONIOSIS; Subpart C - Sampling Procedures; eCFR as of 2026-10-01
cfr30-90.208	90.208 Respirable dust samples; transmission by operator.	https://www.ecfr.gov/on/2026-10-01/title-30/section-90.208	us-gov-public-domain	30 CFR 90.208; PART 90 - MANDATORY HEALTH STANDARDS - COAL MINERS WHO HAVE EVIDENCE OF THE DEVELOPMENT OF PNEUMOCONIOSIS; Subpart C - Sampling Procedures; eCFR as of 2026-10-01
cfr30-90.209	90.209 Respirable dust samples; report to operator.	https://www.ecfr.gov/on/2026-10-01/title-30/section-90.209	us-gov-public-domain	30 CFR 90.209; PART 90 - MANDATORY HEALTH STANDARDS - COAL MINERS WHO HAVE EVIDENCE OF THE DEVELOPMENT OF PNEUMOCONIOSIS; Subpart C - Sampling Procedures; eCFR as of 2026-10-01
cfr30-90.210	90.210 Status change reports.	https://www.ecfr.gov/on/2026-10-01/title-30/section-90.210	us-gov-public-domain	30 CFR 90.210; PART 90 - MANDATORY HEALTH STANDARDS - COAL MINERS WHO HAVE EVIDENCE OF THE DEVELOPMENT OF PNEUMOCONIOSIS; Subpart C - Sampling Procedures; eCFR as of 2026-10-01
cfr30-90.300	90.300 Respirable dust control plan; filing requirements.	https://www.ecfr.gov/on/2026-10-01/title-30/section-90.300	us-gov-public-domain	30 CFR 90.300; PART 90 - MANDATORY HEALTH STANDARDS - COAL MINERS WHO HAVE EVIDENCE OF THE DEVELOPMENT OF PNEUMOCONIOSIS; Subpart D - Respirable Dust Control Plans; eCFR as of 2026-10-01
cfr30-90.301	90.301 Respirable dust control plan; approval by District Manager; copy to part 90 miner.	https://www.ecfr.gov/on/2026-10-01/title-30/section-90.301	us-gov-public-domain	30 CFR 90.301; PART 90 - MANDATORY HEALTH STANDARDS - COAL MINERS WHO HAVE EVIDENCE OF THE DEVELOPMENT OF PNEUMOCONIOSIS; Subpart D - Respirable Dust Control Plans; eCFR as of 2026-10-01
cfr30-100.1	100.1 Scope and purpose.	https://www.ecfr.gov/on/2026-10-01/title-30/section-100.1	us-gov-public-domain	30 CFR 100.1; PART 100 - CRITERIA AND PROCEDURES FOR PROPOSED ASSESSMENT OF CIVIL PENALTIES; eCFR as of 2026-10-01
cfr30-100.2	100.2 Applicability.	https://www.ecfr.gov/on/2026-10-01/title-30/section-100.2	us-gov-public-domain	30 CFR 100.2; PART 100 - CRITERIA AND PROCEDURES FOR PROPOSED ASSESSMENT OF CIVIL PENALTIES; eCFR as of 2026-10-01
cfr30-100.3	100.3 Determination of penalty amount; regular assessment.	https://www.ecfr.gov/on/2026-10-01/title-30/section-100.3	us-gov-public-domain	30 CFR 100.3; PART 100 - CRITERIA AND PROCEDURES FOR PROPOSED ASSESSMENT OF CIVIL PENALTIES; eCFR as of 2026-10-01
cfr30-100.4	100.4 Unwarrantable failure and immediate notification.	https://www.ecfr.gov/on/2026-10-01/title-30/section-100.4	us-gov-public-domain	30 CFR 100.4; PART 100 - CRITERIA AND PROCEDURES FOR PROPOSED ASSESSMENT OF CIVIL PENALTIES; eCFR as of 2026-10-01
cfr30-100.5	100.5 Determination of penalty amount; special assessment.	https://www.ecfr.gov/on/2026-10-01/title-30/section-100.5	us-gov-public-domain	30 CFR 100.5; PART 100 - CRITERIA AND PROCEDURES FOR PROPOSED ASSESSMENT OF CIVIL PENALTIES; eCFR as of 2026-10-01
cfr30-100.6	100.6 Procedures for review of citations and orders; procedures for assessment of civil penalties and conferences.	https://www.ecfr.gov/on/2026-10-01/title-30/section-100.6	us-gov-public-domain	30 CFR 100.6; PART 100 - CRITERIA AND PROCEDURES FOR PROPOSED ASSESSMENT OF CIVIL PENALTIES; eCFR as of 2026-10-01
cfr30-100.7	100.7 Notice of proposed penalty; notice of contest.	https://www.ecfr.gov/on/2026-10-01/title-30/section-100.7	us-gov-public-domain	30 CFR 100.7; PART 100 - CRITERIA AND PROCEDURES FOR PROPOSED ASSESSMENT OF CIVIL PENALTIES; eCFR as of 2026-10-01
cfr30-100.8	100.8 Service.	https://www.ecfr.gov/on/2026-10-01/title-30/section-100.8	us-gov-public-domain	30 CFR 100.8; PART 100 - CRITERIA AND PROCEDURES FOR PROPOSED ASSESSMENT OF CIVIL PENALTIES; eCFR as of 2026-10-01
cfr30-104.1	104.1 Purpose and scope.	https://www.ecfr.gov/on/2026-10-01/title-30/section-104.1	us-gov-public-domain	30 CFR 104.1; PART 104 - PATTERN OF VIOLATIONS; eCFR as of 2026-10-01
cfr30-104.2	104.2 Pattern criteria.	https://www.ecfr.gov/on/2026-10-01/title-30/section-104.2	us-gov-public-domain	30 CFR 104.2; PART 104 - PATTERN OF VIOLATIONS; eCFR as of 2026-10-01
cfr30-104.3	104.3 Issuance of notice.	https://www.ecfr.gov/on/2026-10-01/title-30/section-104.3	us-gov-public-domain	30 CFR 104.3; PART 104 - PATTERN OF VIOLATIONS; eCFR as of 2026-10-01
cfr30-104.4	104.4 Termination of notice.	https://www.ecfr.gov/on/2026-10-01/title-30/section-104.4	us-gov-public-domain	30 CFR 104.4; PART 104 - PATTERN OF VIOLATIONS; eCFR as of 2026-10-01
